Filing.Date	Trade.Date	Ticker	Company Name	Insider.Name	Title	Trade.Type	Price	Qty	Owned	ΔOwn	Value	totalValue	Filing.Time	DaysToFile	d0_OHLC	d1_OHLC	d2_OHLC	d3_OHLC	d4_OHLC	d5_OHLC	d6_OHLC	d7_OHLC	d8_OHLC	d9_OHLC	d10_OHLC	d11_OHLC	d12_OHLC	d13_OHLC	d14_OHLC	d15_OHLC	d16_OHLC	d17_OHLC	d18_OHLC	d19_OHLC	d20_OHLC	d21_OHLC	d22_OHLC	d23_OHLC	d24_OHLC	d25_OHLC	d26_OHLC	d27_OHLC	d28_OHLC	d29_OHLC	d30_OHLC	d31_OHLC	d32_OHLC	d33_OHLC	d34_OHLC	d35_OHLC	d36_OHLC	d37_OHLC	d38_OHLC	d39_OHLC	d40_OHLC	d41_OHLC	d42_OHLC	d43_OHLC	d44_OHLC	d45_OHLC	d46_OHLC	d47_OHLC
2025-01-08	2024-12-31	SGA	Saga Communications Inc	Gate City Capital Management, LLC	10%	P - Purchase	11.25	240609	863,845	+39%	+$2,706,755	2706851.25	11:19:45	8	11.25	11.2025001049042	11.6449999809265	11.7199997901917	11.6100001335144	11.7174999713898	11.522500038147	11.4424998760224	11.7049999237061	11.8524997234344	11.6849999427795	11.789999961853	12.0724999904633	12.2874999046326	12.3899998664856	12.4174997806549	12.4625000953674	12.375	12.4174997806549	12.4125001430512	12.4349999427795	12.5674998760223	12.6824998855591	12.7150001525879	12.8850002288819	12.8199999332428	12.5824997425079	12.3999998569488	12.3549997806549	12.4324998855591	12.6399998664856	12.3449997901917	12.2000000476837	12.1325001716614	12.0999999046326	11.9849998950958	11.6600000858307	11.6400001049042	11.3900001049042	11.3250000476837	11.2574996948242	11.0025000572205	10.8899998664856	11.1750001907349	11.3949999809265			
2025-01-03	2024-12-31	VRSN	Verisign Inc/Ca	Berkshire Hathaway Inc	10%	P - Purchase	204.71	20044	13,289,880	0%	+$4,103,142	4103207.24	20:27:23	3	204.71	207.455001831055	205.189998626709	210.404998779297	210.869998931885	209.720001220703	209.174999237061	207.860000610352	210.152500152588	210.325004577637	210.467498779297	211.017501831055	209.865001678467	208.202499389648	206.55249786377	208.409999847412	211.80249786377	213.757499694824	213.847499847412	214.25	215.702499389648	214.197498321533	218.565002441406	219.757499694824	220.579998016357	219.869998931885	221.797504425049	224.292499542236	226.524997711182	228.792499542237	228.58500289917	230.504997253418	231.119998931885	232.4375	233.399997711182	232.782497406006	235.819999694824	237.952499389649	236.55249786377	236.10249710083	239.505001068115							
2025-01-03	2024-12-31	WHLM	Wilhelmina International, Inc.	Lichtenstein Warren G	See Explanation of Responses, 10%	P - Purchase	3.55	333444	983,773	+51%	+$1,182,159	1183726.2	20:03:31	3	3.55	3.54250001907349	3.52999997138977	3.50624996423721	3.58249998092651	3.54999995231628	3.61250001192093	3.54999995231629	3.45000004768372	3.46249997615815	3.37250006198883	3.38000011444092	3.29124999046326	3.44500005245208	3.56000000238419	3.64999997615815	3.55999994277954	3.55999994277954	3.57500004768372	3.52630001306534	3.50999999046326	3.67000007629395	3.67000007629395	3.67000007629395	3.67000007629395	3.55499994754792	3.55250000953675	3.55499994754792	3.54999995231629	3.58999991416931	3.47250002622604	3.53999996185303	3.69499999284745	3.53249996900558	3.67675000429154	3.60500001907349	3.51999998092652	3.50187504291534	3.74400001764298	3.75999999046326	3.57999992370605							
2025-01-02	2024-12-30	FUND	Sprott Focus Trust Inc.	George W Whitney	Senior Portfolio Manager, 10%	P - Purchase	7.27	323896	13,392,846	+2%	+$2,354,724	2354723.92	20:09:05	3	7.27	7.29500019550324	7.35750007629395	7.40249991416931	7.49499988555908	7.4375	7.34999990463257	7.31500005722046	7.34000015258789	7.48000013828278	7.59500002861023	7.64499998092652	7.66499996185303	7.72749984264374	7.70999991893768	7.65999984741211	7.65499997138977	7.6175000667572	7.61000013351441	7.62499988079071	7.65749990940094	7.6175000667572	7.55750000476837	7.6175000667572	7.67750000953674	7.72000002861023	7.64999997615814	7.68500006198883	7.71750009059906	7.69249999523163	7.6875	7.70749998092651	7.71249997615814	7.71249997615814	7.69999980926514	7.63750004768372	7.57000017166137	7.52250003814697	7.5200002193451	7.48000001907349	7.42499995231629							
2025-01-02	2024-12-30	ANAB	Anaptysbio, Inc	Ecor1 Capital, LLC	Dir, 10%	P - Purchase	12.92	85098	7,880,094	+1%	+$1,099,642	1099466.16	18:17:02	3	12.92	13.289999961853	13.3112499713898	14.3112499713898	15.0674998760224	15.0674998760224	14.5750000476837	14.0349998474121	14.25	14.9192500114441	15.2762498855591	15.2114999294281	15.6212503910065	16.5037498474121	16.5425000190735	16.2599995136261	16.7324995994568	17.1212496757508	17.6612501144409	17.5625	17.4449996948242	17.7712502479554	17.2337498664856	16.9900002479553	16.3049998283386	15.9275000095368	15.2999997138977	13.6875002384186	12.6412498950959	14.3974997997284	17.9537506103515	20.2024993896485	20.5374999046326	19.7625002861023	19.2525000572205	18.7199997901917	17.8175001144409	17.1225004196167	17.1725001335144	16.6949996948242	17.8625001907349							
2025-01-02	2024-12-30	ZYME	Zymeworks Inc.	Ecor1 Capital, LLC	Dir, 10%	P - Purchase	14.64	363369	15,185,959	+2%	+$5,321,176	5319722.16	17:51:58	3	14.64	14.6000001430512	14.7249999046326	15.8824996948242	14.8499999046326	14.2825002670288	14.133749961853	13.4625000953675	13.5574998855591	13.8100001811981	14.0650000572205	14.25	13.9249999523163	14.1612501144409	14.4849998950958	14.6849999427796	14.6112501621246	14.5874998569489	14.5025000572205	14.6312499046326	14.7549998760224	14.7050001621246	14.5424997806549	14.522500038147	14.6262497901917	14.9312500953675	14.5537497997284	14.2899997234345	13.6274998188019	13.6154999732971	14.4649996757507	14.8762497901916	14.8432500362396	14.6924998760223	14.3625001907349	14.2087500095368	14.1450002193451	13.6899998188019	13.7925000190735	13.642499923706	13.3699996471405							
2025-01-02	2024-12-30	GRTX	Galera Therapeutics, Inc.	Chang Nancy T	Dir, 10%	P - Purchase	0.07	7644932	7,644,932	New	+$499,979	535145.24	16:12:36	3	0.07	0.0430000005289913	0.0434999987483024	0.047749999910593	0.0537499999627471	0.0509999999776483	0.0492499992251396	0.0492499992251396	0.0492499992251396	0.0484999995678663	0.0462499996647239	0.0457500014454126	0.0450000017881393	0.0465000011026859	0.0449999999254942	0.0467499997466803	0.0472500007599592	0.0455000000074506	0.0447499994188547	0.0452499995008111	0.0445000007748604	0.0437500011175871	0.0447500003501773	0.0457500014454126	0.0442500002682209	0.0457499995827675	0.0432500001043081	0.0432500010356307	0.0425000004470348	0.0412499997764826	0.0400000000372529	0.0399999991059304	0.0409999992698431	0.0422499999403953	0.042250000871718	0.0430000014603138	0.0417500007897616	0.0412500007078052	0.0420000012964011	0.0419999994337559	0.0405000001192093							
2025-01-02	2024-12-31	MEGI	Nyli Cbre Global Infrastructure Megatrends Term Fund	Saba Capital Management, L.P.	10%	P - Purchase	12.16	45553	5,775,813	+1%	+$553,924	553924.48	13:28:15	2	12.16	12.4674999713898	12.6500000953675	12.6575002670288	12.5864999294281	12.4500002861023	12.3149998188019	12.1425001621247	12.1199998855591	12.289999961853	12.5050001144409	12.763750076294	12.9624998569488	12.8387501239777	12.6500000953674	12.7322499752045	12.5062499046326	12.4897499084473	12.4124999046326	12.414999961853	12.5640001296997	12.3724999427796	12.4092497825622	12.4747500419617	12.4925000667572	12.4824998378754	12.5349998474121	12.4875001907349	12.4212498664856	12.4525001049042	12.5349996089935	12.5590000152588	12.5600001811981	12.5802500247955	12.6200001239777	12.5374999046326	12.5499997138977	12.5199999809265	12.4324998855591	12.4574999809265								
2025-01-02	2024-12-31	BIGZ	Blackrock Innovation & Growth Term Trust	Saba Capital Management, L.P.	10%	P - Purchase	7.49	108299	60,156,126	0%	+$811,160	811159.51	13:21:18	2	7.49	7.46749997138977	7.56500005722046	7.70499992370605	7.69752502441406	7.64250004291535	7.54352498054505	7.57000017166138	7.63894999027252	7.70000004768372	7.75750017166138	7.81749999523163	8.19947504997253	8.20749998092651	8.20055007934571	8.20499992370605	8.03250002861023	8.07499992847443	8.12874984741211	8.17249989509583	8.22374987602234	8.05499994754791	8.13500022888184	8.2024998664856	8.21249985694885	8.18499994277954	8.21875	8.2262499332428	8.16624975204468	8.20749974250794	8.11249995231628	8.10070013999939	8.09750008583069	7.957475066185	7.7224999666214	7.63750004768372	7.46249997615814	7.39499998092651	7.22499990463257	7.12749993801117								
2024-12-31	2024-12-27	TTSH	Tile Shop Holdings, Inc.	Fund 1 Investments, LLC	10%	P - Purchase	6.85	174699	11,227,208	+2%	+$1,197,221	1196688.15	17:38:00	4	6.85	6.84249997138977	6.88499999046326	6.94249999523163	7.0149998664856	7.01499998569489	6.875	6.7700001001358	6.67999982833862	6.65249991416931	6.68500006198883	6.82749998569489	7.04499995708466	7.0550000667572	7.01999998092651	7.02500009536743	7.06749987602234	7.11249995231629	7.30249989032746	7.30499994754791	7.35750007629395	7.42999994754791	7.51499998569489	7.34500002861023	7.2224999666214	7.2425000667572	7.3199999332428	7.375	7.36750006675721	7.32000005245209	7.32999992370606	7.5074999332428	7.57749998569489	7.63499999046326	7.5900000333786	7.56749999523163	7.57249987125397	7.56249988079071	7.625	7.66500008106232	7.51999998092652	7.48000001907349						
2024-12-31	2024-12-30	KALA	Kala Bio, Inc.	Baker Bros. Advisors LP	10%	P - Purchase	6.44	310559	1,083,398	+40%	+$2,000,000	1999999.96	16:00:18	1	6.44	6.88775002956391	7.8199999332428	7.98000013828277	7.78250014781952	7.64699995517731	7.19350004196167	6.83500003814697	6.66375005245209	6.63100004196167	6.82875001430512	7.08875000476837	7.21750009059906	7.45749998092651	7.67500007152558	7.93299996852875	8.14399993419648	8.16124987602234	8.52700018882752	8.69249987602234	9.10249996185303	9.30749988555908	9.17249989509583	9.36475014686584	9.44999980926513	10.1549999713898	10.7949998378754	10.6324999332428	10.4574999809265	7.85525012016296	7.50750017166138	8.14374995231628	7.79750001430512	7.0587500333786	6.78250002861023	6.77249991893769	6.59574997425079	6.57425010204315	6.57999992370606	6.89474999904633	6.97099995613098							
2024-12-31	2024-12-27	BIGZ	Blackrock Innovation & Growth Term Trust	Saba Capital Management, L.P.	10%	P - Purchase	7.47	431872	60,047,827	+1%	+$3,228,114	3226083.84	11:59:03	4	7.47	7.42499995231629	7.45249998569489	7.46749997138977	7.56500005722046	7.70499992370605	7.69752502441406	7.64250004291535	7.54352498054505	7.57000017166138	7.63894999027252	7.70000004768372	7.75750017166138	7.81749999523163	8.19947504997253	8.20749998092651	8.20055007934571	8.20499992370605	8.03250002861023	8.07499992847443	8.12874984741211	8.17249989509583	8.22374987602234	8.05499994754791	8.13500022888184	8.2024998664856	8.21249985694885	8.18499994277954	8.21875	8.2262499332428	8.16624975204468	8.20749974250794	8.11249995231628	8.10070013999939	8.09750008583069	7.957475066185	7.7224999666214	7.63750004768372	7.46249997615814	7.39499998092651	7.22499990463257	7.12749993801117						
2024-12-31	2024-12-26	ZIVO	Zivo Bioscience, Inc.	Strome Mark E	10%	P - Purchase	20.19	75000	398,683	+23%	+$1,514,250	1514250	06:47:29	5	20.19	20.4724998474121	20.8899993896484	19.9150004386902	20.517499923706	20.7950000762939	19.7474999427796	19.5300002098084	19.2200002670288	19.1500000953674	18.6974997520447	18.2200002670288	18.1949996948242	18.75	18.5	18.125	17.4650001525879	17.3800001144409	18.4399995803833	17.5750002861023	18.3250002861023	19.0900001525879	18.9100003242493	19.4299993515015	20.6925001144409	20.875	20.75	19.9899997711182	19.75	18.6675000190735	19.75	20.4274997711182	20.9599990844727	20.9599990844727	18.8000001907349	18.2525000572205	20.3174996376038	21.4899997711182	19.9449996948242	18.9799995422364	19.9599990844727	20.5	19.7999992370605					
2024-12-30	2024-12-26	VRSN	Verisign Inc/Ca	Berkshire Hathaway Inc	10%	P - Purchase	203.62	76487	13,269,836	+1%	+$15,574,537	15574282.94	20:22:24	4	203.62	204.104995727539	204.607501983643	207.520000457764	207.455001831055	205.189998626709	210.404998779297	210.869998931885	209.720001220703	209.174999237061	207.860000610352	210.152500152588	210.325004577637	210.467498779297	211.017501831055	209.865001678467	208.202499389648	206.55249786377	208.409999847412	211.80249786377	213.757499694824	213.847499847412	214.25	215.702499389648	214.197498321533	218.565002441406	219.757499694824	220.579998016357	219.869998931885	221.797504425049	224.292499542236	226.524997711182	228.792499542237	228.58500289917	230.504997253418	231.119998931885	232.4375	233.399997711182	232.782497406006	235.819999694824	237.952499389649	236.55249786377						
2024-12-30	2024-12-26	MCFT	Mastercraft Boat Holdings, Inc.	Coliseum Capital Management, LLC	10%	P - Purchase	18.66	189945	6,989,138	+3%	+$3,543,949	3544373.7	20:22:11	4	18.66	18.6249995231629	18.6319994926453	19.375	18.8450002670288	18.5687503814698	18.7812495231629	18.3125004768372	17.9722499847412	17.9412498474121	17.8000001907349	18.0025000572205	18.4224996566773	18.3674998283387	18.5822501182556	18.6599998474121	18.6637501716614	18.8049998283386	18.7424998283386	18.8475003242493	18.5249996185303	18.2750000953674	18.7350001335144	18.4012498855591	17.8649997711182	17.9624996185303	18.0974998474121	20.3175001144409	20.3724999427795	19.5675001144409	19.1887502670288	18.9237494468689	19.0475001335144	19.2474999427795	18.9562497138977	18.4827499389648	18.2077498435974	18.2149996757507	18.1787505149841	18.2874999046326	18.4449996948242	17.9052495956421						
2024-12-30	2024-12-26	GSAT	Globalstar, Inc.	Monroe James III	Dir, 10%	P - Purchase	2.12	1500000	1,103,945,953	0%	+$3,177,250	3180000	09:25:31	4	2.12	31.9500002861023	31.949999332428	32.2124991416931	31.9124999046326	32.8125	33.4874992370606	32.5874996185303	30.3000001907349	28.7249999046326	27.6749997138977	27.6749997138977	28.2375001907349	27.8249998092652	28.4625000953674	28.7624998092652	29.1750006675721	28.5	29.4000000953675	28.2374997138977	28.2374997138978	22.2374997138977	22.7625002861023	22.6875004768372	22.0500001907349	22.9500002861023	23.3250002861023	24.0750002861023	23.25	23.6999998092652	25.4024996757508	22.3025002479553	21.6725001335144	22.3849997520447	22.647500038147	22.7474999427795	22.3850002288818	21.5549998283386	20.5675001144409	19.9099998474121	21.0300002098084	21.7574996948242						
2024-12-27	2024-12-24	ZYME	Zymeworks Inc.	Ecor1 Capital, LLC	Dir, 10%	P - Purchase	14.44	130309	14,822,590	+1%	+$1,882,115	1881661.96	18:41:06	3	14.44	14.210000038147	14.3917500972748	14.3927500247955	14.6000001430512	14.7249999046326	15.8824996948242	14.8499999046326	14.2825002670288	14.133749961853	13.4625000953675	13.5574998855591	13.8100001811981	14.0650000572205	14.25	13.9249999523163	14.1612501144409	14.4849998950958	14.6849999427796	14.6112501621246	14.5874998569489	14.5025000572205	14.6312499046326	14.7549998760224	14.7050001621246	14.5424997806549	14.522500038147	14.6262497901917	14.9312500953675	14.5537497997284	14.2899997234345	13.6274998188019	13.6154999732971	14.4649996757507	14.8762497901916	14.8432500362396	14.6924998760223	14.3625001907349	14.2087500095368	14.1450002193451								
2024-12-27	2024-12-24	PSEC	Prospect Capital Corp	Barry John F	CEO, 10%	P - Purchase	4.29	2e+06	79,809,610	+3%	+$8,580,000	8580000	16:01:10	3	4.29	4.32249999046326	4.26500010490418	4.24249994754792	4.28249990940094	4.32249999046326	4.34249997138977	4.32999992370605	4.30499994754791	4.2649998664856	4.21499991416931	4.21249997615814	4.2574999332428	4.29499995708466	4.3050000667572	4.32249999046326	4.35500001907349	4.37750005722046	4.36500000953674	4.37500011920929	4.38500010967255	4.375	4.26249992847443	4.29500007629395	4.30000007152557	4.23500001430511	4.25499999523163	4.22749996185303	4.23999989032745	4.20999991893768	4.19249999523163	4.21000003814697	4.31499993801117	4.36000001430511	4.36000001430511	4.39750003814697	4.43249988555908	4.42999994754791	4.44249987602234	4.39250004291535								
2024-12-27	2024-12-23	ENX	Eaton Vance New York Municipal Bond Fund	Saba Capital Management, L.P.	10%	P - Purchase	9.44	53603	3,289,536	+2%	+$505,772	506012.32	14:05:19	4	9.44	9.40250015258789	9.47000002861023	9.5	9.58500027656555	9.56499981880188	9.65999984741211	9.74500012397766	9.72250008583069	9.60999989509583	9.57750010490417	9.49500012397766	9.4850001335144	9.46999955177307	9.54250001907348	9.52999973297119	9.55250000953674	9.58249998092652	9.59249997138977	9.64249992370605	9.64249992370605	9.63499999046326	9.63499999046326	9.61000013351441	9.62499976158142	9.62750005722046	9.65750002861023	9.68499994277954	9.76750016212463	9.81500005722046	9.7649998664856	9.79250001907349	9.74750018119812	9.64249992370605	9.68999981880188	9.6725001335144	9.66499996185303	9.6949999332428	9.6949999332428	9.69999980926514	9.69249963760376							
2024-12-27	2024-12-26	BIGZ	Blackrock Innovation & Growth Term Trust	Saba Capital Management, L.P.	10%	P - Purchase	7.65	69719	59,615,955	0%	+$533,350	533350.35	13:59:13	1	7.65	7.52874994277954	7.42499995231629	7.45249998569489	7.46749997138977	7.56500005722046	7.70499992370605	7.69752502441406	7.64250004291535	7.54352498054505	7.57000017166138	7.63894999027252	7.70000004768372	7.75750017166138	7.81749999523163	8.19947504997253	8.20749998092651	8.20055007934571	8.20499992370605	8.03250002861023	8.07499992847443	8.12874984741211	8.17249989509583	8.22374987602234	8.05499994754791	8.13500022888184	8.2024998664856	8.21249985694885	8.18499994277954	8.21875	8.2262499332428	8.16624975204468	8.20749974250794	8.11249995231628	8.10070013999939	8.09750008583069	7.957475066185	7.7224999666214	7.63750004768372									
2024-12-27	2024-12-23	MIO	Pioneer Municipal High Income Opportunities Fund, Inc.	Saba Capital Management, L.P.	10%	P - Purchase	11.85	52843	2,051,327	+3%	+$626,112	626189.55	13:45:08	4	11.85	11.825450181961	11.8462500572205	11.9175000190735	11.9300000667572	11.9174997806549	11.9712500572205	11.9787502288819	12.0327498912811	12.039999961853	12.0050001144409	11.9549999237061	11.9474999904633	11.9025001525879	11.870924949646	11.8449997901917	11.8950002193451	11.9450001716614	11.982500076294	11.9749999046326	11.9562499523163	11.9988250732422	12.0025000572205	12.0350000858307	12.0699999332428	12.0425002574921	12.0779001712799	12.0524997711182	12.0824999809265	12.109750032425	12.0875000953675	12.0963501930237	12.1102323532104	12.0474998950958	12.0448749065399	12.039999961853	12.0036246776581	12.0812501907349	12.1224999427796	12.0837500095368	12.039999961853							
2024-12-27	2024-12-23	MHI	Pioneer Municipal High Income Fund, Inc.	Saba Capital Management, L.P.	10%	P - Purchase	9.28	89148	4,057,625	+2%	+$826,865	827293.44	13:00:45	4	9.28	9.28500032424927	9.29285001754761	9.29499983787537	9.28979992866516	9.28750014305115	9.375	9.40750002861023	9.43250012397766	9.39875006675721	9.38874983787537	9.32999992370605	9.3675000667572	9.36500000953674	9.42499971389771	9.40749979019165	9.39750003814697	9.41007471084595	9.40749979019165	9.3675000667572	9.37124967575073	9.41125011444091	9.40999984741211	9.43124985694885	9.45499992370605	9.42747497558594	9.45459985733032	9.4612500667572	9.46624970436096	9.49749970436096	9.46249985694885	9.48300004005432	9.46499967575073	9.3527250289917	9.37999987602234	9.41999983787536	9.37625002861023	9.37575006484985	9.35500025749207	9.37575006484986	9.36909985542297							
2024-12-26	2024-12-18	TTSH	Tile Shop Holdings, Inc.	Fund 1 Investments, LLC	10%	P - Purchase	6.75	696129	10,977,074	+7%	+$4,697,853	4698870.75	21:00:45	8	6.75	6.85749995708466	6.76999998092651	6.76249992847443	6.61500000953674	6.62000000476837	6.75249993801117	6.84249997138977	6.88499999046326	6.94249999523163	7.0149998664856	7.01499998569489	6.875	6.7700001001358	6.67999982833862	6.65249991416931	6.68500006198883	6.82749998569489	7.04499995708466	7.0550000667572	7.01999998092651	7.02500009536743	7.06749987602234	7.11249995231629	7.30249989032746	7.30499994754791	7.35750007629395	7.42999994754791	7.51499998569489	7.34500002861023	7.2224999666214	7.2425000667572	7.3199999332428	7.375	7.36750006675721	7.32000005245209	7.32999992370606	7.5074999332428	7.57749998569489	7.63499999046326	7.5900000333786	7.56749999523163	7.57249987125397					
2024-12-26	2024-12-20	FATE	Fate Therapeutics Inc	Redmile Group, LLC	Dir, 10%	P - Purchase	1.68	397964	12,884,277	+3%	+$668,580	668579.52	21:00:15	6	1.68	1.64250001311302	1.65249997377396	1.61999997496605	1.64750003814697	1.59999999403953	1.62999999523163	1.74749997258186	1.80500000715256	1.87250000238419	1.80750000476837	1.69499999284745	1.54250001907349	1.36750000715256	1.22749996185303	1.3125	1.2775000333786	1.27249997854233	1.30750000476837	1.33000001311302	1.34000000357628	1.32250002026558	1.34749999642372	1.33249998092651	1.30749997496605	1.35499998927116	1.34499996900558	1.26249998807907	1.27749997377396	1.3875000178814	1.40249997377396	1.33249998092651	1.25999999046326	1.21500000357628	1.2175000011921	1.2674999833107	1.39749997854233	1.55500000715256	1.61499997973442	1.625	1.49500000476837							
2024-12-26	2024-12-20	VRSN	Verisign Inc/Ca	Berkshire Hathaway Inc	10%	P - Purchase	199.05	143424	13,193,349	+1%	+$28,547,896	28548547.2	18:56:31	6	199.05	199.735004425049	200.557495117188	202.014999389648	204.104995727539	204.607501983643	207.520000457764	207.455001831055	205.189998626709	210.404998779297	210.869998931885	209.720001220703	209.174999237061	207.860000610352	210.152500152588	210.325004577637	210.467498779297	211.017501831055	209.865001678467	208.202499389648	206.55249786377	208.409999847412	211.80249786377	213.757499694824	213.847499847412	214.25	215.702499389648	214.197498321533	218.565002441406	219.757499694824	220.579998016357	219.869998931885	221.797504425049	224.292499542236	226.524997711182	228.792499542237	228.58500289917	230.504997253418	231.119998931885	232.4375	233.399997711182							
2024-12-26	2024-12-23	UAN	Cvr Partners, LP	Icahn Carl C	10%	P - Purchase	74.43	7197	4,061,654	0%	+$535,706	535672.71	18:04:24	3	74.43	75.5949993133545	75.5725002288818	75.2674999237061	75.0100002288819	75.6649990081787	76.8125	76.8549995422363	76.9000015258789	75.8325004577637	75.0325012207031	74.9174995422363	77.3374996185303	79.7275009155274	81.7849998474122	83.5349998474121	83.8300018310547	83.6800003051758	82.5574989318848	81.8000011444092	82.1749992370606	81.672498703003	81.6300010681153	82.6975002288818	82.4799995422363	81.8299999237061	80.9424991607666	81.6774997711182	81.8199996948242	80.857500076294	79.8750019073486	79.4799995422363	79.6375007629395	77.8400001525879	77.0224990844727	76.9899997711182	78.0249996185303	78.2849998474121	80.9000015258789	80.7250003814697								
2024-12-26	2024-12-23	TTSH	Tile Shop Holdings, Inc.	Fund 1 Investments, LLC	10%	P - Purchase	6.68	75435	11,052,509	+1%	+$503,533	503905.8	17:32:52	3	6.68	6.61500000953674	6.62000000476837	6.75249993801117	6.84249997138977	6.88499999046326	6.94249999523163	7.0149998664856	7.01499998569489	6.875	6.7700001001358	6.67999982833862	6.65249991416931	6.68500006198883	6.82749998569489	7.04499995708466	7.0550000667572	7.01999998092651	7.02500009536743	7.06749987602234	7.11249995231629	7.30249989032746	7.30499994754791	7.35750007629395	7.42999994754791	7.51499998569489	7.34500002861023	7.2224999666214	7.2425000667572	7.3199999332428	7.375	7.36750006675721	7.32000005245209	7.32999992370606	7.5074999332428	7.57749998569489	7.63499999046326	7.5900000333786	7.56749999523163	7.57249987125397								
2024-12-26	2024-12-24	HWH	Hwh International Inc.	Chan Heng Fai Ambrose	Dir, 10%	P - Purchase	0.45	1300000	12,687,954	+11%	+$585,000	585000	17:15:05	2	0.45	2.6112499833107	3.20625001192093	3.03250002861023	3.14249992370605	3.32749998569489	2.19874998927116	2.32749998569489	2.25750005245209	2.08499994874001	2.08749997615814	1.93124997615814	1.93749997019768	1.94625002145767	1.91374999284744	1.94125002622605	1.68499997258187	1.57499998807907	1.47749999165535	1.41875001788139	2.59250006079674	2.2150000333786	1.9337500333786	2.22624999284744	2.10375002026558	2.05250000953675	1.97749999165535	1.94749996066093	1.83124998211861	1.84624999761582	1.77624997496605	1.77000001072884	1.71749997138977	1.65625	1.63374999165535	1.61500000953674	1.59874999523163	1.37999996542931	1.39499998092651									
2024-12-26	2024-12-23	BNTC	Benitec Biopharma Inc.	Suvretta Capital Management, LLC	Dir, 10%	P - Purchase	11.09	47520	960,554	+5%	+$527,174	526996.8	16:28:03	3	11.09	11.397500038147	11.6682500839234	11.8512499332428	12.1825001239777	12.4725000858307	12.3974997997284	12.0675001144409	11.8800001144409	11.3849999904633	11.212500333786	10.9149999618531	10.5675001144409	10.3837502002716	10.6037499904632	10.9202499389649	10.7750000953675	10.6425001621247	10.7894999980927	10.727499961853	10.7325000762939	10.8349997997284	10.8099999427795	10.7850000858307	10.8899998664856	11.1199998855591	11.7012503147125	12.0924999713898	11.9425001144409	11.6667497158051	10.9650001525878	10.8875002861023	10.6299996376038	10.4849998950958	10.1375000476837	10.7624998092651	11.3737502098083	11.272500038147	11.3275001049042	11.5462501049042								
2024-12-26	2024-12-23	ANEB	Anebulo Pharmaceuticals, Inc.	English Aron R.	Dir, 10%	P - Purchase	0.99	10101010	20,121,828	+101%	+$10,000,000	9999999.9	16:15:08	3	0.99	1.37750002741814	1.56850001215934	1.75750002264977	1.6424999833107	1.69924998283386	1.60175001621246	1.59000000357628	1.62250000238419	1.62349998950959	1.57049998641014	1.52200001478195	1.50175002217293	1.56499996781349	1.64800000190735	1.60749998688698	1.64000004529953	1.59999996423722	1.59874999523163	1.53325000405312	1.51950001716614	1.51175001263619	1.52249997854233	1.53999996185303	1.58925002813339	1.511500030756	1.55974999070168	1.50049996376038	1.51000005006791	1.62000000476837	1.54000005126	1.53500002622604	1.47049999237061	1.43500000238419	1.39500004053116	1.36000001430512	1.45250001549721	1.46249997615814	1.46124997735024	1.33249998092652								
2024-12-26	2024-12-19	ZYME	Zymeworks Inc.	Ecor1 Capital, LLC	Dir, 10%	P - Purchase	13.98	1254808	14,692,281	+9%	+$17,544,284	17542215.84	12:46:34	7	13.98	13.6599998474121	14.1374998092651	14.158750295639	14.210000038147	14.3917500972748	14.3927500247955	14.6000001430512	14.7249999046326	15.8824996948242	14.8499999046326	14.2825002670288	14.133749961853	13.4625000953675	13.5574998855591	13.8100001811981	14.0650000572205	14.25	13.9249999523163	14.1612501144409	14.4849998950958	14.6849999427796	14.6112501621246	14.5874998569489	14.5025000572205	14.6312499046326	14.7549998760224	14.7050001621246	14.5424997806549	14.522500038147	14.6262497901917	14.9312500953675	14.5537497997284	14.2899997234345	13.6274998188019	13.6154999732971	14.4649996757507	14.8762497901916	14.8432500362396	14.6924998760223	14.3625001907349	14.2087500095368						
2024-12-26	2024-12-23	GSAT	Globalstar, Inc.	Monroe James III	Dir, 10%	P - Purchase	1.94	1e+06	1,102,445,953	0%	+$1,943,750	1940000	09:25:15	3	1.94	29.3999996185303	30.8625001907349	31.9500002861023	31.949999332428	32.2124991416931	31.9124999046326	32.8125	33.4874992370606	32.5874996185303	30.3000001907349	28.7249999046326	27.6749997138977	27.6749997138977	28.2375001907349	27.8249998092652	28.4625000953674	28.7624998092652	29.1750006675721	28.5	29.4000000953675	28.2374997138977	28.2374997138978	22.2374997138977	22.7625002861023	22.6875004768372	22.0500001907349	22.9500002861023	23.3250002861023	24.0750002861023	23.25	23.6999998092652	25.4024996757508	22.3025002479553	21.6725001335144	22.3849997520447	22.647500038147	22.7474999427795	22.3850002288818	21.5549998283386								
2024-12-23	2024-12-19	ASMB	Assembly Biosciences, Inc.	Gilead Sciences, Inc.	10%	P - Purchase	21.37	940499	2,209,471	+74%	+$20,098,464	20098463.63	20:26:39	4	21.37	15.5425000190735	15.1800003051758	15.1050000190735	15.5200002193451	15.2400000095367	15.6125001907349	15.8749997615814	16.5350000858307	17.512499332428	17.3525004386902	17.2625002861023	16.9050002098084	16.162499666214	15.1400001049042	14.9999997615814	14.7850000858307	14.4949998855591	14.3699998855591	14.5075001716614	14.625	14.7324998378754	14.6600000858307	14.2300000190735	14.2475001811981	14.1049997806549	14.2699999809265	14.1600000858307	13.9275002479554	13.8125002384186	13.9199998378754	13.8200001716614	13.4450001716614	13.4450001716614	13.2349998950958	12.7674999237061	12.4150002002716	12.7550001144409	12.602499961853	12.7449998855591	12.9875001907348							
2024-12-23	2024-12-19	RNAC	Cartesian Therapeutics, Inc.	Springer Timothy A	Dir, 10%	P - Purchase	18.49	52189	9,368,388	+1%	+$965,021	964974.61	17:20:43	4	18.49	19.1474995613098	19.1647500991821	19.3157496452332	19.0974998474121	19.6300001144409	18.9262499809265	18.1875	17.4674997329712	16.9275002479553	17.2174992561341	17.571249961853	16.9137496948242	16.7249999046326	17.4549999237061	18.2387504577637	18.7074999809266	19.4900007247925	19.25	19.612250328064	19.1362495422363	19.1050000190735	19.4075002670288	19.3187499046326	19.6574997901917	19.4362497329712	19.5874996185303	19.5249996185303	19.4224996566772	19.3199996948242	19.0750002861023	19.0774998664856	18.4725003242493	18.4000000953674	18.3724999427796	18.5450000762939	19.0199999809265	19.4225001335144	19.669499874115	19.4037499427796	19.4675002098084							
2024-12-23	2024-12-23	MRKR	Marker Therapeutics, Inc.	New Enterprise Associates 16, L.P.	10%	P - Purchase	3.2	554250	1,625,678	+52%	+$1,773,600	1773600	16:40:48	0	3.2	3.52000004053116	3.41749995946884	3.41750001907349	3.38249999284744	3.24249994754791	3.2049999833107	3.25750005245209	3.18249994516373	3.05750000476837	2.91749995946884	2.88249999284744	2.74250000715256	2.61250001192093	2.64499998092651	2.69249999523163	2.58500003814697	2.23999997973442	2.18500000238419	2.2600000500679	2.22749996185303	2.01750004291534	2.00250002741814	2.00499999523163	1.94999995827675	1.86750000715256	1.75249996781349	1.81999999284745	1.97749996185303	1.97499999403954	1.85250002145767	1.76499998569488	1.70749998092651	1.56499999761582	1.64750000834465	1.72749999165535	1.64750000834465	1.58499997854233	1.59249997138977									
2024-12-23	2024-12-19	EVM	Eaton Vance California Municipal Bond Fund	Saba Capital Management, L.P.	10%	P - Purchase	9.22	73044	3,774,270	+2%	+$673,473	673465.68	10:20:02	4	9.22	9.19000005722046	9.15249991416931	9.1875	9.20999979972839	9.20250010490417	9.21250009536744	9.22250008583069	9.29250025749207	9.32250022888183	9.36750006675721	9.37750005722046	9.3675000667572	9.30250000953674	9.3175003528595	9.29500007629395	9.25500011444092	9.25249981880188	9.29500031471252	9.29999995231628	9.33500003814697	9.39749979972839	9.40750002861023	9.42249989509583	9.44749975204468	9.43749976158142	9.42000007629395	9.44000005722046	9.42750000953674	9.38000011444092	9.47250008583069	9.48249983787537	9.47000002861023	9.4524998664856	9.44999980926514	9.33000016212464	9.34249997138977	9.33249974250793	9.34499979019165	9.34500002861023	9.33500003814697							
2024-12-23	2024-12-19	MAV	Pioneer Municipal High Income Advantage Fund, Inc.	Saba Capital Management, L.P.	10%	P - Purchase	8.51	91132	3,668,522	+3%	+$775,335	775533.32	10:11:58	4	8.51	8.49000000953674	8.45250010490418	8.45502495765686	8.45499992370606	8.47002506256103	8.46499991416931	8.45500016212464	8.47749972343445	8.53547501564026	8.5275251865387	8.52750015258789	8.53077483177185	8.47499990463257	8.48000025749207	8.484375	8.51167488098145	8.50500011444092	8.49750018119812	8.5200002193451	8.55312490463257	8.52250003814697	8.51250028610229	8.57329988479614	8.56750011444092	8.58500003814697	8.60499978065491	8.58499979972839	8.5625	8.57482528686523	8.6324999332428	8.68999981880188	8.65499997138977	8.61750030517578	8.53875017166138	8.45625019073487	8.46137499809265	8.53375005722046	8.55094981193543	8.58859992027283	8.59750008583069							
2024-12-23	2024-12-20	GSAT	Globalstar, Inc.	Monroe James III	Dir, 10%	P - Purchase	1.97	5e+05	1,101,445,953	0%	+$985,050	985000	09:27:32	3	1.97	29.2875003814698	29.3999996185303	30.8625001907349	31.9500002861023	31.949999332428	32.2124991416931	31.9124999046326	32.8125	33.4874992370606	32.5874996185303	30.3000001907349	28.7249999046326	27.6749997138977	27.6749997138977	28.2375001907349	27.8249998092652	28.4625000953674	28.7624998092652	29.1750006675721	28.5	29.4000000953675	28.2374997138977	28.2374997138978	22.2374997138977	22.7625002861023	22.6875004768372	22.0500001907349	22.9500002861023	23.3250002861023	24.0750002861023	23.25	23.6999998092652	25.4024996757508	22.3025002479553	21.6725001335144	22.3849997520447	22.647500038147	22.7474999427795	22.3850002288818								
2024-12-20	2024-12-18	TTSH	Tile Shop Holdings, Inc.	Fund 1 Investments, LLC	10%	P - Purchase	6.75	666226	10,947,171	+6%	+$4,494,798	4497025.5	18:35:13	2	6.75	6.85749995708466	6.76999998092651	6.76249992847443	6.61500000953674	6.62000000476837	6.75249993801117	6.84249997138977	6.88499999046326	6.94249999523163	7.0149998664856	7.01499998569489	6.875	6.7700001001358	6.67999982833862	6.65249991416931	6.68500006198883	6.82749998569489	7.04499995708466	7.0550000667572	7.01999998092651	7.02500009536743	7.06749987602234	7.11249995231629	7.30249989032746	7.30499994754791	7.35750007629395	7.42999994754791	7.51499998569489	7.34500002861023	7.2224999666214	7.2425000667572	7.3199999332428	7.375	7.36750006675721	7.32000005245209	7.32999992370606	7.5074999332428	7.57749998569489									
2024-12-20	2024-12-18	UAN	Cvr Partners, LP	Icahn Carl C	10%	P - Purchase	74.22	11589	4,054,457	0%	+$860,177	860135.58	18:13:20	2	74.22	74.0074996948243	73.8125	74.5625	75.5949993133545	75.5725002288818	75.2674999237061	75.0100002288819	75.6649990081787	76.8125	76.8549995422363	76.9000015258789	75.8325004577637	75.0325012207031	74.9174995422363	77.3374996185303	79.7275009155274	81.7849998474122	83.5349998474121	83.8300018310547	83.6800003051758	82.5574989318848	81.8000011444092	82.1749992370606	81.672498703003	81.6300010681153	82.6975002288818	82.4799995422363	81.8299999237061	80.9424991607666	81.6774997711182	81.8199996948242	80.857500076294	79.8750019073486	79.4799995422363	79.6375007629395	77.8400001525879	77.0224990844727	76.9899997711182									
2024-12-20	2024-12-19	SCISX	Ma Specialty Credit Income Fund	Ma Eagle II Holdings Fund	10%	P - Purchase	25.18	39714	2,728,743	+1%	+$1,000,000	999998.52	17:11:01	1	25.18	25.2099990844727	25.2199993133545	25.2299995422363	25.2399997711182	25.2600002288818	24.920000076294	24.920000076294	24.9400005340576	24.9599990844727	24.9599990844727	24.9699993133545	24.9799995422363	25	25.0100002288818	25.0100002288818	25.0200004577637	25.0200004577637	25.0499992370606	25.0499992370606	25.0599994659424	25.0699996948242	25.0900001525879	25.0900001525879	25.0799999237061	25.0900001525879	24.920000076294	24.920000076294	24.9400005340576	24.9500007629395	24.9500007629395	24.9599990844727	24.9799995422363	24.9799995422363	24.9899997711182	24.9899997711182	25	25.0400009155273										
2024-12-20	2024-12-18	PFX	Phenixfin Corp	Lorber David A	COB, CEO, 10%	P - Purchase	48.05	12871	223,805	+6%	+$618,422	618451.55	15:37:38	2	48.05	49.1500015258789	49.5340003967285	50.4149999618531	50.8950004577637	51	50.3320007324219	49.9547510147095	49.8209991455078	50.0800018310547	49	49	49.7540016174316	49.3010005950928	49.3380002975464	48.7450008392334	49.210000038147	48.8374996185303	48.75	49.4099998474122	49.5197496414185	48.9017496109009	49.3250007629395	48.6975002288819	48.4495000839234	48.9650001525879	49.2150001525879	49.5922498703003	49.25	48.9790000915528	49.3159999847412	48.4150009155274	47.9900016784668	48.5575008392334	49	48.460000038147	49.2124996185303	49.3104991912842	48.125									
2024-12-20	2024-12-19	GSAT	Globalstar, Inc.	Monroe James III	Dir, 10%	P - Purchase	1.89	5e+05	1,100,945,953	0%	+$943,700	945000	09:18:08	1	1.89	28.6875	29.2875003814698	29.3999996185303	30.8625001907349	31.9500002861023	31.949999332428	32.2124991416931	31.9124999046326	32.8125	33.4874992370606	32.5874996185303	30.3000001907349	28.7249999046326	27.6749997138977	27.6749997138977	28.2375001907349	27.8249998092652	28.4625000953674	28.7624998092652	29.1750006675721	28.5	29.4000000953675	28.2374997138977	28.2374997138978	22.2374997138977	22.7625002861023	22.6875004768372	22.0500001907349	22.9500002861023	23.3250002861023	24.0750002861023	23.25	23.6999998092652	25.4024996757508	22.3025002479553	21.6725001335144	22.3849997520447										
2024-12-19	2024-12-17	VRSN	Verisign Inc/Ca	Berkshire Hathaway Inc	10%	P - Purchase	193.77	234312	13,049,925	+2%	+$45,403,468	45402636.24	21:42:24	2	193.77	193.494998931885	192.542499542237	197.192497253418	199.735004425049	200.557495117188	202.014999389648	204.104995727539	204.607501983643	207.520000457764	207.455001831055	205.189998626709	210.404998779297	210.869998931885	209.720001220703	209.174999237061	207.860000610352	210.152500152588	210.325004577637	210.467498779297	211.017501831055	209.865001678467	208.202499389648	206.55249786377	208.409999847412	211.80249786377	213.757499694824	213.847499847412	214.25	215.702499389648	214.197498321533	218.565002441406	219.757499694824	220.579998016357	219.869998931885	221.797504425049	224.292499542236	226.524997711182	228.792499542237	228.58500289917								
2024-12-19	2024-12-17	SIRI	Sirius Xm Holdings Inc.	Berkshire Hathaway Inc	10%	P - Purchase	21.6	4963844	117,468,573	+4%	+$107,234,753	107219030.4	21:39:06	2	21.6	22.0224995613098	21.039999961853	22.0999999046326	23.4300003051758	23.3599996566773	23.4175000190735	23.239999294281	22.8324999809266	22.8299999237061	22.4850001335144	22.272500038147	22.9574995040893	23.2399997711182	22.1299996376038	21.1799998283386	20.8800001144409	21.2425003051758	21.7324995994568	21.6949996948242	22.1449995040894	22.3999996185303	22.1299996376038	22.0724997520447	22.0399994850159	21.772500038147	21.9649996757508	21.9549999237061	22.6374998092652	23.6374998092651	23.6224999427795	24.5824999809265	25.2249999046326	25.9299998283386	25.5525002479553	25.8250002861023	25.6849999427796	25.7350001335144	26.1850004196167	26.8724999427796								
2024-12-19	2024-12-17	OXY	Occidental Petroleum Corp /De/	Berkshire Hathaway Inc	10%	P - Purchase	45.99	8896890	264,263,311	+3%	+$409,153,148	409167971.1	21:35:34	2	45.99	46.3325004577637	45.8699998855591	46.7575006484985	47.6599998474121	47.9549999237061	48.1325006484986	48.460000038147	48.6750001907349	49.0299997329712	50.0749998092651	50.1799993515015	51.1349992752075	51.2825002670288	51.0124988555908	51.8100004196168	52.2175006866456	52.3050003051758	52.3550004959107	52.3299989700318	52.0600004196167	50.9575004577637	50.3550004959107	50.5275011062622	49.9325008392335	49.4524993896485	49.3450002670288	48.8375015258789	48.9049997329712	47.4124994277954	46.4599990844727	46.8775005340576	47.3425006866455	47.3624992370606	46.875	47.7799997329712	48.795000076294	48.3725004196167	47.9225006103516	48.3474998474121								
2024-12-19	2024-12-17	PDX	Pimco Dynamic Income Strategy Fund	Saba Capital Management, L.P.	10%	P - Purchase	25.06	26121	6,808,213	0%	+$654,710	654592.26	21:04:30	2	25.06	25.1212501525879	24.7599997520447	24.9974994659424	26.0100002288819	26.5637497901917	26.8815002441406	26.602499961853	26.2125000953674	26.1887497901917	26.2474994659424	26.3775005340576	26.0747499465942	25.914999961853	25.9172501564026	25.8099999427796	28.4124999046326	31.5702500343323	32.1549997329712	31.3125	31.5349998474121	32.0852499008179	27.6902503967285	28.0799994468689	27.7400002479553	25.8862500190735	25.1774997711182	25.5525002479553	25.9849996566773	26.2267503738404	26.1849999427796	26.420000076294	26.3225002288819	25.6050000190735	24.9842500686645	24.9400000572205	24.9020004272461	24.7775001525879	24.6624999046326	24.9097499847412								
2024-12-19	2024-12-17	BH	Biglari Holdings Inc.	Biglari, Sardar	COB, CEO, 10%	P - Purchase	458.21	3271	1,548,116	0%	+$1,498,817	1498804.91	20:09:31	2	458.21	247.700004577637	241.974998474121	244.184997558594	252.729995727539	260.512493133545	264.330001831055	258.987503051758	254.567501068115	256.152496337891	251.577495574951	254.765003204346	253.474998474121	239.965000152588	230.602500915528	221.402496337891	218.047500610352	220.252498626709	220.572502136231	216.552501678467	217.48999786377	220.287502288818	221.772499084473	220.579998016358	222.977504730224	227.319999694824	228.617496490479	229.689994812012	232.954998016358	233.077495574951	228.392498016358	233.215000152588	235.799999237061	233.917499542237	232.334999084473	236.20000076294	239.212505340576	238.840000152588	240.810001373291	243.480003356934								
2024-12-19	2024-12-17	MAV	Pioneer Municipal High Income Advantage Fund, Inc.	Saba Capital Management, L.P.	10%	P - Purchase	8.64	91638	3,577,390	+3%	+$791,531	791752.32	19:42:46	2	8.64	8.56750011444092	8.53249979019165	8.49000000953674	8.45250010490418	8.45502495765686	8.45499992370606	8.47002506256103	8.46499991416931	8.45500016212464	8.47749972343445	8.53547501564026	8.5275251865387	8.52750015258789	8.53077483177185	8.47499990463257	8.48000025749207	8.484375	8.51167488098145	8.50500011444092	8.49750018119812	8.5200002193451	8.55312490463257	8.52250003814697	8.51250028610229	8.57329988479614	8.56750011444092	8.58500003814697	8.60499978065491	8.58499979972839	8.5625	8.57482528686523	8.6324999332428	8.68999981880188	8.65499997138977	8.61750030517578	8.53875017166138	8.45625019073487	8.46137499809265	8.53375005722046								
2024-12-19	2024-12-17	TXO	Txo Partners, L.P.	Hutton Keith A	Dir, 10%	P - Purchase	15.88	120000	4,120,215	+3%	+$1,905,020	1905600	16:43:57	2	15.88	15.9175000190735	16.0249998569489	16.335000038147	16.6987500190735	17.0149998664856	17.0337500572205	16.638500213623	16.8050003051758	16.9007501602173	17.0600004196167	17.0550003051758	16.9487500190735	16.8099999427796	16.7740001678467	17.1675000190735	17.4224996566772	17.7974996566772	17.9349999427795	18.3724999427795	19.0149993896484	19.3074998855591	19.2649998664856	19.3832502365112	19.3099999427796	19.0549998283386	19.072500705719	18.9137501716614	18.9325003623963	18.755000114441	18.5950002670288	18.8722496032715	18.9675002098084	18.8899998664856	18.9087505340576	18.9850001335144	19.0795001983643	19.1274995803833	19.0642499923706	19.1149997711182								
2024-12-19	2024-12-18	XLO	Xilio Therapeutics, Inc.	Gilead Sciences, Inc.	10%	P - Purchase	1.04	1759978	9,105,451	+24%	+$1,830,377	1830377.12	16:19:34	1	1.04	0.92025001347065	1.11399997770786	1.17774999141693	1.13499999046326	1.0562499910593	0.996749982237815	0.971500009298324	0.956999987363815	1.02075001597405	1.0817499756813	1.04000000655651	1.01374998688698	1.06125000119209	1.08875000476837	1.09099999070168	1.08500000834465	1.08000001311302	1.11924999952316	1.14549997448921	1.21249997615814	0.929999992251396	0.864250004291535	0.829500004649162	0.737999990582467	0.726999998092651	0.719750016927719	0.709750011563301	0.696999996900559	0.691499993205071	0.667249977588654	0.680500000715256	0.688749998807907	0.686000004410744	0.671250000596046	0.654250010848046	1.43500003218651	1.38249999284744	1.18249997496605									
2024-12-19	2024-12-18	GSAT	Globalstar, Inc.	Monroe James III	Dir, 10%	P - Purchase	2	5e+05	1,100,445,953	0%	+$998,300	1e+06	09:15:18	1	2	28.3874998092652	28.6875	29.2875003814698	29.3999996185303	30.8625001907349	31.9500002861023	31.949999332428	32.2124991416931	31.9124999046326	32.8125	33.4874992370606	32.5874996185303	30.3000001907349	28.7249999046326	27.6749997138977	27.6749997138977	28.2375001907349	27.8249998092652	28.4625000953674	28.7624998092652	29.1750006675721	28.5	29.4000000953675	28.2374997138977	28.2374997138978	22.2374997138977	22.7625002861023	22.6875004768372	22.0500001907349	22.9500002861023	23.3250002861023	24.0750002861023	23.25	23.6999998092652	25.4024996757508	22.3025002479553	21.6725001335144	22.3849997520447									
2024-12-18	2024-12-16	TKO	Tko Group Holdings, Inc.	Silver Lake West Holdco, L.P.	10%	P - Purchase	147.04	526400	2,506,817	+27%	+$77,403,284	77401856	20:30:04	2	147.04	147.067501068115	145.08500289917	144.862499237061	142.517498016358	142.604999542236	143.419998168946	144.172500610352	143.594997406006	142.994998931885	142.870002746582	142.559997558594	142.384998321533	142.07500076294	143.734996795654	142.509998321533	142.11499786377	140.57500076294	143.344997406006	143.312503814697	143.147499084473	142.369998931885	143.22749710083	144.099998474121	149.862499237061	152.590000152588	152.397495269776	156.777500152588	157.22749710083	158.305000305176	157.050003051758	155.452503204346	157.784999847412	159.720001220703	160.812503814697	164.607498168945	170.505001068116	174.275001525879	174.307498931885	175.827499389649	174.800003051758							
2024-12-18	2024-12-16	TKO	Tko Group Holdings, Inc.	Whitesell Patrick	10%	P - Purchase	147.04	526400	2,506,817	+27%	+$77,403,284	77401856	20:00:04	2	147.04	147.067501068115	145.08500289917	144.862499237061	142.517498016358	142.604999542236	143.419998168946	144.172500610352	143.594997406006	142.994998931885	142.870002746582	142.559997558594	142.384998321533	142.07500076294	143.734996795654	142.509998321533	142.11499786377	140.57500076294	143.344997406006	143.312503814697	143.147499084473	142.369998931885	143.22749710083	144.099998474121	149.862499237061	152.590000152588	152.397495269776	156.777500152588	157.22749710083	158.305000305176	157.050003051758	155.452503204346	157.784999847412	159.720001220703	160.812503814697	164.607498168945	170.505001068116	174.275001525879	174.307498931885	175.827499389649	174.800003051758							
2024-12-18	2024-12-16	TKO	Tko Group Holdings, Inc.	Emanuel Ariel	CEO, 10%	P - Purchase	147.04	526400	2,567,191	+26%	+$77,403,284	77401856	20:00:03	2	147.04	147.067501068115	145.08500289917	144.862499237061	142.517498016358	142.604999542236	143.419998168946	144.172500610352	143.594997406006	142.994998931885	142.870002746582	142.559997558594	142.384998321533	142.07500076294	143.734996795654	142.509998321533	142.11499786377	140.57500076294	143.344997406006	143.312503814697	143.147499084473	142.369998931885	143.22749710083	144.099998474121	149.862499237061	152.590000152588	152.397495269776	156.777500152588	157.22749710083	158.305000305176	157.050003051758	155.452503204346	157.784999847412	159.720001220703	160.812503814697	164.607498168945	170.505001068116	174.275001525879	174.307498931885	175.827499389649	174.800003051758							
2024-12-18	2024-12-16	STAA	Staar Surgical Co	Broadwood Partners, L.P.	10%	P - Purchase	24.28	80200	21,723,162	0%	+$1,947,540	1947256	19:00:23	2	24.28	24.8299999237061	24.8675003051758	24.8099999427796	24.9900002479553	24.4200000762939	24.5599999427795	24.5300002098083	24.3199996948242	23.9724998474121	24.1975002288818	24.4800000190735	24.3200006484986	23.9400000572205	23.6799998283386	23.2150001525879	22.7600002288819	22.3800001144409	22.0249996185303	22.0974998474121	21.7175002098084	22.3850002288818	22.9324998855591	23.0625	23.3525004386902	24.3400001525879	24.7074999809265	24.8424997329712	24.6399998664856	24.0599994659424	23.9524998664856	23.5624995231629	23.3599996566773	23.4549999237061	23.2600002288818	22.5275001525879	22.460000038147	22.1799998283387	15.2774996757507	16.125	15.815000295639							
2024-12-18	2024-12-16	SUNS	Sunrise Realty Trust, Inc.	Tannenbaum Leonard M	Exec COB, 10%	P - Purchase	13.41	102613	1,894,042	+6%	+$1,376,422	1376040.33	17:34:15	2	13.41	13.5187501907349	13.2899997234345	13.2224998474121	13.2825000286102	13.397500038147	13.8550000190735	14.1749999523163	14.4925000667572	14.5075001716614	14.1050000190735	14.1949999332428	14.3424999713898	14.3400003910065	14.0025000572205	13.5704998970032	13.5299999713898	13.6312499046326	13.6850004196167	13.9362499713898	13.875	13.8920001983643	13.4449999332428	11.821249961853	11.1592500209808	12.0500001907349	12.1450002193451	11.6699998378754	11.8149998188019	11.9572501182556	11.9650001525879	11.7874999046326	11.787499666214	11.8500001430511	11.7850003242493	11.7300002574921	11.696249961853	11.6675000190735	11.4865002632141	11.6925001144409	11.6174998283386							
2024-12-18	2024-12-17	GAIIX	Gladstone Alternative Income Fund	Gladstone Investment Corporation\De	10%	P - Purchase	10	250000	500,000	+100%	+$2,500,000	2500000	16:14:49	1	10	10	10	10	10	10	10	10	10	10	10	10	10	10	10	10	10	10	10	10	10	10	10	10	10	10	10																					
2024-12-18	2024-12-17	GAIIX	Gladstone Alternative Income Fund	Gladstone Capital Corp	10%	P - Purchase	10	250000	500,000	+100%	+$2,500,000	2500000	16:12:57	1	10	10	10	10	10	10	10	10	10	10	10	10	10	10	10	10	10	10	10	10	10	10	10	10	10	10	10																					
2024-12-18	2024-12-17	GAIIX	Gladstone Alternative Income Fund	Gladstone David	CEO, 10%	P - Purchase	10	5e+05	1,010,000	+98%	+$5,000,000	5e+06	16:11:00	1	10	10	10	10	10	10	10	10	10	10	10	10	10	10	10	10	10	10	10	10	10	10	10	10	10	10	10																					
2024-12-18	2024-12-17	GSAT	Globalstar, Inc.	Monroe James III	Dir, 10%	P - Purchase	1.92	5e+05	1,099,945,953	0%	+$957,500	960000	09:17:32	1	1.92	28.8375005722046	28.3874998092652	28.6875	29.2875003814698	29.3999996185303	30.8625001907349	31.9500002861023	31.949999332428	32.2124991416931	31.9124999046326	32.8125	33.4874992370606	32.5874996185303	30.3000001907349	28.7249999046326	27.6749997138977	27.6749997138977	28.2375001907349	27.8249998092652	28.4625000953674	28.7624998092652	29.1750006675721	28.5	29.4000000953675	28.2374997138977	28.2374997138978	22.2374997138977	22.7625002861023	22.6875004768372	22.0500001907349	22.9500002861023	23.3250002861023	24.0750002861023	23.25	23.6999998092652	25.4024996757508	22.3025002479553	21.6725001335144	22.3849997520447								
2024-12-17	2024-12-13	PLSE	Pulse Biosciences, Inc.	Duggan Robert W	Dir, 10%	P - Purchase	17.18	55256	43,290,683	0%	+$949,298	949298.08	20:02:46	4	17.18	19.1537504196167	19.6150002479553	18.7975001335144	17.8612504005432	17.8782501220703	17.5900001525879	18.0774998664856	18.3825001716614	18.3949999809265	17.6199998855591	17.7537498474121	17.6200003623962	18.8874998092651	19.5974998474121	18.8149995803833	18.2899999618531	18.3354997634888	18.1007499694824	17.6925005912781	17.7377505302429	17.6652498245239	17.9142503738404	18.758749961853	19.1774997711182	18.1750001907349	17.9800004959106	18.2874999046326	19.0682501792908	19.6952500343323	19.8474998474121	20.5450000762939	20.5500001907348	22.0787501335144	24.0899996757508	23.1850004196167	21.5075001716614	22.0650000572205	21.7549996376038	21.4779996871949	21.3549995422364	21.3375000953674						
2024-12-17	2024-12-13	BCYC	Bicycle Therapeutics Plc	Baker Bros. Advisors LP	Dir, 10%	P - Purchase	14.29	1485397	9,995,274	+17%	+$21,230,385	21226323.13	18:03:39	4	14.29	14.6500000953674	15.2350001335144	15.9024996757507	15.111750125885	14.9050002098084	14.6937501430512	14.6099998950958	14.7175002098083	14.5875000953674	14.3675000667572	13.9324998855591	14.1962497234345	14.7449998855591	14.9900000095368	15.1175000667572	14.625	13.6197500228882	14.3787498474121	15.0600001811981	14.7750000953675	14.0724999904633	13.4602499008179	13.5792498588562	13.1574997901916	13.2974996566773	13.1224999427795	13.0625	13.0750000476837	12.9924998283386	13.0262498855591	13.0875000953674	12.9649999141693	12.9087500572205	12.9324998855591	12.7599999904633	12.4525001049042	12.1462502479553	11.630000114441	11.9525001049042	12.3524997234345	12.6054999828339						
2024-12-17	2024-12-13	UAN	Cvr Partners, LP	Icahn Carl C	10%	P - Purchase	74.87	9024	4,042,868	0%	+$675,610	675626.88	17:56:02	4	74.87	75.060001373291	75.0699996948242	74.8999996185303	74.0074996948243	73.8125	74.5625	75.5949993133545	75.5725002288818	75.2674999237061	75.0100002288819	75.6649990081787	76.8125	76.8549995422363	76.9000015258789	75.8325004577637	75.0325012207031	74.9174995422363	77.3374996185303	79.7275009155274	81.7849998474122	83.5349998474121	83.8300018310547	83.6800003051758	82.5574989318848	81.8000011444092	82.1749992370606	81.672498703003	81.6300010681153	82.6975002288818	82.4799995422363	81.8299999237061	80.9424991607666	81.6774997711182	81.8199996948242	80.857500076294	79.8750019073486	79.4799995422363	79.6375007629395	77.8400001525879	77.0224990844727	76.9899997711182						
2024-12-17	2024-12-13	TTSH	Tile Shop Holdings, Inc.	Fund 1 Investments, LLC	10%	P - Purchase	6.86	522670	10,280,945	+5%	+$3,585,572	3585516.2	17:39:05	4	6.86	6.89250004291534	6.88499999046326	6.8474999666214	6.85749995708466	6.76999998092651	6.76249992847443	6.61500000953674	6.62000000476837	6.75249993801117	6.84249997138977	6.88499999046326	6.94249999523163	7.0149998664856	7.01499998569489	6.875	6.7700001001358	6.67999982833862	6.65249991416931	6.68500006198883	6.82749998569489	7.04499995708466	7.0550000667572	7.01999998092651	7.02500009536743	7.06749987602234	7.11249995231629	7.30249989032746	7.30499994754791	7.35750007629395	7.42999994754791	7.51499998569489	7.34500002861023	7.2224999666214	7.2425000667572	7.3199999332428	7.375	7.36750006675721	7.32000005245209	7.32999992370606	7.5074999332428	7.57749998569489						
2024-12-17	2024-12-09	ISPO	Inspirato Inc	Zamani Payam	CEO, 10%	P - Purchase	3.42	906378	8,326,143	+12%	+$3,100,000	3099812.76	17:33:13	8	3.42	3.31000000238419	3.42750000953674	3.55874997377396	3.55374991893768	3.38499999046326	3.2950000166893	3.59424996376038	3.50999999046326	3.4357500076294	3.38999998569489	3.32249999046326	3.36000001430511	3.51499998569488	3.42025005817413	3.32599997520447	3.39499998092651	3.56500005722046	3.83875000476837	4.31749999523163	4.78625011444092	5.42924988269806	5.67675006389618	5.76900005340576	5.82850003242493	6.15674996376037	6.74199998378754	6.82249987125397	6.34574997425079	5.8474999666214	5.51999998092651	5.20875000953675	5.09150004386902	5.01499998569489	4.72800004482269	5.02550005912781	4.97250008583069	5.10000002384186	4.76324987411499	4.61000001430512	4.79874992370606	4.76499998569489	4.78249990940094	4.64450001716614	4.54649996757507	4.80025017261505		
2024-12-17	2024-12-16	BIGZ	Blackrock Innovation & Growth Term Trust	Saba Capital Management, L.P.	10%	P - Purchase	7.91	350000	59,546,236	+1%	+$2,768,500	2768500	10:24:24	1	7.91	7.82000005245209	7.64749991893768	7.49374997615814	7.51250004768372	7.57500004768372	7.60249996185303	7.61499989032746	7.52874994277954	7.42499995231629	7.45249998569489	7.46749997138977	7.56500005722046	7.70499992370605	7.69752502441406	7.64250004291535	7.54352498054505	7.57000017166138	7.63894999027252	7.70000004768372	7.75750017166138	7.81749999523163	8.19947504997253	8.20749998092651	8.20055007934571	8.20499992370605	8.03250002861023	8.07499992847443	8.12874984741211	8.17249989509583	8.22374987602234	8.05499994754791	8.13500022888184	8.2024998664856	8.21249985694885	8.18499994277954	8.21875	8.2262499332428	8.16624975204468	8.20749974250794	8.11249995231628							
2024-12-17	2024-12-13	NRDY	Nerdy Inc.	Cohn Charles K.	CEO, 10%	P - Purchase	1.82	5e+06	54,622,757	+10%	+$9,080,000	9100000	08:59:59	4	1.82	1.80500000715256	1.97500002384186	1.8125	1.67250001430511	1.63750001788139	1.70875000953674	1.667750030756	1.69749999046326	1.71624997258187	1.63499996066093	1.64950001239777	1.59499999880791	1.60624998807907	1.82525002956391	1.85499998927117	1.69499999284744	1.60875001549721	1.52874997258186	1.56499999761581	1.64499998092651	1.65499997138977	1.67500001192093	1.66624999046326	1.63749998807907	1.66499999165535	1.78749999403954	1.74500000476837	1.80750000476837	1.83499997854233	1.8415000140667	1.83125001192093	1.76000002026558	1.86249998211861	1.93999999761582	1.94999998807907	1.88750001788139	1.89375001192093	1.84499999880791	1.86750000715256	1.96500000357628	1.97625002264977						
2024-12-16	2024-12-12	BH	Biglari Holdings Inc.	Biglari, Sardar	COB, CEO, 10%	P - Purchase	494.45	1478	1,544,845	0%	+$730,796	730797.1	21:30:05	4	494.45	235.005004882813	233.067501068115	247.380004882813	247.700004577637	241.974998474121	244.184997558594	252.729995727539	260.512493133545	264.330001831055	258.987503051758	254.567501068115	256.152496337891	251.577495574951	254.765003204346	253.474998474121	239.965000152588	230.602500915528	221.402496337891	218.047500610352	220.252498626709	220.572502136231	216.552501678467	217.48999786377	220.287502288818	221.772499084473	220.579998016358	222.977504730224	227.319999694824	228.617496490479	229.689994812012	232.954998016358	233.077495574951	228.392498016358	233.215000152588	235.799999237061	233.917499542237	232.334999084473	236.20000076294	239.212505340576	238.840000152588	240.810001373291						
2024-12-16	2024-12-16	GSAT	Globalstar, Inc.	Monroe James III	Dir, 10%	P - Purchase	1.96	5e+05	1,099,445,953	0%	+$978,400	980000	15:44:37	0	1.96	28.6875	28.8375005722046	28.3874998092652	28.6875	29.2875003814698	29.3999996185303	30.8625001907349	31.9500002861023	31.949999332428	32.2124991416931	31.9124999046326	32.8125	33.4874992370606	32.5874996185303	30.3000001907349	28.7249999046326	27.6749997138977	27.6749997138977	28.2375001907349	27.8249998092652	28.4625000953674	28.7624998092652	29.1750006675721	28.5	29.4000000953675	28.2374997138977	28.2374997138978	22.2374997138977	22.7625002861023	22.6875004768372	22.0500001907349	22.9500002861023	23.3250002861023	24.0750002861023	23.25	23.6999998092652	25.4024996757508	22.3025002479553	21.6725001335144								
2024-12-16	2024-12-12	WHLRD	Wheeler Real Estate Investment Trust, Inc.	Ursa Fund Management, LLC	10%	P - Purchase	25.11	32066	370,000	+9%	+$805,273	805177.26	14:59:23	4	25.11	24.7374997138977	24.295000076294	24.3544998168945	24.4625000953675	24.7424998283387	25.8150000572205	25.8860001564026	25	25.3900003433228	26.1987500190735	26.6425004005432	26.9159998893737	26.5675001144409	26.0675001144409	26.2525000572205	27.3900003433227	28.4275002479554	27.7049999237061	27.3932499885559	27.5	27.8962502479553	29.8724999427796	30.6974997520447	30.6622500419617	30.5802493095398	31.1425004005432	32.4574999809265	32.5274991989136	32.3074998855591	32.4750003814698	32.2230005264282	31.6900000572205	31.5	31.2124996185303	31.6900005340576	31.7389998435974	31.6149997711182	31.2109994888306	30.7049994468689	30.347499370575	30.7724995613098						
2024-12-16	2024-12-12	BIGZ	Blackrock Innovation & Growth Term Trust	Saba Capital Management, L.P.	10%	P - Purchase	7.88	588299	59,196,236	+1%	+$4,636,907	4635796.12	10:45:09	4	7.88	7.87749993801117	7.85999989509583	7.82000005245209	7.64749991893768	7.49374997615814	7.51250004768372	7.57500004768372	7.60249996185303	7.61499989032746	7.52874994277954	7.42499995231629	7.45249998569489	7.46749997138977	7.56500005722046	7.70499992370605	7.69752502441406	7.64250004291535	7.54352498054505	7.57000017166138	7.63894999027252	7.70000004768372	7.75750017166138	7.81749999523163	8.19947504997253	8.20749998092651	8.20055007934571	8.20499992370605	8.03250002861023	8.07499992847443	8.12874984741211	8.17249989509583	8.22374987602234	8.05499994754791	8.13500022888184	8.2024998664856	8.21249985694885	8.18499994277954	8.21875	8.2262499332428	8.16624975204468	8.20749974250794						
2024-12-16	2024-12-13	GSAT	Globalstar, Inc.	Monroe James III	Dir, 10%	P - Purchase	2	5e+05	1,098,945,953	0%	+$997,500	1e+06	08:01:30	3	2	29.3250002861023	28.6875	28.8375005722046	28.3874998092652	28.6875	29.2875003814698	29.3999996185303	30.8625001907349	31.9500002861023	31.949999332428	32.2124991416931	31.9124999046326	32.8125	33.4874992370606	32.5874996185303	30.3000001907349	28.7249999046326	27.6749997138977	27.6749997138977	28.2375001907349	27.8249998092652	28.4625000953674	28.7624998092652	29.1750006675721	28.5	29.4000000953675	28.2374997138977	28.2374997138978	22.2374997138977	22.7625002861023	22.6875004768372	22.0500001907349	22.9500002861023	23.3250002861023	24.0750002861023	23.25	23.6999998092652	25.4024996757508	22.3025002479553	21.6725001335144							
2024-12-13	2024-12-11	TKO	Tko Group Holdings, Inc.	Whitesell Patrick	10%	P - Purchase	142.64	337447	1,980,417	+21%	+$48,133,382	48133440.08	21:43:57	2	142.64	143.319999694824	142.744998931884	145.505001068115	147.067501068115	145.08500289917	144.862499237061	142.517498016358	142.604999542236	143.419998168946	144.172500610352	143.594997406006	142.994998931885	142.870002746582	142.559997558594	142.384998321533	142.07500076294	143.734996795654	142.509998321533	142.11499786377	140.57500076294	143.344997406006	143.312503814697	143.147499084473	142.369998931885	143.22749710083	144.099998474121	149.862499237061	152.590000152588	152.397495269776	156.777500152588	157.22749710083	158.305000305176	157.050003051758	155.452503204346	157.784999847412	159.720001220703	160.812503814697	164.607498168945	170.505001068116								
2024-12-13	2024-12-11	TKO	Tko Group Holdings, Inc.	Emanuel Ariel	CEO, 10%	P - Purchase	142.64	337447	2,040,791	+20%	+$48,133,382	48133440.08	21:42:59	2	142.64	143.319999694824	142.744998931884	145.505001068115	147.067501068115	145.08500289917	144.862499237061	142.517498016358	142.604999542236	143.419998168946	144.172500610352	143.594997406006	142.994998931885	142.870002746582	142.559997558594	142.384998321533	142.07500076294	143.734996795654	142.509998321533	142.11499786377	140.57500076294	143.344997406006	143.312503814697	143.147499084473	142.369998931885	143.22749710083	144.099998474121	149.862499237061	152.590000152588	152.397495269776	156.777500152588	157.22749710083	158.305000305176	157.050003051758	155.452503204346	157.784999847412	159.720001220703	160.812503814697	164.607498168945	170.505001068116								
2024-12-13	2024-12-11	TKO	Tko Group Holdings, Inc.	Silver Lake West Holdco, L.P.	10%	P - Purchase	142.64	337447	1,980,417	+21%	+$48,133,382	48133440.08	21:42:12	2	142.64	143.319999694824	142.744998931884	145.505001068115	147.067501068115	145.08500289917	144.862499237061	142.517498016358	142.604999542236	143.419998168946	144.172500610352	143.594997406006	142.994998931885	142.870002746582	142.559997558594	142.384998321533	142.07500076294	143.734996795654	142.509998321533	142.11499786377	140.57500076294	143.344997406006	143.312503814697	143.147499084473	142.369998931885	143.22749710083	144.099998474121	149.862499237061	152.590000152588	152.397495269776	156.777500152588	157.22749710083	158.305000305176	157.050003051758	155.452503204346	157.784999847412	159.720001220703	160.812503814697	164.607498168945	170.505001068116								
2024-12-13	2024-12-11	ADCT	Adc Therapeutics Sa	Redmile Group, LLC	10%	P - Purchase	3.05	2e+05	28,812,443	+1%	+$609,000	610000	21:00:14	2	3.05	2.14999997615814	1.92499998211861	1.99625000357628	2.0762500166893	2.04000002145767	2.04249998927116	2.03750002384186	1.98999997973442	2.00175002217293	2.04374998807907	2.06125006079674	1.9549999833107	1.96000000834465	2.0487499833107	2.02999997138977	2.01750004291534	1.99250000715256	1.9549999833107	1.87374997138977	1.77875000238418	1.73875001072884	1.77199998497963	1.7625000178814	1.80000001192093	1.80750000476837	1.71875	1.71875	1.77625000476837	1.72499999403954	1.68125000596047	1.67625001072884	1.67375001311302	1.69499999284744	1.60749998688698	1.60999998450279	1.68999999761581	1.68000000715256	1.56000000238419	1.47749999165535								
2024-12-13	2024-12-11	PLSE	Pulse Biosciences, Inc.	Duggan Robert W	Dir, 10%	P - Purchase	17.35	56054	43,190,023	0%	+$972,344	972536.9	19:30:48	2	17.35	17.2175002098084	17.3625001907349	19.1537504196167	19.6150002479553	18.7975001335144	17.8612504005432	17.8782501220703	17.5900001525879	18.0774998664856	18.3825001716614	18.3949999809265	17.6199998855591	17.7537498474121	17.6200003623962	18.8874998092651	19.5974998474121	18.8149995803833	18.2899999618531	18.3354997634888	18.1007499694824	17.6925005912781	17.7377505302429	17.6652498245239	17.9142503738404	18.758749961853	19.1774997711182	18.1750001907349	17.9800004959106	18.2874999046326	19.0682501792908	19.6952500343323	19.8474998474121	20.5450000762939	20.5500001907348	22.0787501335144	24.0899996757508	23.1850004196167	21.5075001716614	22.0650000572205								
2024-12-13	2024-12-11	UHG	United Homes Group, Inc.	Nieri Michael P.	Exec COB, 10%	P - Purchase	5	9e+05	1,521,328	+145%	+$4,500,000	4500000	17:55:46	2	5	4.4650000333786	4.48500001430511	4.625	4.52075004577637	4.25	4.1377500295639	4.1875	4.23500001430512	4.34500014781952	4.41500008106232	4.32499992847442	4.2849999666214	4.27875006198883	4.19625008106232	4.10874998569489	4.16999995708466	4.18500006198883	3.94049990177155	4.02250003814697	4.11500000953674	4.14249992370605	4.3622499704361	4.456249833107	4.52425003051758	4.5275000333786	4.45749998092651	4.47500002384186	4.43625009059906	4.32624995708466	4.23749995231628	4.3087500333786	4.4375	4.47000002861023	4.12375009059906	4.0900000333786	4.10000002384186	4.13725006580353	4.21249997615814	4.23000001907348								
2024-12-13	2024-12-11	ACHR	Archer Aviation Inc.	Stellantis N.V.	10%	P - Purchase	6.65	751879	60,486,841	+1%	+$4,999,995	4999995.35	15:37:26	2	6.65	7.11749994754792	7.9375	8.72000002861023	9.00400018692017	9.39249992370607	8.85750007629395	8.98000001907349	9.59249997138978	10.1150002479553	11.102499961853	11.210000038147	10.3475000858307	9.95449995994568	9.72749996185303	10.5475001335144	11.5300002098083	11.5037503242493	10.5975000858307	9.43250012397767	8.375	8.44975018501282	8.77874994277954	9.03250002861023	9.05749988555908	9.37249994277954	9.76500010490418	9.6725001335144	10.1075000762939	9.29499983787537	9.14250016212463	9.12625026702881	9.17750000953674	9.54749989509583	8.98375010490418	9.27250027656555	9.31749987602234	9.17749977111816	9.1949999332428	9.6599998474121								
2024-12-13	2024-12-12	GAIIX	Gladstone Alternative Income Fund	Gladstone Investment Corporation\De	10%	P - Purchase	10	125000	250,000	+100%	+$1,250,000	1250000	13:59:31	1	10	10	10	10	10	10	10	10	10	10	10	10	10	10	10	10	10	10	10	10	10	10	10	10	10	10	10	10	10	10																		
2024-12-13	2024-12-12	GAIIX	Gladstone Alternative Income Fund	Gladstone Capital Corp	10%	P - Purchase	10	125000	250,000	+100%	+$1,250,000	1250000	13:56:40	1	10	10	10	10	10	10	10	10	10	10	10	10	10	10	10	10	10	10	10	10	10	10	10	10	10	10	10	10	10	10																		
2024-12-13	2024-12-12	GAIIX	Gladstone Alternative Income Fund	Gladstone David	CEO, 10%	P - Purchase	10	250000	510,000	+96%	+$2,500,000	2500000	13:55:25	1	10	10	10	10	10	10	10	10	10	10	10	10	10	10	10	10	10	10	10	10	10	10	10	10	10	10	10	10	10	10																		
2024-12-13	2024-12-13	GSAT	Globalstar, Inc.	Monroe James III	Dir, 10%	P - Purchase	1.9	530000	1,097,792,285	0%	+$1,005,569	1007000	13:54:30	0	1.9	29.3250002861023	28.6875	28.8375005722046	28.3874998092652	28.6875	29.2875003814698	29.3999996185303	30.8625001907349	31.9500002861023	31.949999332428	32.2124991416931	31.9124999046326	32.8125	33.4874992370606	32.5874996185303	30.3000001907349	28.7249999046326	27.6749997138977	27.6749997138977	28.2375001907349	27.8249998092652	28.4625000953674	28.7624998092652	29.1750006675721	28.5	29.4000000953675	28.2374997138977	28.2374997138978	22.2374997138977	22.7625002861023	22.6875004768372	22.0500001907349	22.9500002861023	23.3250002861023	24.0750002861023	23.25	23.6999998092652										
2024-12-12	2024-12-10	DSS	Dss, Inc.	Chan Heng Fai Ambrose	Dir, 10%	P - Purchase	0.97	1025746	5,145,686	+25%	+$1,000,000	994973.62	21:49:45	2	0.97	0.989999994635584	0.983999982476233	1.08250001072884	0.941500008106232	0.907750010490418	0.909999996423721	0.887250021100044	0.83075000345707	0.849750012159348	0.881500005722046	0.89724999666214	0.895499989390373	0.95549999177456	0.929999992251396	0.93249998986721	0.934249997138977	0.961250007152556	1.0450000166893	0.965000003576279	0.9375	0.922499999403953	0.963250011205673	0.929999992251396	0.920000001788139	0.892250001430512	0.873500004410744	0.872500017285347	0.842999994754791	0.858750000596046	0.869249984622002	0.837500005960465	0.830000013113022	0.793750002980233	0.784250006079674	0.895750001072884	0.901000007987022	0.935000002384186	0.890000015497208	0.857500016689301								
2024-12-12	2024-12-10	DBI	Designer Brands Inc.	Stone House Capital Management, LLC	Member of a 10% Group	P - Purchase	5.63	250000	5,000,000	+5%	+$1,407,500	1407500	18:00:05	2	5.63	5.88749992847443	5.53250002861023	5.84999990463257	5.93250000476837	5.90750002861023	5.87999999523163	5.68250000476837	5.5699999332428	5.42750000953675	5.36500000953675	5.51499998569489	5.54250001907349	5.21000003814697	5.27499997615814	5.30750012397766	5.40500009059906	5.50249993801117	5.48750007152558	5.41249990463257	5.55999994277954	5.49750006198883	5.30750000476837	5.7574999332428	5.80250000953675	5.82249987125397	5.74500000476837	5.62000000476837	5.63999998569489	5.68250000476837	5.59499990940094	5.4925000667572	5.17750000953674	5.07749998569489	5.11250007152557	4.79749989509583	4.85750007629395	5.0349999666214	5.08749997615814	5.00250005722046								
2024-12-11	2024-12-09	SRFM	Surf Air Mobility Inc.	Palantir Technologies Inc.	10%	P - Purchase	4.45	446830	3,176,996	+16%	+$1,989,823	1988393.5	20:12:22	2	4.45	3.72750002145767	3.50625002384186	3.96999996900559	3.91524994373322	3.69325006008148	3.31250005960465	3.18250006437302	2.85000002384186	2.99750006198883	3.37600004673005	3.45749998092651	4.70249992609024	5.83650004863739	5.94249999523163	5.75250005722046	5.82999992370606	6.04474997520447	5.73249995708466	5.33850002288818	4.67500007152557	4.51499998569489	4.12849998474121	4.08775001764298	3.92500001192093	3.90750008821488	3.94249999523163	3.87750005722046	3.91750007867813	3.69499999284744	4.27000004053116	4.27250003814697	4.6875	4.70500004291535	4.1000000834465	4.28149998188019	4.01499998569488	4.23249995708466	4.18999993801117	4.19624996185302	4.35374999046326							
2024-12-11	2024-12-09	NRDY	Nerdy Inc.	Cohn Charles K.	CEO, 10%	P - Purchase	1.78	3e+05	49,322,757	+1%	+$534,000	534000	17:45:24	2	1.78	1.78125	1.67249998450279	1.62624999880791	1.64875000715256	1.80500000715256	1.97500002384186	1.8125	1.67250001430511	1.63750001788139	1.70875000953674	1.667750030756	1.69749999046326	1.71624997258187	1.63499996066093	1.64950001239777	1.59499999880791	1.60624998807907	1.82525002956391	1.85499998927117	1.69499999284744	1.60875001549721	1.52874997258186	1.56499999761581	1.64499998092651	1.65499997138977	1.67500001192093	1.66624999046326	1.63749998807907	1.66499999165535	1.78749999403954	1.74500000476837	1.80750000476837	1.83499997854233	1.8415000140667	1.83125001192093	1.76000002026558	1.86249998211861	1.93999999761582	1.94999998807907	1.88750001788139							
2024-12-11	2024-12-11	OPK	Opko Health, Inc.	Frost Phillip Md Et Al	CEO, COB, 10%	P - Purchase	1.56	5e+05	246,107,605	0%	+$781,050	780000	17:21:28	0	1.56	1.64750000834465	1.61250001192093	1.58500000834465	1.59999999403954	1.59249997138977	1.57000002264977	1.55250000953675	1.52249997854233	1.50749999284744	1.51499998569489	1.5	1.46500000357628	1.47250002622605	1.47500002384186	1.46250003576279	1.46750003099442	1.48750001192093	1.4825000166893	1.46500000357628	1.49500000476837	1.49750000238419	1.49250000715256	1.48000001907349	1.47250002622605	1.49000000953675	1.47750002145767	1.47750002145767	1.4825000166893	1.47750002145767	1.49250000715256	1.5	1.5174999833107	1.51499998569489	1.49750000238419	1.54749998450279	1.59250000119209	1.62749999761582	1.61500000953674									
2024-12-11	2024-12-09	DGICA	Donegal Group Inc	Donegal Mutual Insurance Co	10%	P - Purchase	16.57	79900	17,834,596	0%	+$1,324,029	1323943	13:08:13	2	16.57	16.2525000572205	16.3449997901917	16.4250001907349	16.375	16.4299998283386	16.2775006294251	16.0125000476837	15.8200001716614	15.5975003242493	15.3924996852875	15.414999961853	15.4825003147125	15.4449999332428	15.2400002479554	15.4024999141693	15.3800001144409	15.2025001049042	14.9800000190735	14.8549997806549	14.7650001049042	14.4974999427795	14.3274998664856	14.3025000095368	14.5525000095367	14.585000038147	14.6349999904633	14.6200001239777	14.4075000286102	14.4449999332428	14.5399997234344	14.8224999904633	14.7450001239777	14.7049999237061	14.6050000190735	14.7124998569488	14.7000000476837	14.6199998855591	14.8450002670289	15.1549999713897	15.1350002288818							
2024-12-10	2024-12-09	GAIAX	Gladstone Alternative Income Fund	Gladstone David	CEO, 10%	P - Purchase	10	250000	260,000	>999%	+$2,500,000	2500000	16:04:09	1	10	10	10	10	10	10	10	10	10	10	10	10	10	10	10	10	10	10	10	10	10	10	10	10	10	10	10	10	10	10	10																	
2024-12-09	2024-12-05	NRDY	Nerdy Inc.	Cohn Charles K.	CEO, 10%	P - Purchase	1.54	426758	48,854,396	+1%	+$657,207	657207.32	17:03:46	4	1.54	1.59250000119209	1.72749999165535	1.78125	1.67249998450279	1.62624999880791	1.64875000715256	1.80500000715256	1.97500002384186	1.8125	1.67250001430511	1.63750001788139	1.70875000953674	1.667750030756	1.69749999046326	1.71624997258187	1.63499996066093	1.64950001239777	1.59499999880791	1.60624998807907	1.82525002956391	1.85499998927117	1.69499999284744	1.60875001549721	1.52874997258186	1.56499999761581	1.64499998092651	1.65499997138977	1.67500001192093	1.66624999046326	1.63749998807907	1.66499999165535	1.78749999403954	1.74500000476837	1.80750000476837	1.83499997854233	1.8415000140667	1.83125001192093	1.76000002026558	1.86249998211861	1.93999999761582	1.94999998807907						
2024-12-09	2024-12-06	SCVL	Shoe Carnival Inc	Weaver Delores B	10%	P - Purchase	33.91	285500	9,173,373	+3%	+$9,681,305	9681305	16:32:29	3	33.91	34.2574996948242	35.7124996185303	35.7200002670288	35.5424995422363	34.1074991226197	34.897500038147	35.7125015258789	35.4849996566773	34.5250005722046	34.1000003814697	34.6799993515015	34.6349992752075	35.5625	35.8275003433228	34.789999961853	33.9899997711182	32.9824991226196	32.2625002861023	31.6199998855591	31.2700004577637	30.7200002670288	30.272500038147	30.1449999809265	30.4475002288818	30.8225002288819	30.2674999237061	30.2625002861023	30.3874998092651	30.0725002288819	29.772500038147	29.6125001907349	28.5899996757507	27.6449999809265	27.2274994850159	27.3774995803833	27.3150000572205	25.9574995040894	25.9550004005432	26.6324996948243	27.0674996376038							
2024-12-09	2024-12-06	SCVL	Shoe Carnival Inc	Weaver Wayne J	COB, 10%	P - Purchase	33.91	285500	9,173,373	+3%	+$9,681,305	9681305	16:12:12	3	33.91	34.2574996948242	35.7124996185303	35.7200002670288	35.5424995422363	34.1074991226197	34.897500038147	35.7125015258789	35.4849996566773	34.5250005722046	34.1000003814697	34.6799993515015	34.6349992752075	35.5625	35.8275003433228	34.789999961853	33.9899997711182	32.9824991226196	32.2625002861023	31.6199998855591	31.2700004577637	30.7200002670288	30.272500038147	30.1449999809265	30.4475002288818	30.8225002288819	30.2674999237061	30.2625002861023	30.3874998092651	30.0725002288819	29.772500038147	29.6125001907349	28.5899996757507	27.6449999809265	27.2274994850159	27.3774995803833	27.3150000572205	25.9574995040894	25.9550004005432	26.6324996948243	27.0674996376038							
2024-12-09	2024-12-06	TREE	Lendingtree, Inc.	Lebda Douglas R	COB, CEO, 10%	P - Purchase	39.72	13000	2,196,412	+1%	+$516,360	516360	15:27:52	3	39.72	40.0374994277954	41.0350008010865	42.4250001907349	42.3649997711182	40.647500038147	39.920000076294	39.8174991607666	40.3375005722046	39.5225009918213	39.2375001907349	38.9175004959107	38.0924997329712	39.1525001525879	39.4775009155274	38.5874996185303	38.8099994659424	39.3024997711182	39.5200004577637	40.2650003433228	39.7300004959106	38.8850002288819	36.8675003051758	36.2475004196167	36.9400005340576	38.289999961853	39.4025001525879	40.6300001144409	43.3775005340576	43.8325004577637	42.6374998092652	41.9799995422363	46.3000001907349	47.8000001907349	45.6799993515015	47.0674991607666	46.0349998474121	44.0325002670288	44.4075002670288	44.9225006103516	45.2949991226196							
2024-12-09	2024-12-05	BIGZ	Blackrock Innovation & Growth Term Trust	Saba Capital Management, L.P.	10%	P - Purchase	8.07	159167	58,607,937	0%	+$1,284,478	1284477.69	11:02:38	4	8.07	8.08000016212463	8.04747498035431	7.92250001430511	7.91499996185303	7.87000000476837	7.87749993801117	7.85999989509583	7.82000005245209	7.64749991893768	7.49374997615814	7.51250004768372	7.57500004768372	7.60249996185303	7.61499989032746	7.52874994277954	7.42499995231629	7.45249998569489	7.46749997138977	7.56500005722046	7.70499992370605	7.69752502441406	7.64250004291535	7.54352498054505	7.57000017166138	7.63894999027252	7.70000004768372	7.75750017166138	7.81749999523163	8.19947504997253	8.20749998092651	8.20055007934571	8.20499992370605	8.03250002861023	8.07499992847443	8.12874984741211	8.17249989509583	8.22374987602234	8.05499994754791	8.13500022888184	8.2024998664856	8.21249985694885						
2024-12-09	2024-12-06	DGICA	Donegal Group Inc	Donegal Mutual Insurance Co	10%	P - Purchase	16.66	270000	13,046,126	+2%	+$4,498,717	4498200	10:34:41	3	16.66	16.3825006484985	16.2525000572205	16.3449997901917	16.4250001907349	16.375	16.4299998283386	16.2775006294251	16.0125000476837	15.8200001716614	15.5975003242493	15.3924996852875	15.414999961853	15.4825003147125	15.4449999332428	15.2400002479554	15.4024999141693	15.3800001144409	15.2025001049042	14.9800000190735	14.8549997806549	14.7650001049042	14.4974999427795	14.3274998664856	14.3025000095368	14.5525000095367	14.585000038147	14.6349999904633	14.6200001239777	14.4075000286102	14.4449999332428	14.5399997234344	14.8224999904633	14.7450001239777	14.7049999237061	14.6050000190735	14.7124998569488	14.7000000476837	14.6199998855591	14.8450002670289	15.1549999713897							
2024-12-06	2024-12-04	IVFH	Innovative Food Holdings Inc	Gramm Jefferson	Dir, 10%	P - Purchase	1.6	1250000	6,193,349	+25%	+$2,000,000	2e+06	19:39:19	2	1.6	1.7674999833107	1.91749998927116	1.91500002145767	1.86662498116493	1.82100003957749	1.82562500238419	1.80375000834465	1.76499998569489	1.78687500953674	1.73750001192093	1.73500001430512	1.78249999880791	1.75437501072884	1.74925002455711	1.74875000119209	1.74750000238418	1.77249997854233	1.76249998807907	1.85199996829033	1.9237499833107	1.94500002264977	1.96000003814698	1.97074997425079	2.01124998927116	1.90624997019768	1.9224999845028	1.97500002384186	1.95649999380112	1.97624999284744	1.94624999165535	1.94472497701645	1.96875	2.01999998092651	2.01910001039505	2.00374999642372	1.99875003099441	1.99750000238419	2.11812496185303	2.03799998760223								
2024-12-05	2024-12-03	BIGZ	Blackrock Innovation & Growth Term Trust	Saba Capital Management, L.P.	10%	P - Purchase	8.06	211154	58,448,770	0%	+$1,701,469	1701901.24	13:43:49	2	8.06	8.02749991416931	8.07124996185303	8.08000016212463	8.04747498035431	7.92250001430511	7.91499996185303	7.87000000476837	7.87749993801117	7.85999989509583	7.82000005245209	7.64749991893768	7.49374997615814	7.51250004768372	7.57500004768372	7.60249996185303	7.61499989032746	7.52874994277954	7.42499995231629	7.45249998569489	7.46749997138977	7.56500005722046	7.70499992370605	7.69752502441406	7.64250004291535	7.54352498054505	7.57000017166138	7.63894999027252	7.70000004768372	7.75750017166138	7.81749999523163	8.19947504997253	8.20749998092651	8.20055007934571	8.20499992370605	8.03250002861023	8.07499992847443	8.12874984741211	8.17249989509583	8.22374987602234								
2024-12-05	2024-12-03	EVM	Eaton Vance California Municipal Bond Fund	Saba Capital Management, L.P.	10%	P - Purchase	9.51	81948	3,636,751	+2%	+$779,325	779325.48	13:33:15	2	9.51	9.51250004768372	9.52499985694885	9.58249998092651	9.62749981880188	9.61999988555908	9.61750030517578	9.55999994277954	9.46749997138977	9.4150002002716	9.3824999332428	9.34249997138977	9.24499988555909	9.19000005722046	9.15249991416931	9.1875	9.20999979972839	9.20250010490417	9.21250009536744	9.22250008583069	9.29250025749207	9.32250022888183	9.36750006675721	9.37750005722046	9.3675000667572	9.30250000953674	9.3175003528595	9.29500007629395	9.25500011444092	9.25249981880188	9.29500031471252	9.29999995231628	9.33500003814697	9.39749979972839	9.40750002861023	9.42249989509583	9.44749975204468	9.43749976158142	9.42000007629395	9.44000005722046								
2024-12-04	2024-12-03	RRGB	Red Robin Gourmet Burgers Inc	Jcp Investment Management, LLC	10%	P - Purchase	5.19	800455	1,860,668	+75%	+$4,154,361	4154361.45	19:44:33	1	5.19	5.74000000953674	6.01000010967255	5.75	5.62500011920929	5.49750006198883	5.39250004291534	5.23499989509583	5.08249998092652	5.19249999523163	5.2224999666214	4.99500012397767	4.98000001907349	5.14999985694885	5.39750003814697	5.39250004291534	5.27249991893768	5.29750001430512	5.34750008583069	5.48749983310699	5.61250007152558	5.8199999332428	5.90750002861023	5.67750000953674	5.39000010490418	5.30250000953674	5.76999998092651	5.64250004291534	5.70749986171722	5.51749992370606	5.55250000953674	5.64499986171723	5.81749987602234	5.87000000476837	6.12999999523163	6.32999980449676	6.35500013828278	6.2224999666214	6.3400000333786	6.17750000953675								
2024-12-04	2024-12-02	BH	Biglari Holdings Inc.	Biglari, Sardar	COB, CEO, 10%	P - Purchase	292.96	5120	1,541,200	0%	+$1,499,971	1499955.2	19:20:08	2	292.96	221.23999786377	224.654998779297	227.267501831055	230.86499786377	229.045001983643	228.840003967285	231.400001525879	235.235000610352	235.005004882813	233.067501068115	247.380004882813	247.700004577637	241.974998474121	244.184997558594	252.729995727539	260.512493133545	264.330001831055	258.987503051758	254.567501068115	256.152496337891	251.577495574951	254.765003204346	253.474998474121	239.965000152588	230.602500915528	221.402496337891	218.047500610352	220.252498626709	220.572502136231	216.552501678467	217.48999786377	220.287502288818	221.772499084473	220.579998016358	222.977504730224	227.319999694824	228.617496490479	229.689994812012	232.954998016358	233.077495574951							
2024-12-03	2024-12-02	BIGZ	Blackrock Innovation & Growth Term Trust	Saba Capital Management, L.P.	10%	P - Purchase	7.98	94924	58,237,616	0%	+$757,494	757493.52	10:59:25	1	7.98	7.97749996185303	8.02749991416931	8.07124996185303	8.08000016212463	8.04747498035431	7.92250001430511	7.91499996185303	7.87000000476837	7.87749993801117	7.85999989509583	7.82000005245209	7.64749991893768	7.49374997615814	7.51250004768372	7.57500004768372	7.60249996185303	7.61499989032746	7.52874994277954	7.42499995231629	7.45249998569489	7.46749997138977	7.56500005722046	7.70499992370605	7.69752502441406	7.64250004291535	7.54352498054505	7.57000017166138	7.63894999027252	7.70000004768372	7.75750017166138	7.81749999523163	8.19947504997253	8.20749998092651	8.20055007934571	8.20499992370605	8.03250002861023	8.07499992847443	8.12874984741211	8.17249989509583	8.22374987602234							
2024-12-02	2024-11-26	HFUS	Hartford Creative Group, Inc.	Chang Sheng-Yih	CEO, 10%	P - Purchase	0.02	43786800	45,786,800	>999%	+$875,736	875736	19:40:13	6	0.02	9.76000022888184	7.40000009536743	7.15520000457764	7.49119985103607	7.93999981880188	8.01999998092651	8.96000003814697	9.60000038146973	14.0900001525879	14.6000003814697	14.6000003814697	5.26339998841286	9.5	9.01000010967255	7.80000019073486	7.80000019073486	7.80000019073486	7.80000019073486	7.80000019073486	7.80000019073486	7.80000019073486	7.80000019073486	4.88000011444092	4.88000011444092	5.44000005722046	4.87960004806519	4.87960004806519	5.15980005264283	4.87960004806519	4.87960004806519	4.87960004806519	4.87960004806519	4.87960004806519	5.28480005264282	4.48000001907348	4.51999998092651	4.51999998092651	4.51999998092651	4.51999998092651	4.52500009536743	4.40000009536743	4.40000009536743					
2024-11-29	2024-11-26	BH	Biglari Holdings Inc.	Biglari, Sardar	COB, CEO, 10%	P - Purchase	326.46	3350	1,536,080	0%	+$1,093,635	1093641	21:51:44	3	326.46	211.110000610352	212.367500305176	214.089996337891	221.23999786377	224.654998779297	227.267501831055	230.86499786377	229.045001983643	228.840003967285	231.400001525879	235.235000610352	235.005004882813	233.067501068115	247.380004882813	247.700004577637	241.974998474121	244.184997558594	252.729995727539	260.512493133545	264.330001831055	258.987503051758	254.567501068115	256.152496337891	251.577495574951	254.765003204346	253.474998474121	239.965000152588	230.602500915528	221.402496337891	218.047500610352	220.252498626709	220.572502136231	216.552501678467	217.48999786377	220.287502288818	221.772499084473	220.579998016358	222.977504730224	227.319999694824								
2024-11-27	2024-11-26	NGNE	Neurogene Inc.	Samsara Biocapital Gp, LLC	10%	P - Purchase	25.83	48770	1,717,127	+3%	+$1,259,623	1259729.1	16:39:29	1	25.83	26.3049998283386	25.9175000190735	25.0462503433228	23.2424998283386	21.835000038147	22.0150003433227	22.9399995803833	23.9450001716614	23.763750076294	23.5400004386902	22.7482495307923	23.0425004959106	24.1599998474121	24.1824998855591	22.8637499809265	22.1587505340577	22.454999923706	22.5149998664856	22.4425005912781	23.8175001144409	23.8974995613099	22.0750007629394	22.5400004386902	23.164999961853	23.1449995040893	23.3324999809265	22.3762502670288	21.4999995231629	20.1375002861023	18.7849998474121	18.7199997901916	18.6037502288818	18.0099997520447	17.0215001106262	16.5725002288818	16.2574999332428	15.7225000858307	15.1400001049042									
2024-11-26	2024-11-25	HWH	Hwh International Inc.	Chan Heng Fai Ambrose	Dir, 10%	P - Purchase	0.68	4411764	11,387,954	+63%	+$3,000,000	2999999.52	19:12:12	1	0.68	2.76750004291535	4.72874999046326	4.53374993801117	4.88749992847443	4.60750007629395	4.93749988079071	5.02500009536743	4.91250002384186	4.93124997615814	4.82874989509583	3.06500005722046	2.9899999499321	3.23500001430512	3.06625002622604	2.57500004768372	2.68000000715256	2.56874996423721	2.52250003814697	2.29625004529953	2.33874994516373	2.6112499833107	3.20625001192093	3.03250002861023	3.14249992370605	3.32749998569489	2.19874998927116	2.32749998569489	2.25750005245209	2.08499994874001	2.08749997615814	1.93124997615814	1.93749997019768	1.94625002145767	1.91374999284744	1.94125002622605	1.68499997258187	1.57499998807907	1.47749999165535	1.41875001788139								
2024-11-26	2024-11-22	UAN	Cvr Partners, LP	Icahn Carl C	10%	P - Purchase	71.2	25815	4,033,844	+1%	+$1,838,037	1838028	17:50:18	4	71.2	71.7025012969971	70.7075004577637	73.1000003814697	79.7600002288819	81.0599994659424	81.2775001525879	79.3075008392334	78.9125003814697	77.792501449585	77.4374980926514	76.9300003051758	76.8725013732911	76.5300006866455	75.1474990844726	75.060001373291	75.0699996948242	74.8999996185303	74.0074996948243	73.8125	74.5625	75.5949993133545	75.5725002288818	75.2674999237061	75.0100002288819	75.6649990081787	76.8125	76.8549995422363	76.9000015258789	75.8325004577637	75.0325012207031	74.9174995422363	77.3374996185303	79.7275009155274	81.7849998474122	83.5349998474121	83.8300018310547	83.6800003051758	82.5574989318848	81.8000011444092	82.1749992370606							
2024-11-26	2024-11-22	IIIV	I3 Verticals, Inc.	Daily Gregory S	CEO, 10%	P - Purchase	23.76	88544	316,227	+39%	+$2,103,669	2103805.44	17:30:21	4	23.76	23.9924998283387	23.9125003814697	25.6900000572205	24.9599995613099	24.977499961853	24.8150000572205	24.7849998474121	23.9075002670288	23.5299997329712	23.210000038147	23.2449998855591	23.4674997329712	23.4924993515015	22.9124999046326	22.4874997138977	22.522500038147	22.6450004577637	23.0574998855591	23.4175000190735	23.210000038147	23.1449995040894	23.572500705719	23.8099994659424	23.539999961853	23.4425001144409	23.25	23.3950004577637	23.7200002670288	23.7425003051758	23.8024997711182	23.5749998092651	23.2199997901917	23.5275001525879	23.9749999046326	23.8800001144409	23.8924994468689	23.9775004386902	24.1225004196167	24.0725002288819	23.9324994087219							
2024-11-26	2024-11-22	NRDY	Nerdy Inc.	Cohn Charles K.	CEO, 10%	P - Purchase	1.4	421796	48,088,009	+1%	+$590,514	590514.4	17:28:46	4	1.4	1.4187500178814	1.46249997615814	1.43500000238419	1.52550002932549	1.58625000715256	1.51000002026558	1.56125000119209	1.5174999833107	1.59250000119209	1.72749999165535	1.78125	1.67249998450279	1.62624999880791	1.64875000715256	1.80500000715256	1.97500002384186	1.8125	1.67250001430511	1.63750001788139	1.70875000953674	1.667750030756	1.69749999046326	1.71624997258187	1.63499996066093	1.64950001239777	1.59499999880791	1.60624998807907	1.82525002956391	1.85499998927117	1.69499999284744	1.60875001549721	1.52874997258186	1.56499999761581	1.64499998092651	1.65499997138977	1.67500001192093	1.66624999046326	1.63749998807907	1.66499999165535	1.78749999403954							
2024-11-26	2024-11-22	PSEC	Prospect Capital Corp	Barry John F	CEO, 10%	P - Purchase	4.78	1e+06	77,793,888	+1%	+$4,780,000	4780000	16:01:24	4	4.78	4.82000005245209	4.73999989032745	4.75	4.77250003814697	4.66000008583069	4.56000018119812	4.56250011920929	4.51499998569489	4.5074999332428	4.48000013828278	4.39499998092651	4.42750000953675	4.45500004291535	4.46749997138977	4.42500007152558	4.35500001907348	4.31749999523163	4.2775000333786	4.19249999523163	4.15499997138977	4.26250004768372	4.32249999046326	4.26500010490418	4.24249994754792	4.28249990940094	4.32249999046326	4.34249997138977	4.32999992370605	4.30499994754791	4.2649998664856	4.21499991416931	4.21249997615814	4.2574999332428	4.29499995708466	4.3050000667572	4.32249999046326	4.35500001907349	4.37750005722046	4.36500000953674	4.37500011920929							
2024-11-26	2024-11-25	BIGZ	Blackrock Innovation & Growth Term Trust	Saba Capital Management, L.P.	10%	P - Purchase	7.96	266732	58,126,891	0%	+$2,123,187	2123186.72	12:08:33	1	7.96	8.0074999332428	7.96624994277954	7.97999978065491	8.02250015735626	7.97749996185303	8.02749991416931	8.07124996185303	8.08000016212463	8.04747498035431	7.92250001430511	7.91499996185303	7.87000000476837	7.87749993801117	7.85999989509583	7.82000005245209	7.64749991893768	7.49374997615814	7.51250004768372	7.57500004768372	7.60249996185303	7.61499989032746	7.52874994277954	7.42499995231629	7.45249998569489	7.46749997138977	7.56500005722046	7.70499992370605	7.69752502441406	7.64250004291535	7.54352498054505	7.57000017166138	7.63894999027252	7.70000004768372	7.75750017166138	7.81749999523163	8.19947504997253	8.20749998092651	8.20055007934571	8.20499992370605								
2024-11-25	2024-11-21	PDX	Pimco Dynamic Income Strategy Fund	Saba Capital Management, L.P.	10%	P - Purchase	26.21	81273	6,769,441	+1%	+$2,130,027	2130165.33	19:19:35	4	26.21	26.420000076294	26.6554999351502	26.585000038147	26.6800003051758	26.897500038147	27.045000076294	26.8449997901917	26.773250579834	26.5500001907349	26.5700001716614	26.7525000572205	26.6974997520447	26.8700003623962	26.7074999809265	26.4299998283386	26.0224995613098	25.2749996185303	25.1212501525879	24.7599997520447	24.9974994659424	26.0100002288819	26.5637497901917	26.8815002441406	26.602499961853	26.2125000953674	26.1887497901917	26.2474994659424	26.3775005340576	26.0747499465942	25.914999961853	25.9172501564026	25.8099999427796	28.4124999046326	31.5702500343323	32.1549997329712	31.3125	31.5349998474121	32.0852499008179	27.6902503967285	28.0799994468689							
2024-11-25	2024-11-22	BIGZ	Blackrock Innovation & Growth Term Trust	Saba Capital Management, L.P.	10%	P - Purchase	7.86	68422	57,860,159	0%	+$537,797	537796.92	18:49:03	3	7.86	7.93999993801117	8.0074999332428	7.96624994277954	7.97999978065491	8.02250015735626	7.97749996185303	8.02749991416931	8.07124996185303	8.08000016212463	8.04747498035431	7.92250001430511	7.91499996185303	7.87000000476837	7.87749993801117	7.85999989509583	7.82000005245209	7.64749991893768	7.49374997615814	7.51250004768372	7.57500004768372	7.60249996185303	7.61499989032746	7.52874994277954	7.42499995231629	7.45249998569489	7.46749997138977	7.56500005722046	7.70499992370605	7.69752502441406	7.64250004291535	7.54352498054505	7.57000017166138	7.63894999027252	7.70000004768372	7.75750017166138	7.81749999523163	8.19947504997253	8.20749998092651	8.20055007934571								
2024-11-25	2024-11-21	EVM	Eaton Vance California Municipal Bond Fund	Saba Capital Management, L.P.	10%	P - Purchase	9.35	158191	3,492,895	+5%	+$1,479,086	1479085.85	18:46:32	4	9.35	9.34500002861023	9.37000012397766	9.40249991416931	9.45499992370606	9.46499991416931	9.49750018119812	9.50500011444092	9.51250004768372	9.52499985694885	9.58249998092651	9.62749981880188	9.61999988555908	9.61750030517578	9.55999994277954	9.46749997138977	9.4150002002716	9.3824999332428	9.34249997138977	9.24499988555909	9.19000005722046	9.15249991416931	9.1875	9.20999979972839	9.20250010490417	9.21250009536744	9.22250008583069	9.29250025749207	9.32250022888183	9.36750006675721	9.37750005722046	9.3675000667572	9.30250000953674	9.3175003528595	9.29500007629395	9.25500011444092	9.25249981880188	9.29500031471252	9.29999995231628	9.33500003814697	9.39749979972839							
2024-11-25	2024-11-21	MHI	Pioneer Municipal High Income Fund, Inc.	Saba Capital Management, L.P.	10%	P - Purchase	9.41	64283	3,824,599	+2%	+$604,903	604903.03	18:34:40	4	9.41	9.40250015258789	9.451899766922	9.45749998092651	9.53880000114441	9.59000015258789	9.51750016212464	9.62377524375915	9.62337493896484	9.61250019073486	9.63992500305176	9.64997506141663	9.64502501487732	9.70124983787537	9.65000009536743	9.56000018119812	9.55250024795532	9.49000024795533	9.4449999332428	9.40999984741211	9.39999985694885	9.32750010490417	9.28500032424927	9.29285001754761	9.29499983787537	9.28979992866516	9.28750014305115	9.375	9.40750002861023	9.43250012397766	9.39875006675721	9.38874983787537	9.32999992370605	9.3675000667572	9.36500000953674	9.42499971389771	9.40749979019165	9.39750003814697	9.41007471084595	9.40749979019165	9.3675000667572							
2024-11-25	2024-11-21	PSEC	Prospect Capital Corp	Barry John F	CEO, 10%	P - Purchase	4.64	1e+06	76,793,888	+1%	+$4,640,000	4640000	16:01:09	4	4.64	4.73749995231629	4.82000005245209	4.73999989032745	4.75	4.77250003814697	4.66000008583069	4.56000018119812	4.56250011920929	4.51499998569489	4.5074999332428	4.48000013828278	4.39499998092651	4.42750000953675	4.45500004291535	4.46749997138977	4.42500007152558	4.35500001907348	4.31749999523163	4.2775000333786	4.19249999523163	4.15499997138977	4.26250004768372	4.32249999046326	4.26500010490418	4.24249994754792	4.28249990940094	4.32249999046326	4.34249997138977	4.32999992370605	4.30499994754791	4.2649998664856	4.21499991416931	4.21249997615814	4.2574999332428	4.29499995708466	4.3050000667572	4.32249999046326	4.35500001907349	4.37750005722046	4.36500000953674							
2024-11-22	2024-11-20	BH	Biglari Holdings Inc.	Biglari, Sardar	COB, CEO, 10%	P - Purchase	208.77	2427	1,532,730	0%	+$506,690	506684.79	18:38:06	2	208.77	208.024997711181	206.800003051758	208.174999237061	205.442501068115	211.110000610352	212.367500305176	214.089996337891	221.23999786377	224.654998779297	227.267501831055	230.86499786377	229.045001983643	228.840003967285	231.400001525879	235.235000610352	235.005004882813	233.067501068115	247.380004882813	247.700004577637	241.974998474121	244.184997558594	252.729995727539	260.512493133545	264.330001831055	258.987503051758	254.567501068115	256.152496337891	251.577495574951	254.765003204346	253.474998474121	239.965000152588	230.602500915528	221.402496337891	218.047500610352	220.252498626709	220.572502136231	216.552501678467	217.48999786377									
2024-11-22	2024-11-19	NINE	Nine Energy Service, Inc.	Monroe William	10%	P - Purchase	1.21	960000	4,860,000	+25%	+$1,159,545	1161600	18:33:50	3	1.21	1.2049999833107	1.23249998688698	1.36750000715256	1.59999999403954	1.47499996423721	1.49225002527237	1.70625001192093	1.75249996781349	1.69749999046326	1.62000000476837	1.49599999189377	1.37999999523163	1.35000002384186	1.28500002622604	1.23124998807907	1.17250001430512	1.125	1.06149998307228	1	0.970749989151954	0.912499994039536	0.944999992847442	1.01099999248981	0.970249995589257	1.01349999010563	1.05374997854233	1.00299997627735	1.04525001347065	1.21249997615815	1.41249999403954	1.32749998569489	1.28750002384186	1.33250001072884	1.30249997973442	1.25499999523163	1.24000000953674	1.19749999046326	1.18000000715256	1.19999998807907								
2024-11-22	2024-11-20	NRDY	Nerdy Inc.	Cohn Charles K.	CEO, 10%	P - Purchase	1.23	746335	47,529,460	+2%	+$917,992	917992.05	17:39:09	2	1.23	1.28000003099441	1.38500002026558	1.4187500178814	1.46249997615814	1.43500000238419	1.52550002932549	1.58625000715256	1.51000002026558	1.56125000119209	1.5174999833107	1.59250000119209	1.72749999165535	1.78125	1.67249998450279	1.62624999880791	1.64875000715256	1.80500000715256	1.97500002384186	1.8125	1.67250001430511	1.63750001788139	1.70875000953674	1.667750030756	1.69749999046326	1.71624997258187	1.63499996066093	1.64950001239777	1.59499999880791	1.60624998807907	1.82525002956391	1.85499998927117	1.69499999284744	1.60875001549721	1.52874997258186	1.56499999761581	1.64499998092651	1.65499997138977	1.67500001192093									
2024-11-22	2024-11-20	OSCR	Oscar Health, Inc.	Thrive Partners VII Growth Gp, LLC	Dir, 10%	P - Purchase	16.91	188395	6,343,617	+3%	+$3,185,681	3185759.45	16:33:02	2	16.91	16.6499996185303	16.2650003433227	16.6875	16.5550003051758	16.7212500572205	17.102499961853	18.0300002098084	18.1824998855591	17.539999961853	16.8399996757507	16.0307502746582	16.3079998493195	15.4549996852875	14.727499961853	14.1925001144409	13.7375001907349	13.7025001049042	13.7225000858307	13.6487500667572	13.4375	13.7700002193451	13.7350001335144	13.4112498760224	13.8224997520447	14.0150001049042	13.5474998950959	13.5849997997284	13.6449999809265	14.0100002288818	14.9624998569488	14.4650001525879	14.9045000076294	14.5525000095368	14.1374998092651	14.6162497997284	15.1949999332428	15.1274998188019	15.5750000476837									
2024-11-22	2024-11-20	OSCR	Oscar Health, Inc.	Kushner Joshua	Co-Founder, Vice COB, 10%	P - Purchase	16.91	188395	6,343,617	+3%	+$3,185,681	3185759.45	16:29:47	2	16.91	16.6499996185303	16.2650003433227	16.6875	16.5550003051758	16.7212500572205	17.102499961853	18.0300002098084	18.1824998855591	17.539999961853	16.8399996757507	16.0307502746582	16.3079998493195	15.4549996852875	14.727499961853	14.1925001144409	13.7375001907349	13.7025001049042	13.7225000858307	13.6487500667572	13.4375	13.7700002193451	13.7350001335144	13.4112498760224	13.8224997520447	14.0150001049042	13.5474998950959	13.5849997997284	13.6449999809265	14.0100002288818	14.9624998569488	14.4650001525879	14.9045000076294	14.5525000095368	14.1374998092651	14.6162497997284	15.1949999332428	15.1274998188019	15.5750000476837									
2024-11-22	2024-11-20	PSEC	Prospect Capital Corp	Barry John F	CEO, 10%	P - Purchase	4.59	1e+06	75,793,876	+1%	+$4,590,000	4590000	16:01:25	2	4.59	4.62999999523163	4.73749995231629	4.82000005245209	4.73999989032745	4.75	4.77250003814697	4.66000008583069	4.56000018119812	4.56250011920929	4.51499998569489	4.5074999332428	4.48000013828278	4.39499998092651	4.42750000953675	4.45500004291535	4.46749997138977	4.42500007152558	4.35500001907348	4.31749999523163	4.2775000333786	4.19249999523163	4.15499997138977	4.26250004768372	4.32249999046326	4.26500010490418	4.24249994754792	4.28249990940094	4.32249999046326	4.34249997138977	4.32999992370605	4.30499994754791	4.2649998664856	4.21499991416931	4.21249997615814	4.2574999332428	4.29499995708466	4.3050000667572	4.32249999046326									
2024-11-21	2024-11-21	SGHT	Sight Sciences, Inc.	Encrantz Staffan	Dir, 10%	P - Purchase	3.73	551802	5,603,436	+11%	+$2,058,221	2058221.46	21:12:29	0	3.73	4.03250014781952	4.11750000715256	3.9512500166893	3.97250008583069	4.00750005245208	4.00249999761581	3.93874990940094	3.82500004768372	3.70750004053116	3.83499997854233	3.97624999284744	3.94625002145768	3.91500002145767	3.81750005483627	3.63999998569489	3.61375004053116	3.64499998092651	3.54500007629395	3.44999992847443	3.49250000715256	3.53249996900558	3.51499998569489	3.56749993562698	3.56900000572205	3.51499998569488	3.61374998092651	3.63749998807907	3.53249996900558	3.46000003814697	3.3575000166893	3.29750001430512	3.24250000715256	3.20000004768372	3.21875005960464	3.15625	2.96749991178513	2.80749994516373										
2024-11-21	2024-11-19	UAN	Cvr Partners, LP	Icahn Carl C	10%	P - Purchase	71.66	19174	4,008,029	0%	+$1,374,040	1374008.84	17:59:07	2	71.66	71.5049991607666	71.5550003051758	71.9675006866455	71.7025012969971	70.7075004577637	73.1000003814697	79.7600002288819	81.0599994659424	81.2775001525879	79.3075008392334	78.9125003814697	77.792501449585	77.4374980926514	76.9300003051758	76.8725013732911	76.5300006866455	75.1474990844726	75.060001373291	75.0699996948242	74.8999996185303	74.0074996948243	73.8125	74.5625	75.5949993133545	75.5725002288818	75.2674999237061	75.0100002288819	75.6649990081787	76.8125	76.8549995422363	76.9000015258789	75.8325004577637	75.0325012207031	74.9174995422363	77.3374996185303	79.7275009155274	81.7849998474122	83.5349998474121	83.8300018310547								
2024-11-21	2024-11-19	NRDY	Nerdy Inc.	Cohn Charles K.	CEO, 10%	P - Purchase	1.21	1501500	46,783,125	+3%	+$1,816,815	1816815	17:42:37	2	1.21	1.21250000596047	1.28000003099441	1.38500002026558	1.4187500178814	1.46249997615814	1.43500000238419	1.52550002932549	1.58625000715256	1.51000002026558	1.56125000119209	1.5174999833107	1.59250000119209	1.72749999165535	1.78125	1.67249998450279	1.62624999880791	1.64875000715256	1.80500000715256	1.97500002384186	1.8125	1.67250001430511	1.63750001788139	1.70875000953674	1.667750030756	1.69749999046326	1.71624997258187	1.63499996066093	1.64950001239777	1.59499999880791	1.60624998807907	1.82525002956391	1.85499998927117	1.69499999284744	1.60875001549721	1.52874997258186	1.56499999761581	1.64499998092651	1.65499997138977	1.67500001192093								
2024-11-21	2024-11-19	PSEC	Prospect Capital Corp	Barry John F	CEO, 10%	P - Purchase	4.63	1e+06	74,793,876	+1%	+$4,630,000	4630000	16:02:10	2	4.63	4.61000001430511	4.62999999523163	4.73749995231629	4.82000005245209	4.73999989032745	4.75	4.77250003814697	4.66000008583069	4.56000018119812	4.56250011920929	4.51499998569489	4.5074999332428	4.48000013828278	4.39499998092651	4.42750000953675	4.45500004291535	4.46749997138977	4.42500007152558	4.35500001907348	4.31749999523163	4.2775000333786	4.19249999523163	4.15499997138977	4.26250004768372	4.32249999046326	4.26500010490418	4.24249994754792	4.28249990940094	4.32249999046326	4.34249997138977	4.32999992370605	4.30499994754791	4.2649998664856	4.21499991416931	4.21249997615814	4.2574999332428	4.29499995708466	4.3050000667572	4.32249999046326								
2024-11-21	2024-11-19	PDX	Pimco Dynamic Income Strategy Fund	Saba Capital Management, L.P.	10%	P - Purchase	26.03	149628	6,688,168	+2%	+$3,894,071	3894816.84	14:28:59	2	26.03	26.1799998283386	26.2525000572205	26.420000076294	26.6554999351502	26.585000038147	26.6800003051758	26.897500038147	27.045000076294	26.8449997901917	26.773250579834	26.5500001907349	26.5700001716614	26.7525000572205	26.6974997520447	26.8700003623962	26.7074999809265	26.4299998283386	26.0224995613098	25.2749996185303	25.1212501525879	24.7599997520447	24.9974994659424	26.0100002288819	26.5637497901917	26.8815002441406	26.602499961853	26.2125000953674	26.1887497901917	26.2474994659424	26.3775005340576	26.0747499465942	25.914999961853	25.9172501564026	25.8099999427796	28.4124999046326	31.5702500343323	32.1549997329712	31.3125	31.5349998474121								
2024-11-21	2024-11-19	DGICA	Donegal Group Inc	Donegal Mutual Insurance Co	10%	P - Purchase	15.81	46248	17,396,208	0%	+$730,960	731180.88	14:16:04	2	15.81	15.8324997425079	15.8924996852875	15.9374997615814	16.1150000095367	16.3775000572205	16.4150004386902	16.579999923706	16.6800003051758	16.7600002288818	16.5724997520447	16.6375002861023	16.5400004386902	16.3825006484985	16.2525000572205	16.3449997901917	16.4250001907349	16.375	16.4299998283386	16.2775006294251	16.0125000476837	15.8200001716614	15.5975003242493	15.3924996852875	15.414999961853	15.4825003147125	15.4449999332428	15.2400002479554	15.4024999141693	15.3800001144409	15.2025001049042	14.9800000190735	14.8549997806549	14.7650001049042	14.4974999427795	14.3274998664856	14.3025000095368	14.5525000095367	14.585000038147	14.6349999904633								
2024-11-21	2024-11-19	BIGZ	Blackrock Innovation & Growth Term Trust	Saba Capital Management, L.P.	10%	P - Purchase	7.62	174630	57,791,737	0%	+$1,330,478	1330680.6	14:15:29	2	7.62	7.64999997615814	7.73000001907349	7.82000005245209	7.93999993801117	8.0074999332428	7.96624994277954	7.97999978065491	8.02250015735626	7.97749996185303	8.02749991416931	8.07124996185303	8.08000016212463	8.04747498035431	7.92250001430511	7.91499996185303	7.87000000476837	7.87749993801117	7.85999989509583	7.82000005245209	7.64749991893768	7.49374997615814	7.51250004768372	7.57500004768372	7.60249996185303	7.61499989032746	7.52874994277954	7.42499995231629	7.45249998569489	7.46749997138977	7.56500005722046	7.70499992370605	7.69752502441406	7.64250004291535	7.54352498054505	7.57000017166138	7.63894999027252	7.70000004768372	7.75750017166138	7.81749999523163								
2024-11-21	2024-11-19	EVM	Eaton Vance California Municipal Bond Fund	Saba Capital Management, L.P.	10%	P - Purchase	9.36	54566	3,334,704	+2%	+$510,982	510737.76	14:11:19	2	9.36	9.34249973297119	9.35250020027161	9.34500002861023	9.37000012397766	9.40249991416931	9.45499992370606	9.46499991416931	9.49750018119812	9.50500011444092	9.51250004768372	9.52499985694885	9.58249998092651	9.62749981880188	9.61999988555908	9.61750030517578	9.55999994277954	9.46749997138977	9.4150002002716	9.3824999332428	9.34249997138977	9.24499988555909	9.19000005722046	9.15249991416931	9.1875	9.20999979972839	9.20250010490417	9.21250009536744	9.22250008583069	9.29250025749207	9.32250022888183	9.36750006675721	9.37750005722046	9.3675000667572	9.30250000953674	9.3175003528595	9.29500007629395	9.25500011444092	9.25249981880188	9.29500031471252								
2024-11-20	2024-11-18	HTLD	Heartland Express Inc	Ann S. Gerdin Revocable Trust	Co-Trustee of 10% Owner, 10%	P - Purchase	12.24	49506	22,169,567	0%	+$606,087	605953.44	18:00:36	2	12.24	12.1924998760223	12.1699998378754	12.2750000953675	12.3275001049042	12.5675001144409	12.5774998664856	12.6225001811981	12.6900002956391	12.6899998188019	12.6175000667572	12.4474999904633	12.3050000667572	12.1175000667572	12.0199997425079	11.9975001811981	12.0600001811981	11.9724998474121	11.8699998855591	11.7424998283386	11.7300000190735	11.6399998664856	11.5924999713898	11.3699998855591	11.1524999141693	11.0774998664856	11.0724999904633	11.0650000572204	11.0725002288818	11.1724998950958	11.1325001716614	11.0675001144409	11.1574997901917	10.9125001430511	10.7725002765656	10.6624999046326	10.7100002765656	10.9525003433227	11.2374999523163	11.2775001525879	11.2650001049042							
2024-11-20	2024-11-18	NRDY	Nerdy Inc.	Cohn Charles K.	CEO, 10%	P - Purchase	0.98	796096	45,281,625	+2%	+$780,174	780174.08	17:45:25	2	0.98	1.14499998092652	1.21250000596047	1.28000003099441	1.38500002026558	1.4187500178814	1.46249997615814	1.43500000238419	1.52550002932549	1.58625000715256	1.51000002026558	1.56125000119209	1.5174999833107	1.59250000119209	1.72749999165535	1.78125	1.67249998450279	1.62624999880791	1.64875000715256	1.80500000715256	1.97500002384186	1.8125	1.67250001430511	1.63750001788139	1.70875000953674	1.667750030756	1.69749999046326	1.71624997258187	1.63499996066093	1.64950001239777	1.59499999880791	1.60624998807907	1.82525002956391	1.85499998927117	1.69499999284744	1.60875001549721	1.52874997258186	1.56499999761581	1.64499998092651	1.65499997138977	1.67500001192093							
2024-11-20	2024-11-18	PSEC	Prospect Capital Corp	Barry John F	CEO, 10%	P - Purchase	4.47	837273	73,774,401	+1%	+$3,742,610	3742610.31	16:01:14	2	4.47	4.58249998092652	4.61000001430511	4.62999999523163	4.73749995231629	4.82000005245209	4.73999989032745	4.75	4.77250003814697	4.66000008583069	4.56000018119812	4.56250011920929	4.51499998569489	4.5074999332428	4.48000013828278	4.39499998092651	4.42750000953675	4.45500004291535	4.46749997138977	4.42500007152558	4.35500001907348	4.31749999523163	4.2775000333786	4.19249999523163	4.15499997138977	4.26250004768372	4.32249999046326	4.26500010490418	4.24249994754792	4.28249990940094	4.32249999046326	4.34249997138977	4.32999992370605	4.30499994754791	4.2649998664856	4.21499991416931	4.21249997615814	4.2574999332428	4.29499995708466	4.3050000667572	4.32249999046326							
2024-11-19	2024-11-15	BH	Biglari Holdings Inc.	Biglari, Sardar	COB, CEO, 10%	P - Purchase	271.92	15195	1,530,303	+1%	+$4,131,792	4131824.4	19:10:50	4	271.92	206.080001831055	208.872497558594	211.009998321533	208.024997711181	206.800003051758	208.174999237061	205.442501068115	211.110000610352	212.367500305176	214.089996337891	221.23999786377	224.654998779297	227.267501831055	230.86499786377	229.045001983643	228.840003967285	231.400001525879	235.235000610352	235.005004882813	233.067501068115	247.380004882813	247.700004577637	241.974998474121	244.184997558594	252.729995727539	260.512493133545	264.330001831055	258.987503051758	254.567501068115	256.152496337891	251.577495574951	254.765003204346	253.474998474121	239.965000152588	230.602500915528	221.402496337891	218.047500610352	220.252498626709	220.572502136231	216.552501678467	217.48999786377						
2024-11-19	2024-11-15	PSEC	Prospect Capital Corp	Barry John F	CEO, 10%	P - Purchase	4.4	205900	72,937,128	0%	+$905,960	905960	18:37:58	4	4.4	4.4575001001358	4.58249998092652	4.61000001430511	4.62999999523163	4.73749995231629	4.82000005245209	4.73999989032745	4.75	4.77250003814697	4.66000008583069	4.56000018119812	4.56250011920929	4.51499998569489	4.5074999332428	4.48000013828278	4.39499998092651	4.42750000953675	4.45500004291535	4.46749997138977	4.42500007152558	4.35500001907348	4.31749999523163	4.2775000333786	4.19249999523163	4.15499997138977	4.26250004768372	4.32249999046326	4.26500010490418	4.24249994754792	4.28249990940094	4.32249999046326	4.34249997138977	4.32999992370605	4.30499994754791	4.2649998664856	4.21499991416931	4.21249997615814	4.2574999332428	4.29499995708466	4.3050000667572	4.32249999046326						
2024-11-19	2024-11-18	BRKR	Bruker Corp	Laukien Frank H	Pres, CEO, 10%	P - Purchase	50.14	1e+05	39,387,671	0%	+$5,014,069	5014000	16:07:19	1	50.14	48.602499961853	51.9574995040894	54.5825004577637	56.7600002288818	58.1824998855591	57.6224994659424	58.1250009536743	58.0949993133545	57.8974990844727	57.8874998092652	58.375	59.5825004577637	59.0599994659424	60.2450008392334	60.5999994277954	59.7900009155273	59.1150007247925	58.0024995803833	57.1224994659424	57.4274997711182	56.4899997711182	55.710000038147	56.4225006103516	57.0424995422363	58.1349992752075	58.0425004959107	58.125	58.0550003051758	58.7825002670288	59.1550006866455	59.0274991989136	60.6350002288818	61.3175001144409	60.7649993896485	60.1474990844727	62.0500001907349	62.4025001525879	60.1199998855591	57.5999994277954	58.3150014877319							
2024-11-19	2024-11-18	PDX	Pimco Dynamic Income Strategy Fund	Saba Capital Management, L.P.	10%	P - Purchase	25.85	117561	6,538,540	+2%	+$3,038,952	3038951.85	13:51:23	1	25.85	25.9377498626709	26.1799998283386	26.2525000572205	26.420000076294	26.6554999351502	26.585000038147	26.6800003051758	26.897500038147	27.045000076294	26.8449997901917	26.773250579834	26.5500001907349	26.5700001716614	26.7525000572205	26.6974997520447	26.8700003623962	26.7074999809265	26.4299998283386	26.0224995613098	25.2749996185303	25.1212501525879	24.7599997520447	24.9974994659424	26.0100002288819	26.5637497901917	26.8815002441406	26.602499961853	26.2125000953674	26.1887497901917	26.2474994659424	26.3775005340576	26.0747499465942	25.914999961853	25.9172501564026	25.8099999427796	28.4124999046326	31.5702500343323	32.1549997329712	31.3125	31.5349998474121							
2024-11-18	2024-11-14	RNAC	Cartesian Therapeutics, Inc.	Springer Timothy A	Dir, 10%	P - Purchase	17.07	431940	9,316,199	+5%	+$7,373,527	7373215.8	19:35:50	4	17.07	17.1325001716614	17.8112497329712	18.5124998092651	17.4000005722046	16.9237499237061	17.7437500953674	18.6675000190735	18.2149996757508	18.4549999237061	18.4299998283386	19.0324993133545	19.696499824524	21.3462500572205	22.602499961853	24.4749994277954	24.982500076294	23.3274998664856	23.0450005531311	21.352499961853	19.3610000610352	18.8712496757507	18.6899995803833	17.7125000953674	18.5100002288819	19.1474995613098	19.1647500991821	19.3157496452332	19.0974998474121	19.6300001144409	18.9262499809265	18.1875	17.4674997329712	16.9275002479553	17.2174992561341	17.571249961853	16.9137496948242	16.7249999046326	17.4549999237061	18.2387504577637	18.7074999809266	19.4900007247925						
2024-11-18	2024-11-14	SNBR	Sleep Number Corp	Stadium Capital Management LLC	10%	P - Purchase	12.9	43140	2,616,459	+2%	+$556,390	556506	18:46:43	4	12.9	13.0700001716614	12.2074999809265	11.9325001239777	11.6325001716613	12.0425000190735	12.5350000858307	13.860000371933	14.2374999523163	14.7074997425079	15.2300000190735	15.3324999809265	15.9549999237061	16.6399998664856	17.8649997711182	18.8850002288818	19.3625001907349	19.512499332428	20.2399997711182	20.1349997520447	20.0500001907349	19.3300004005432	19.1100001335144	18.6425004005432	17.3874998092651	16.4525003433228	16.1200001239777	16.1649994850159	15.8450000286102	15.2724997997284	15.0925002098084	15.3775000572205	15.2400002479553	14.795000076294	14.9774999618531	14.9774999618531	15.0349998474121	14.9125001430511	14.9300000667572	15.3299999237061	15.9950001239777	16.5549998283386						
2024-11-18	2024-11-14	UAN	Cvr Partners, LP	Icahn Carl C	10%	P - Purchase	72.29	13971	3,988,855	0%	+$1,010,026	1009963.59	17:26:39	4	72.29	72.6125011444092	72.1774997711182	71.3425006866455	71.5049991607666	71.5550003051758	71.9675006866455	71.7025012969971	70.7075004577637	73.1000003814697	79.7600002288819	81.0599994659424	81.2775001525879	79.3075008392334	78.9125003814697	77.792501449585	77.4374980926514	76.9300003051758	76.8725013732911	76.5300006866455	75.1474990844726	75.060001373291	75.0699996948242	74.8999996185303	74.0074996948243	73.8125	74.5625	75.5949993133545	75.5725002288818	75.2674999237061	75.0100002288819	75.6649990081787	76.8125	76.8549995422363	76.9000015258789	75.8325004577637	75.0325012207031	74.9174995422363	77.3374996185303	79.7275009155274	81.7849998474122	83.5349998474121						
2024-11-18	2024-11-14	OSCR	Oscar Health, Inc.	Thrive Partners VII Growth Gp, LLC	Dir, 10%	P - Purchase	15.8	344522	6,155,222	+6%	+$5,444,343	5443447.6	17:02:12	4	15.8	15.0824997425079	15.6324996948242	17.2605004310608	17.5949997901917	16.6499996185303	16.2650003433227	16.6875	16.5550003051758	16.7212500572205	17.102499961853	18.0300002098084	18.1824998855591	17.539999961853	16.8399996757507	16.0307502746582	16.3079998493195	15.4549996852875	14.727499961853	14.1925001144409	13.7375001907349	13.7025001049042	13.7225000858307	13.6487500667572	13.4375	13.7700002193451	13.7350001335144	13.4112498760224	13.8224997520447	14.0150001049042	13.5474998950959	13.5849997997284	13.6449999809265	14.0100002288818	14.9624998569488	14.4650001525879	14.9045000076294	14.5525000095368	14.1374998092651	14.6162497997284	15.1949999332428	15.1274998188019						
2024-11-18	2024-11-14	OSCR	Oscar Health, Inc.	Kushner Joshua	Co-Founder, Vice COB, 10%	P - Purchase	15.8	344522	6,155,222	+6%	+$5,444,343	5443447.6	16:55:00	4	15.8	15.0824997425079	15.6324996948242	17.2605004310608	17.5949997901917	16.6499996185303	16.2650003433227	16.6875	16.5550003051758	16.7212500572205	17.102499961853	18.0300002098084	18.1824998855591	17.539999961853	16.8399996757507	16.0307502746582	16.3079998493195	15.4549996852875	14.727499961853	14.1925001144409	13.7375001907349	13.7025001049042	13.7225000858307	13.6487500667572	13.4375	13.7700002193451	13.7350001335144	13.4112498760224	13.8224997520447	14.0150001049042	13.5474998950959	13.5849997997284	13.6449999809265	14.0100002288818	14.9624998569488	14.4650001525879	14.9045000076294	14.5525000095368	14.1374998092651	14.6162497997284	15.1949999332428	15.1274998188019						
2024-11-18	2024-11-14	PSEC	Prospect Capital Corp	Barry John F	CEO, 10%	P - Purchase	4.37	1e+06	72,731,228	+1%	+$4,370,000	4370000	16:01:42	4	4.37	4.40500009059906	4.4575001001358	4.58249998092652	4.61000001430511	4.62999999523163	4.73749995231629	4.82000005245209	4.73999989032745	4.75	4.77250003814697	4.66000008583069	4.56000018119812	4.56250011920929	4.51499998569489	4.5074999332428	4.48000013828278	4.39499998092651	4.42750000953675	4.45500004291535	4.46749997138977	4.42500007152558	4.35500001907348	4.31749999523163	4.2775000333786	4.19249999523163	4.15499997138977	4.26250004768372	4.32249999046326	4.26500010490418	4.24249994754792	4.28249990940094	4.32249999046326	4.34249997138977	4.32999992370605	4.30499994754791	4.2649998664856	4.21499991416931	4.21249997615814	4.2574999332428	4.29499995708466	4.3050000667572						
2024-11-18	2024-11-14	PDX	Pimco Dynamic Income Strategy Fund	Saba Capital Management, L.P.	10%	P - Purchase	24.94	149617	6,420,979	+2%	+$3,731,157	3731447.98	12:16:10	4	24.94	25.2199997901917	25.8699998855591	25.9377498626709	26.1799998283386	26.2525000572205	26.420000076294	26.6554999351502	26.585000038147	26.6800003051758	26.897500038147	27.045000076294	26.8449997901917	26.773250579834	26.5500001907349	26.5700001716614	26.7525000572205	26.6974997520447	26.8700003623962	26.7074999809265	26.4299998283386	26.0224995613098	25.2749996185303	25.1212501525879	24.7599997520447	24.9974994659424	26.0100002288819	26.5637497901917	26.8815002441406	26.602499961853	26.2125000953674	26.1887497901917	26.2474994659424	26.3775005340576	26.0747499465942	25.914999961853	25.9172501564026	25.8099999427796	28.4124999046326	31.5702500343323	32.1549997329712	31.3125						
2024-11-18	2024-11-14	MAV	Pioneer Municipal High Income Advantage Fund, Inc.	Saba Capital Management, L.P.	10%	P - Purchase	8.65	61994	3,421,972	+2%	+$536,327	536248.1	11:52:08	4	8.65	8.63500022888184	8.64249992370606	8.64999985694885	8.64000010490418	8.64499998092652	8.66312503814697	8.70127511024475	8.72000026702881	8.77999973297119	8.82095003128052	8.76999998092651	8.79749989509583	8.80857491493226	8.82270002365113	8.81629991531372	8.83000016212464	8.80250000953674	8.81750011444092	8.7790002822876	8.70749998092651	8.70500016212464	8.62750005722046	8.56750011444092	8.53249979019165	8.49000000953674	8.45250010490418	8.45502495765686	8.45499992370606	8.47002506256103	8.46499991416931	8.45500016212464	8.47749972343445	8.53547501564026	8.5275251865387	8.52750015258789	8.53077483177185	8.47499990463257	8.48000025749207	8.484375	8.51167488098145	8.50500011444092						
2024-11-18	2024-11-18	ZETA	Zeta Global Holdings Corp.	Steinberg David	CEO, 10%	P - Purchase	19.24	53676	3,526,230	+2%	+$1,032,726	1032726.24	11:43:24	0	19.24	20.9524998664856	23.5275006294251	22.3174996376038	21.5974998474121	22.0099997520447	20.7675004005432	20.1300001144409	21.1199994087219	22.8249998092652	24.0374999046326	25.6424999237061	26.0032501220703	26.1275005340576	24.4974999427796	22.0260000228882	21.3900003433228	21.4625000953674	22.0002503395081	21.670000076294	20.7424998283386	19.7775001525879	19.3524994850159	19.0450005531311	18.9924998283386	18.522500038147	18.7625002861023	18.0700001716614	17.7252502441406	17.9549999237061	18.545000076294	18.7525000572205	18.736249923706	18.5175004005432	18.2249999046326	17.5875000953675	16.9225001335144	17.2475004196167	17.904999256134	18.6599998474121								
2024-11-15	2024-11-13	TTSH	Tile Shop Holdings, Inc.	Fund 1 Investments, LLC	10%	P - Purchase	6.43	157599	9,510,275	+2%	+$1,012,851	1013361.57	16:53:49	2	6.43	6.61249983310699	6.47500002384186	6.38750004768372	6.28249990940094	6.25250005722046	6.36249995231629	6.54999995231628	6.64999997615815	6.50499999523163	6.59000003337861	6.625	6.65750002861023	6.63499999046326	6.55999994277954	6.53250002861023	6.69749999046326	6.82000005245209	6.83000004291535	6.88749992847443	6.9025000333786	6.84249985218048	6.89250004291534	6.88499999046326	6.8474999666214	6.85749995708466	6.76999998092651	6.76249992847443	6.61500000953674	6.62000000476837	6.75249993801117	6.84249997138977	6.88499999046326	6.94249999523163	7.0149998664856	7.01499998569489	6.875	6.7700001001358	6.67999982833862	6.65249991416931								
2024-11-15	2024-11-13	AMRC	Ameresco, Inc.	Sakellaris George P	Pres, CEO, 10%	P - Purchase	26.54	25000	2,153,638	+1%	+$663,500	663500	16:38:47	2	26.54	26.5475001335144	26.3025002479554	27.2574996948242	26.5100002288818	26.7024998664856	26.5124998092651	26.1800003051758	27.4875001907349	26.4974999427796	27.8425002098083	28.6550002098083	28.4774994850159	28.25	28.1624999046326	27.7474999427796	27.6575002670288	27.6950001716614	26.7575001716614	26.4749994277954	25.5099997520447	25.0100002288818	24.6199998855591	24.0599999427796	23.6449999809266	22.6375002861023	22.2200002670288	22.579999923706	23.1400003433228	23.3824996948242	23.1650004386902	22.8775000572205	23.3375000953674	24.6050000190735	26.522500038147	28.1675000190735	28.0750002861023	27.227499961853	26.0949997901917	24.6400003433227								
2024-11-15	2024-11-13	GRBK	Green Brick Partners, Inc.	Einhorn David	Dir, 10%	P - Purchase	69.16	1017163	9,511,617	+12%	+$70,346,993	70346993.08	16:02:39	2	69.16	70.3250007629395	69.5774993896485	68.9074993133545	68.3075008392334	68.7225017547608	69.1049995422363	69.9624996185303	73.6949996948242	72.9125003814697	72.3999996185303	71.9875011444092	71.3374996185303	71.6800003051758	70.4449996948242	68.8975009918213	68.232500076294	68.5324993133545	67.2525005340576	67.3950004577637	65.9900016784668	64.9324989318848	64.3099994659424	63.3924999237061	60.6474990844727	57.1749992370606	57.1099996566773	57.2850008010864	57.3175001144409	57.3624992370606	56.8524999618531	56.1249990463257	56.4425001144409	56.3199996948242	55.8249998092652	56.1675004959107	55.0975008010864	54.789999961853	54.647500038147	55.107500076294								
2024-11-15	2024-11-14	DGICA	Donegal Group Inc	Donegal Mutual Insurance Co	10%	P - Purchase	15.79	38500	17,324,838	0%	+$608,011	607915	09:17:38	1	15.79	15.8675000667572	15.7249999046326	15.7024998664856	15.8324997425079	15.8924996852875	15.9374997615814	16.1150000095367	16.3775000572205	16.4150004386902	16.579999923706	16.6800003051758	16.7600002288818	16.5724997520447	16.6375002861023	16.5400004386902	16.3825006484985	16.2525000572205	16.3449997901917	16.4250001907349	16.375	16.4299998283386	16.2775006294251	16.0125000476837	15.8200001716614	15.5975003242493	15.3924996852875	15.414999961853	15.4825003147125	15.4449999332428	15.2400002479554	15.4024999141693	15.3800001144409	15.2025001049042	14.9800000190735	14.8549997806549	14.7650001049042	14.4974999427795	14.3274998664856									
2024-11-14	2024-11-12	BH	Biglari Holdings Inc.	Biglari, Sardar	COB, CEO, 10%	P - Purchase	316.87	18215	1,515,108	+1%	+$5,771,814	5771787.05	19:33:45	2	316.87	195.665000915528	208.317497253418	210.959999084473	206.080001831055	208.872497558594	211.009998321533	208.024997711181	206.800003051758	208.174999237061	205.442501068115	211.110000610352	212.367500305176	214.089996337891	221.23999786377	224.654998779297	227.267501831055	230.86499786377	229.045001983643	228.840003967285	231.400001525879	235.235000610352	235.005004882813	233.067501068115	247.380004882813	247.700004577637	241.974998474121	244.184997558594	252.729995727539	260.512493133545	264.330001831055	258.987503051758	254.567501068115	256.152496337891	251.577495574951	254.765003204346	253.474998474121	239.965000152588	230.602500915528	221.402496337891								
2024-11-14	2024-11-12	NRDY	Nerdy Inc.	Cohn Charles K.	CEO, 10%	P - Purchase	0.9	8338206	44,254,500	+23%	+$7,476,003	7504385.4	18:24:32	2	0.9	0.850249990820885	0.846500009298325	0.925499990582466	0.970750004053116	1.14499998092652	1.21250000596047	1.28000003099441	1.38500002026558	1.4187500178814	1.46249997615814	1.43500000238419	1.52550002932549	1.58625000715256	1.51000002026558	1.56125000119209	1.5174999833107	1.59250000119209	1.72749999165535	1.78125	1.67249998450279	1.62624999880791	1.64875000715256	1.80500000715256	1.97500002384186	1.8125	1.67250001430511	1.63750001788139	1.70875000953674	1.667750030756	1.69749999046326	1.71624997258187	1.63499996066093	1.64950001239777	1.59499999880791	1.60624998807907	1.82525002956391	1.85499998927117	1.69499999284744	1.60875001549721								
2024-11-14	2024-11-12	SATS	Echostar Corp	Ergen Charles W	COB, 10%	P - Purchase	28.04	1551355	16,042,800	+11%	+$43,499,994	43499994.2	17:15:44	2	28.04	22.1725006103516	21.6825003623962	23.0125002861023	23.3049998283387	23.8124995231628	23.7125000953675	23.6350002288818	22.272500038147	23.7550001144409	24.522500038147	25.1500000953674	25.1800003051758	25.3225002288818	24.7874999046326	24.2124996185303	23.8699998855591	24.0124998092652	24.0275001525879	23.5724997520447	23.4175000190735	23.5949997901917	23.4325003623963	23.4499998092652	23.3675003051758	22.7874994277954	22.4774999618531	22.6449999809265	22.5099997520447	22.857500076294	22.8824996948242	22.7425003051758	22.6575002670288	22.7925000190735	22.8199996948242	23.0250000953675	23.3000001907349	23	23.1775002479553	23.0125002861023								
2024-11-14	2024-11-13	KVYO	Klaviyo, Inc.	Fagnan Jeff	10%	P - Purchase	37.14	13515	49,764	+37%	+$501,921	501947.1	16:00:14	1	37.14	36.6775007247925	35.4424991607666	34.8074998855591	34.5312490463257	34.7199993133545	35.8299999237061	36.6774997711182	37.1517505645752	37.0475006103516	36.8599996566773	37.0374994277954	37.366250038147	37.9487504959107	38.7700004577637	38.1437511444092	39.0400009155274	40.1924991607666	39.102499961853	39.0800008773804	39.3149995803833	39.4350004196167	40.4100008010864	42.9225006103516	42.5575008392334	42.6607494354248	43.3100004196167	43.7550001144409	43.2762498855591	43.4324989318848	42.9975004196167	41.8299999237061	41.7220001220703	41.4617500305176	42.2949991226197	42.8324995040894	42.1705007553101	41.1914987564087	39.7299995422363									
2024-11-14	2024-11-12	BIGZ	Blackrock Innovation & Growth Term Trust	Saba Capital Management, L.P.	10%	P - Purchase	7.77	199373	57,617,107	0%	+$1,549,650	1549128.21	13:04:20	2	7.77	7.77250003814698	7.81749999523163	7.58749985694885	7.55625009536743	7.5662499666214	7.64999997615814	7.73000001907349	7.82000005245209	7.93999993801117	8.0074999332428	7.96624994277954	7.97999978065491	8.02250015735626	7.97749996185303	8.02749991416931	8.07124996185303	8.08000016212463	8.04747498035431	7.92250001430511	7.91499996185303	7.87000000476837	7.87749993801117	7.85999989509583	7.82000005245209	7.64749991893768	7.49374997615814	7.51250004768372	7.57500004768372	7.60249996185303	7.61499989032746	7.52874994277954	7.42499995231629	7.45249998569489	7.46749997138977	7.56500005722046	7.70499992370605	7.69752502441406	7.64250004291535	7.54352498054505								
2024-11-14	2024-11-12	EVM	Eaton Vance California Municipal Bond Fund	Saba Capital Management, L.P.	10%	P - Purchase	9.33	65458	3,264,291	+2%	+$610,409	610723.14	12:52:12	2	9.33	9.33000016212463	9.38750004768371	9.44500017166138	9.39249992370605	9.39000010490417	9.34249973297119	9.35250020027161	9.34500002861023	9.37000012397766	9.40249991416931	9.45499992370606	9.46499991416931	9.49750018119812	9.50500011444092	9.51250004768372	9.52499985694885	9.58249998092651	9.62749981880188	9.61999988555908	9.61750030517578	9.55999994277954	9.46749997138977	9.4150002002716	9.3824999332428	9.34249997138977	9.24499988555909	9.19000005722046	9.15249991416931	9.1875	9.20999979972839	9.20250010490417	9.21250009536744	9.22250008583069	9.29250025749207	9.32250022888183	9.36750006675721	9.37750005722046	9.3675000667572	9.30250000953674								
2024-11-13	2024-11-11	OSCR	Oscar Health, Inc.	Kushner Joshua	Co-Founder, Vice COB, 10%	P - Purchase	13.67	1055478	5,810,700	+22%	+$14,429,982	14428384.26	21:13:46	2	13.67	13.7150001525879	13.6749999523163	15.5024998188019	15.0824997425079	15.6324996948242	17.2605004310608	17.5949997901917	16.6499996185303	16.2650003433227	16.6875	16.5550003051758	16.7212500572205	17.102499961853	18.0300002098084	18.1824998855591	17.539999961853	16.8399996757507	16.0307502746582	16.3079998493195	15.4549996852875	14.727499961853	14.1925001144409	13.7375001907349	13.7025001049042	13.7225000858307	13.6487500667572	13.4375	13.7700002193451	13.7350001335144	13.4112498760224	13.8224997520447	14.0150001049042	13.5474998950959	13.5849997997284	13.6449999809265	14.0100002288818	14.9624998569488	14.4650001525879	14.9045000076294	14.5525000095368							
2024-11-13	2024-11-11	OSCR	Oscar Health, Inc.	Thrive Partners VII Growth Gp, LLC	Dir, 10%	P - Purchase	13.67	1055478	5,810,700	+22%	+$14,429,982	14428384.26	21:11:27	2	13.67	13.7150001525879	13.6749999523163	15.5024998188019	15.0824997425079	15.6324996948242	17.2605004310608	17.5949997901917	16.6499996185303	16.2650003433227	16.6875	16.5550003051758	16.7212500572205	17.102499961853	18.0300002098084	18.1824998855591	17.539999961853	16.8399996757507	16.0307502746582	16.3079998493195	15.4549996852875	14.727499961853	14.1925001144409	13.7375001907349	13.7025001049042	13.7225000858307	13.6487500667572	13.4375	13.7700002193451	13.7350001335144	13.4112498760224	13.8224997520447	14.0150001049042	13.5474998950959	13.5849997997284	13.6449999809265	14.0100002288818	14.9624998569488	14.4650001525879	14.9045000076294	14.5525000095368							
2024-11-13	2024-11-11	SNBR	Sleep Number Corp	Stadium Capital Management LLC	10%	P - Purchase	14.34	77185	2,573,319	+3%	+$1,107,192	1106832.9	18:21:17	2	14.34	14.3775000572205	13.9875001907349	13.9274997711182	13.0700001716614	12.2074999809265	11.9325001239777	11.6325001716613	12.0425000190735	12.5350000858307	13.860000371933	14.2374999523163	14.7074997425079	15.2300000190735	15.3324999809265	15.9549999237061	16.6399998664856	17.8649997711182	18.8850002288818	19.3625001907349	19.512499332428	20.2399997711182	20.1349997520447	20.0500001907349	19.3300004005432	19.1100001335144	18.6425004005432	17.3874998092651	16.4525003433228	16.1200001239777	16.1649994850159	15.8450000286102	15.2724997997284	15.0925002098084	15.3775000572205	15.2400002479553	14.795000076294	14.9774999618531	14.9774999618531	15.0349998474121	14.9125001430511							
2024-11-13	2024-11-11	UAN	Cvr Partners, LP	Icahn Carl C	10%	P - Purchase	71.55	27332	3,974,884	+1%	+$1,955,650	1955604.6	17:41:40	2	71.55	71.3150005340576	71.3199996948242	72.0149993896484	72.6125011444092	72.1774997711182	71.3425006866455	71.5049991607666	71.5550003051758	71.9675006866455	71.7025012969971	70.7075004577637	73.1000003814697	79.7600002288819	81.0599994659424	81.2775001525879	79.3075008392334	78.9125003814697	77.792501449585	77.4374980926514	76.9300003051758	76.8725013732911	76.5300006866455	75.1474990844726	75.060001373291	75.0699996948242	74.8999996185303	74.0074996948243	73.8125	74.5625	75.5949993133545	75.5725002288818	75.2674999237061	75.0100002288819	75.6649990081787	76.8125	76.8549995422363	76.9000015258789	75.8325004577637	75.0325012207031	74.9174995422363							
2024-11-13	2024-11-08	TYRA	Tyra Biosciences, Inc.	Ra Capital Management, L.P.	Dir, 10%	P - Purchase	16.25	1220681	10,637,290	+13%	+$19,836,066	19836066.25	17:00:07	5	16.25	16.0875000953674	16.1299998760224	16.1024999618531	16.3600001335144	15.7925004959106	15.466500043869	15.835000038147	16.0275001525879	15.6637496948242	15.6912498474121	16.3237495422363	15.9425001144409	16.0635001659393	15.8742501735687	15.9024999141693	15.454999923706	15.2749998569489	15.3224999904632	15.5499999523163	15.9175000190735	16.1025002002716	16.0312497615814	15.3199999332428	14.9824998378754	14.9850001335144	15.1530001163483	14.8675003051758	14.5512499809265	14.2850000858307	13.9700000286103	14.2000000476837	14.178750038147	14.3912498950958	13.7977497577667	13.9974999427796	14.2700002193451	15.0849997997284	15.9949998855591	16.3197498321533	15.8187501430512	15.2912499904633						
2024-11-13	2024-11-08	LCGMF	Lion Copper & Gold Corp.	Alford Tony L	Dir, 10%	P - Purchase	0.05	1.4e+07	142,411,685	+11%	+$630,000	7e+05	15:49:37	5	0.05	0.0599999986588955	0.0599999986588955	0.0599999986588955	0.0599999986588955	0.0599999986588955	0.0599999986588955	0.0599999986588955	0.0599999986588955	0.0599999986588955	0.0599999986588955	0.0649999994784593	0.0549999997019768	0.0549999997019768	0.0599999986588955	0.0574999991804362	0.0599999986588955	0.0525000002235175	0.0500000007450581	0.0500000007450581	0.0500000007450581	0.0500000007450581	0.0525000002235175	0.0549999997019768	0.0549999997019768	0.0549999997019768	0.0500000007450581	0.0525000002235175	0.0525000002235175	0.0500000007450581	0.0549999997019768	0.0500000007450581	0.0500000007450581	0.0500000007450581	0.0500000007450581	0.0500000007450581	0.0549999997019768	0.0500000007450581	0.0599999986588955	0.0599999986588955	0.0574999991804362	0.0549999997019768						
2024-11-13	2024-11-08	VANI	Vivani Medical, Inc.	Williams Gregg	Dir, 10%	P - Purchase	1.26	3968253	18,373,169	+28%	+$4,999,999	4999998.78	08:46:59	5	1.26	1.25749999284744	1.24000000953674	1.3299999833107	1.42750000953675	1.35999995470047	1.29875001311302	1.30000001192093	1.29999998211861	1.3125	1.33250001072884	1.36750000715256	1.40625002980232	1.45750004053116	1.44750002026558	1.44500002264977	1.42375001311302	1.36750000715256	1.30500000715256	1.31000000238418	1.32750001549721	1.30250000953674	1.28749996423721	1.29275000095368	1.31749999523163	1.3125	1.30024999380112	1.24250000715256	1.20674997568131	1.18250000476837	1.17749997973442	1.16249996423722	1.17250001430512	1.19749999046326	1.16999995708465	1.16749998927117	1.18000000715256	1.23374998569488	1.2802500128746	1.27449998259544	1.24000000953674	1.20800003409386						
2024-11-13	2024-11-11	GNL	Global Net Lease, Inc.	Schorsch Nicholas S	10%	P - Purchase	7.72	1e+05	29,388,012	0%	+$772,000	772000	06:00:07	2	7.72	7.56499993801117	7.5387499332428	7.37750005722046	7.31424999237061	7.27749991416931	7.25874996185303	7.28000009059906	7.28125	7.34625005722046	7.5037499666214	7.52900016307831	7.59625005722046	7.47499990463257	7.36625003814697	7.30750000476837	7.23125004768372	7.19750010967255	7.18249988555908	7.22374999523163	7.19249987602234	7.14499998092652	7.13125002384186	7.15499985218048	7.1637499332428	7.2462500333786	7.1875	7.08500003814697	7.10374999046326	7.12999987602234	7.20875000953675	7.2574999332428	7.20749998092652	7.16499996185303	7.25375008583069	7.35750007629395	7.44999992847443	7.49374985694885	7.46375000476837	7.38499999046326	7.20500004291534							
2024-11-12	2024-11-08	TTSH	Tile Shop Holdings, Inc.	Fund 1 Investments, LLC	10%	P - Purchase	6.98	1e+05	9,352,676	+1%	+$698,211	698000	18:05:17	4	6.98	7.04250001907349	6.94249999523163	6.97749996185303	6.61249983310699	6.47500002384186	6.38750004768372	6.28249990940094	6.25250005722046	6.36249995231629	6.54999995231628	6.64999997615815	6.50499999523163	6.59000003337861	6.625	6.65750002861023	6.63499999046326	6.55999994277954	6.53250002861023	6.69749999046326	6.82000005245209	6.83000004291535	6.88749992847443	6.9025000333786	6.84249985218048	6.89250004291534	6.88499999046326	6.8474999666214	6.85749995708466	6.76999998092651	6.76249992847443	6.61500000953674	6.62000000476837	6.75249993801117	6.84249997138977	6.88499999046326	6.94249999523163	7.0149998664856	7.01499998569489	6.875	6.7700001001358	6.67999982833862						
2024-11-12	2024-11-08	GDOT	Green Dot Corp	Topline Capital Partners, LP	10%	P - Purchase	10.89	178302	6,335,967	+3%	+$1,941,125	1941708.78	12:59:06	4	10.89	10.8774998188019	11.0225002765656	11.5274999141693	11.1100001335144	11.0400002002716	10.977499961853	10.5674998760223	10.3824999332428	10.25	10.352499961853	10.4549999237061	10.2674996852875	10.3350002765655	10.3150000572204	10.2000000476837	10.2149996757507	10.3724999427796	10.2825000286102	10.3450000286102	11.0774998664856	11.0350000858307	10.960000038147	10.8850002288818	10.9300000667572	11.1175000667572	11.2125000953675	10.9549999237061	10.7150001525879	10.6900000572205	10.5150001049042	10.4775002002716	10.5824999809265	10.6074998378753	10.4424996376037	10.5725002288818	10.5824997425079	10.2924997806549	9.83500003814697	9.61999988555908	9.3824999332428	9.00250005722046						
2024-11-12	2024-11-07	BIGZ	Blackrock Innovation & Growth Term Trust	Saba Capital Management, L.P.	10%	P - Purchase	7.75	142426	57,417,734	0%	+$1,103,191	1103801.5	11:30:26	5	7.75	7.74000000953674	7.82375001907349	7.76747500896454	7.77250003814698	7.81749999523163	7.58749985694885	7.55625009536743	7.5662499666214	7.64999997615814	7.73000001907349	7.82000005245209	7.93999993801117	8.0074999332428	7.96624994277954	7.97999978065491	8.02250015735626	7.97749996185303	8.02749991416931	8.07124996185303	8.08000016212463	8.04747498035431	7.92250001430511	7.91499996185303	7.87000000476837	7.87749993801117	7.85999989509583	7.82000005245209	7.64749991893768	7.49374997615814	7.51250004768372	7.57500004768372	7.60249996185303	7.61499989032746	7.52874994277954	7.42499995231629	7.45249998569489	7.46749997138977	7.56500005722046	7.70499992370605	7.69752502441406	7.64250004291535	7.54352498054505					
2024-11-12	2024-11-07	EVM	Eaton Vance California Municipal Bond Fund	Saba Capital Management, L.P.	10%	P - Purchase	9.28	75485	3,198,833	+2%	+$700,283	700500.8	11:24:35	5	9.28	9.30749988555908	9.3274998664856	9.33250021934509	9.33000016212463	9.38750004768371	9.44500017166138	9.39249992370605	9.39000010490417	9.34249973297119	9.35250020027161	9.34500002861023	9.37000012397766	9.40249991416931	9.45499992370606	9.46499991416931	9.49750018119812	9.50500011444092	9.51250004768372	9.52499985694885	9.58249998092651	9.62749981880188	9.61999988555908	9.61750030517578	9.55999994277954	9.46749997138977	9.4150002002716	9.3824999332428	9.34249997138977	9.24499988555909	9.19000005722046	9.15249991416931	9.1875	9.20999979972839	9.20250010490417	9.21250009536744	9.22250008583069	9.29250025749207	9.32250022888183	9.36750006675721	9.37750005722046	9.3675000667572	9.30250000953674					
2024-11-12	2024-11-08	NE	Noble Corp Plc	Apmh Invest A/S	10%	P - Purchase	35.05	7e+05	31,050,703	+2%	+$24,537,776	24535000	11:04:39	4	35.05	35.1472501754761	35.2375011444092	34.9125003814697	34.7475004196167	34.5249996185303	33.8150005340576	33.1887502670288	33.8750009536743	34.7725009918213	35.1850004196167	34.897500038147	33.9274997711182	33.7312498092651	33.3675003051758	33.6487493515015	33.8562507629395	33.3524999618531	33.0799999237061	32.1362509727478	32.2424993515015	32.3774995803833	32.4050002098083	31.9550004005432	31.196249961853	30.6974997520447	30.2962503433228	29.9737501144409	29.3240003585816	28.7594995498657	28.9149999618531	29.2149996757507	29.529999256134	29.8037495613098	30.0725002288819	31.0200004577637	32.539999961853	32.9949998855591	33.3637495040894	33.5249996185303	32.9099998474121	33.0974998474121						
2024-11-12	2024-11-07	HTLD	Heartland Express Inc	Gerdin Michael J	CEO, 10%	P - Purchase	11.98	46911	31,803,935	0%	+$561,880	561993.78	08:53:07	5	11.98	12.0074999332428	12.1800003051758	12.3449997901916	12.6425001621247	12.5900001525879	12.3424999713898	12.2350001335144	12.1924998760223	12.1699998378754	12.2750000953675	12.3275001049042	12.5675001144409	12.5774998664856	12.6225001811981	12.6900002956391	12.6899998188019	12.6175000667572	12.4474999904633	12.3050000667572	12.1175000667572	12.0199997425079	11.9975001811981	12.0600001811981	11.9724998474121	11.8699998855591	11.7424998283386	11.7300000190735	11.6399998664856	11.5924999713898	11.3699998855591	11.1524999141693	11.0774998664856	11.0724999904633	11.0650000572204	11.0725002288818	11.1724998950958	11.1325001716614	11.0675001144409	11.1574997901917	10.9125001430511	10.7725002765656	10.6624999046326					
2024-11-08	2024-11-06	UAN	Cvr Partners, LP	Icahn Carl C	10%	P - Purchase	68.86	55552	3,947,552	+1%	+$3,825,227	3825310.72	17:45:43	2	68.86	69.2249984741211	68.5699996948243	70.6024990081787	71.3150005340576	71.3199996948242	72.0149993896484	72.6125011444092	72.1774997711182	71.3425006866455	71.5049991607666	71.5550003051758	71.9675006866455	71.7025012969971	70.7075004577637	73.1000003814697	79.7600002288819	81.0599994659424	81.2775001525879	79.3075008392334	78.9125003814697	77.792501449585	77.4374980926514	76.9300003051758	76.8725013732911	76.5300006866455	75.1474990844726	75.060001373291	75.0699996948242	74.8999996185303	74.0074996948243	73.8125	74.5625	75.5949993133545	75.5725002288818	75.2674999237061	75.0100002288819	75.6649990081787	76.8125	76.8549995422363	76.9000015258789							
2024-11-08	2024-11-06	NE	Noble Corp Plc	Apmh Invest A/S	10%	P - Purchase	34.67	1330000	30,350,703	+5%	+$46,104,795	46111100	14:31:56	2	34.67	35.1499996185303	34.6449995040894	35.1472501754761	35.2375011444092	34.9125003814697	34.7475004196167	34.5249996185303	33.8150005340576	33.1887502670288	33.8750009536743	34.7725009918213	35.1850004196167	34.897500038147	33.9274997711182	33.7312498092651	33.3675003051758	33.6487493515015	33.8562507629395	33.3524999618531	33.0799999237061	32.1362509727478	32.2424993515015	32.3774995803833	32.4050002098083	31.9550004005432	31.196249961853	30.6974997520447	30.2962503433228	29.9737501144409	29.3240003585816	28.7594995498657	28.9149999618531	29.2149996757507	29.529999256134	29.8037495613098	30.0725002288819	31.0200004577637	32.539999961853	32.9949998855591	33.3637495040894							
2024-11-07	2024-11-05	JELD	Jeld-Wen Holding, Inc.	Turtle Creek Asset Management Inc.	10%	P - Purchase	10.37	1e+06	14,842,920	+7%	+$10,368,700	10370000	20:21:30	2	10.37	10.6150000095368	10.5394997596741	10.920000076294	11.2000000476837	10.9349999427796	10.5412499904633	10.2927498817444	10.3299996852875	10.1150000095368	10.0950000286102	10.1262500286102	10.4724998474122	10.7002501487732	11.1972501277923	10.866250038147	10.8147501945496	10.9224998950958	10.8537499904633	10.8799998760223	10.8987498283386	10.7850003242493	10.8387501239777	10.75	10.5687499046326	10.6637501716614	10.5052499771118	10.3125002384186	10.2850000858307	10.007000207901	9.31500005722046	8.61500000953675	8.44249987602234	8.28499984741211	8.28999972343445	8.28625011444092	8.23874998092652	8.11000001430512	8.18249988555908	8.25500011444092	8.01099979877472							
2024-11-07	2024-11-05	SNBR	Sleep Number Corp	Stadium Capital Management LLC	10%	P - Purchase	13.54	39873	2,496,134	+2%	+$539,910	539880.42	18:09:25	2	13.54	14.9574999809265	15.2025001049042	15.835000038147	15.5174999237061	14.3775000572205	13.9875001907349	13.9274997711182	13.0700001716614	12.2074999809265	11.9325001239777	11.6325001716613	12.0425000190735	12.5350000858307	13.860000371933	14.2374999523163	14.7074997425079	15.2300000190735	15.3324999809265	15.9549999237061	16.6399998664856	17.8649997711182	18.8850002288818	19.3625001907349	19.512499332428	20.2399997711182	20.1349997520447	20.0500001907349	19.3300004005432	19.1100001335144	18.6425004005432	17.3874998092651	16.4525003433228	16.1200001239777	16.1649994850159	15.8450000286102	15.2724997997284	15.0925002098084	15.3775000572205	15.2400002479553	14.795000076294							
2024-11-07	2024-11-05	TTSH	Tile Shop Holdings, Inc.	Fund 1 Investments, LLC	10%	P - Purchase	6.97	104500	9,252,676	+1%	+$727,867	728365	17:22:12	2	6.97	7.0349999666214	6.87499988079071	7.03250002861023	7.04250001907349	6.94249999523163	6.97749996185303	6.61249983310699	6.47500002384186	6.38750004768372	6.28249990940094	6.25250005722046	6.36249995231629	6.54999995231628	6.64999997615815	6.50499999523163	6.59000003337861	6.625	6.65750002861023	6.63499999046326	6.55999994277954	6.53250002861023	6.69749999046326	6.82000005245209	6.83000004291535	6.88749992847443	6.9025000333786	6.84249985218048	6.89250004291534	6.88499999046326	6.8474999666214	6.85749995708466	6.76999998092651	6.76249992847443	6.61500000953674	6.62000000476837	6.75249993801117	6.84249997138977	6.88499999046326	6.94249999523163	7.0149998664856							
2024-11-07	2024-11-05	BIGZ	Blackrock Innovation & Growth Term Trust	Saba Capital Management, L.P.	10%	P - Purchase	7.61	121632	57,275,308	0%	+$925,342	925619.52	12:52:34	2	7.61	7.64375007152558	7.7112500667572	7.74000000953674	7.82375001907349	7.76747500896454	7.77250003814698	7.81749999523163	7.58749985694885	7.55625009536743	7.5662499666214	7.64999997615814	7.73000001907349	7.82000005245209	7.93999993801117	8.0074999332428	7.96624994277954	7.97999978065491	8.02250015735626	7.97749996185303	8.02749991416931	8.07124996185303	8.08000016212463	8.04747498035431	7.92250001430511	7.91499996185303	7.87000000476837	7.87749993801117	7.85999989509583	7.82000005245209	7.64749991893768	7.49374997615814	7.51250004768372	7.57500004768372	7.60249996185303	7.61499989032746	7.52874994277954	7.42499995231629	7.45249998569489	7.46749997138977	7.56500005722046							
2024-11-06	2024-11-04	CCO	Clear Channel Outdoor Holdings, Inc.	Moreno Arturo R	10%	P - Purchase	1.46	5e+05	52,432,534	+1%	+$727,500	730000	18:30:44	2	1.46	1.46750000119209	1.59499999880791	1.63000002503395	1.57750001549721	1.60500001907349	1.61750000715256	1.6424999833107	1.62999999523163	1.60749998688698	1.54499995708465	1.54249998927116	1.55499997735024	1.58499997854233	1.58000001311302	1.59500002861023	1.57000002264977	1.57499998807907	1.53749999403954	1.53500002622604	1.57249999046326	1.56499999761581	1.56000000238419	1.55750000476837	1.55499997735023	1.54749995470047	1.54749998450279	1.51249998807907	1.5	1.49500000476837	1.46750003099442	1.42500001192093	1.40749996900559	1.40000000596047	1.38749998807907	1.37749999761581	1.38249999284745	1.36500000953675	1.375	1.38749998807907	1.40000000596047	1.43999999761582						
2024-11-06	2024-11-04	HTLD	Heartland Express Inc	Gerdin Michael J	CEO, 10%	P - Purchase	10.99	68284	31,757,024	0%	+$750,246	750441.16	18:28:25	2	10.99	10.9049999713897	11.5675001144409	12.1725001335144	12.0074999332428	12.1800003051758	12.3449997901916	12.6425001621247	12.5900001525879	12.3424999713898	12.2350001335144	12.1924998760223	12.1699998378754	12.2750000953675	12.3275001049042	12.5675001144409	12.5774998664856	12.6225001811981	12.6900002956391	12.6899998188019	12.6175000667572	12.4474999904633	12.3050000667572	12.1175000667572	12.0199997425079	11.9975001811981	12.0600001811981	11.9724998474121	11.8699998855591	11.7424998283386	11.7300000190735	11.6399998664856	11.5924999713898	11.3699998855591	11.1524999141693	11.0774998664856	11.0724999904633	11.0650000572204	11.0725002288818	11.1724998950958	11.1325001716614	11.0675001144409						
2024-11-06	2024-11-04	DRUG	Bright Minds Biosciences Inc.	Cormorant Asset Management, LP	10%	P - Purchase	21.7	184331	1,059,331	+21%	+$3,999,983	3999982.7	16:20:48	2	21.7	53.2700004577637	56	51.8149995803833	47.5900001525879	44.7025003433228	40.9674997329712	40.797498703003	41.9975004196167	41.1225004196167	38.0062494277954	37.2774991989136	34.871000289917	32.308000087738	33.7025008201599	37.2699995040894	40.8374996185303	39.1424999237061	42.0787496566773	46.1149997711182	45.6399993896485	44.6825008392334	41.178750038147	39.0249996185303	38.2925004959107	38.1374998092652	38.017499923706	38.2825002670288	40.625	40.5675001144409	39.1397495269775	39.3299989700318	37.9800004959107	38.2372493743897	38.6109991073608	38.0649995803833	38.8487501144409	39.3400001525879	37.6472492218018	36.4275007247925	38.5472507476807	40.0399990081787						
2024-11-06	2024-11-04	BACQ	Bleichroeder Acquisition Corp. I	Bleichroeder Sponsor 1 LLC	10%	P - Purchase	10	425000	425,000	New	+$4,250,000	4250000	16:10:28	2	10	9.85999965667725	9.85249996185303	9.85524988174438	9.85799980163574	9.85424995422363	9.85500001907349	9.86249995231628	9.8587498664856	9.85999965667725	9.8600001335144	9.85000038146973	9.8600001335144	9.85999965667725	9.85250020027161	9.85000038146973	9.85099983215332	9.85099983215332	9.86124968528748	9.85999965667725	9.85999965667725	9.86249995231628	9.85600018501282																									
2024-11-06	2024-11-05	CDZI	Cadiz Inc	Heerema International Group Services Sa	10%	P - Purchase	3.34	2070000	25,695,300	+9%	+$6,913,800	6913800	14:44:12	1	3.34	3.60499995946884	3.64999997615814	3.47500002384186	3.4899999499321	3.49500006437302	3.32750004529953	3.25	3.34999996423721	3.36500000953675	3.25749999284744	3.1875	3.16750001907348	3.30250000953674	3.51500004529953	4.0349999666214	4.2224999666214	4.37500011920929	4.38999998569489	4.28749990463257	4.15499997138977	4.12999987602234	4.17750000953674	4.17250001430511	4.10250008106232	4.17250001430511	4.06249994039536	4.00500005483627	4.12999999523163	4.08250010013581	3.91250002384186	3.98000001907349	4.13250005245209	4.21000003814697	4.2574999332428	4.36749994754791	4.72749996185303	5.0275000333786	5.10999989509583	5.19250011444092	5.0974999666214							
2024-11-04	2024-10-31	SNBR	Sleep Number Corp	Stadium Capital Management LLC	10%	P - Purchase	13.28	193813	2,456,261	+9%	+$2,574,452	2573836.64	19:14:45	4	13.28	13.3299999237061	12.9125001430512	13.5874998569489	14.9574999809265	15.2025001049042	15.835000038147	15.5174999237061	14.3775000572205	13.9875001907349	13.9274997711182	13.0700001716614	12.2074999809265	11.9325001239777	11.6325001716613	12.0425000190735	12.5350000858307	13.860000371933	14.2374999523163	14.7074997425079	15.2300000190735	15.3324999809265	15.9549999237061	16.6399998664856	17.8649997711182	18.8850002288818	19.3625001907349	19.512499332428	20.2399997711182	20.1349997520447	20.0500001907349	19.3300004005432	19.1100001335144	18.6425004005432	17.3874998092651	16.4525003433228	16.1200001239777	16.1649994850159	15.8450000286102	15.2724997997284	15.0925002098084	15.3775000572205	15.2400002479553					
2024-11-04	2024-10-31	CCO	Clear Channel Outdoor Holdings, Inc.	Moreno Arturo R	10%	P - Purchase	1.45	1915472	51,932,534	+4%	+$2,775,744	2777434.4	16:10:12	4	1.45	1.45250001549721	1.42749997973442	1.46750000119209	1.59499999880791	1.63000002503395	1.57750001549721	1.60500001907349	1.61750000715256	1.6424999833107	1.62999999523163	1.60749998688698	1.54499995708465	1.54249998927116	1.55499997735024	1.58499997854233	1.58000001311302	1.59500002861023	1.57000002264977	1.57499998807907	1.53749999403954	1.53500002622604	1.57249999046326	1.56499999761581	1.56000000238419	1.55750000476837	1.55499997735023	1.54749995470047	1.54749998450279	1.51249998807907	1.5	1.49500000476837	1.46750003099442	1.42500001192093	1.40749996900559	1.40000000596047	1.38749998807907	1.37749999761581	1.38249999284745	1.36500000953675	1.375	1.38749998807907	1.40000000596047					
2024-11-04	2024-10-31	AESI	Atlas Energy Solutions Inc.	Shepard Gregory M	Member of 10% Owner Group	P - Purchase	19.36	65386	7,605,692	+1%	+$1,265,823	1265872.96	14:27:41	4	19.36	19.5149998664856	19.6500000953675	20.1624999046325	21.2325005531311	20.5250005722046	20.7099995613098	21.3500003814697	21.3324999809265	21.2874999046326	20.6440000534058	20.2537503242493	20.6074995994568	20.8074998855591	21.076250076294	21.454999923706	23.670000076294	23.8712496757507	23.5399994850159	23.6012501716614	23.539999961853	23.4125003814697	23.7650003433227	23.7249999046326	23.5550003051758	22.8350005149841	22.7875003814697	23.1324996948242	23.1024999618531	22.7050004005432	22.9274997711182	23.0875000953674	22.6212496757507	22.0450000762939	21.6477499008179	21.2650003433228	21.5074996948243	21.9949998855591	22.1900000572205	22.142499923706	22.15625	22.4650001525879	22.7350001335144					
2024-11-04	2024-10-30	LCID	Lucid Group, Inc.	Public Investment Fund	Dir, 10%	P - Purchase	2.59	396188386	2,147,483,647	+22%	+$1,026,524,108	1026127919.74	06:00:20	5	2.59	22.9375	22.2750000953674	22.5250000953675	22.5625	21.7250003814698	22.1750001907349	22.5500001907349	23.1125001907349	22.2500004768372	22.074999332428	21.4250001907349	20.1624999046326	20.9250001907349	21.0125002861023	20.5249996185303	20.5499997138977	20.9500002861023	21.6500005722046	21.6625003814697	21.5500001907349	21.8499994277954	21.6249995231629	21.0750002861023	21.0250000953674	21.1124997138977	22.125	25.0249996185303	24.4750003814697	23.8249998092652	24.8374996185303	25.3249998092651	26.4374995231629	27.5500001907349	26.5749998092652	26.0249996185303	28.2999997138977	30.5749998092652	32.0625	32.3950004577637	32.4000005722046	31.4499998092652	31.8500003814698	30.2999997138978				
2024-11-01	2024-10-30	ENGN	Engene Holdings Inc.	Forbion Growth Opportunities Fund I Cooperatief U.A.	10%	P - Purchase	8.9	561797	6,798,362	+9%	+$4,999,993	4999993.3	16:15:08	2	8.9	8.78750014305115	8.82550001144409	8.88000011444092	8.75650000572205	8.79725027084351	8.64024972915649	8.23250007629395	8.14250004291534	8.39250016212463	8.32124996185303	8.09250009059906	7.84374988079071	7.81374990940094	7.64750003814697	7.525750041008	7.64625000953675	7.71875	8.02499985694885	8.5050003528595	8.74249982833863	8.65299987792969	8.94749999046326	8.41125011444092	8.62749981880188	8.61350011825561	8.53499984741211	8.3675000667572	8.01349985599518	7.70749998092652	7.03750002384186	6.33525002002716	6.20800006389618	6.25250005722046	6.04224979877472	5.99000000953674	6.12749993801117	6.21249997615814	6.19250011444092	6.25999999046326	6.30749988555908	6.83249998092651						
2024-11-01	2024-10-31	DGICA	Donegal Group Inc	Donegal Mutual Insurance Co	10%	P - Purchase	15.49	150432	17,210,936	+1%	+$2,330,333	2330191.68	09:06:25	1	15.49	15.1600000858307	15.0774998664856	15.2699999809265	15.5875000953674	15.647500038147	15.7574996948242	15.8125	15.8424999713898	15.8950002193451	15.3324999809265	15.8675000667572	15.7249999046326	15.7024998664856	15.8324997425079	15.8924996852875	15.9374997615814	16.1150000095367	16.3775000572205	16.4150004386902	16.579999923706	16.6800003051758	16.7600002288818	16.5724997520447	16.6375002861023	16.5400004386902	16.3825006484985	16.2525000572205	16.3449997901917	16.4250001907349	16.375	16.4299998283386	16.2775006294251	16.0125000476837	15.8200001716614	15.5975003242493	15.3924996852875	15.414999961853	15.4825003147125	15.4449999332428	15.2400002479554							
2024-10-31	2024-10-29	SIRI	Sirius Xm Holdings Inc.	Berkshire Hathaway Inc	10%	P - Purchase	27.24	2227939	112,504,729	+2%	+$60,692,845	60689058.36	19:30:31	2	27.24	27.4850001335144	26.7999997138977	27.7525000572205	26.8324999809265	26.0199999809265	26.5325002670289	26.4050002098084	26.0124998092651	26.8299999237061	27.0500001907349	26.9049997329712	27.0025000572205	26.2674999237061	25.4574999809265	25.1275000572205	25.1624999046326	25.3949999809265	26	26.5725002288819	26.4425001144409	26.5900001525879	26.7975001335144	27.1574997901917	27.3474998474121	27.585000038147	27.5425004959107	27.7974996566773	28.6550002098084	26.2524995803833	25.4475002288819	25.1799998283387	24.3775000572205	23.392499923706	22.3400006294251	22.0224995613098	21.039999961853	22.0999999046326	23.4300003051758	23.3599996566773	23.4175000190735	23.239999294281						
2024-10-31	2024-10-29	BIGZ	Blackrock Innovation & Growth Term Trust	Saba Capital Management, L.P.	10%	P - Purchase	7.62	209106	57,142,055	0%	+$1,592,866	1593387.72	12:48:33	2	7.62	7.62000012397766	7.59375	7.54250013828278	7.4762499332428	7.44749987125397	7.64375007152558	7.7112500667572	7.74000000953674	7.82375001907349	7.76747500896454	7.77250003814698	7.81749999523163	7.58749985694885	7.55625009536743	7.5662499666214	7.64999997615814	7.73000001907349	7.82000005245209	7.93999993801117	8.0074999332428	7.96624994277954	7.97999978065491	8.02250015735626	7.97749996185303	8.02749991416931	8.07124996185303	8.08000016212463	8.04747498035431	7.92250001430511	7.91499996185303	7.87000000476837	7.87749993801117	7.85999989509583	7.82000005245209	7.64749991893768	7.49374997615814	7.51250004768372	7.57500004768372	7.60249996185303	7.61499989032746	7.52874994277954						
2024-10-29	2024-10-25	IBTA	Ibotta, Inc.	D. E. Shaw & Co, L.P.	See Footnotes 3,8,12,13,14, 10%	P - Purchase	74.29	10438	747,143	+1%	+$775,444	775439.02	17:22:11	4	74.29	75.4462490081787	76.5675010681152	76.3525009155273	74.3975009918213	74.4174995422363	71.8024997711182	72.7849998474121	73.4625015258789	72.0375003814697	73.9050006866455	75.7100009918213	75.7149982452393	76.505500793457	63.6577501296997	66.4152507781983	65.2075004577637	64.2700004577637	63.4499998092652	65.545000076294	68.7700004577637	71.9812488555908	70.2850017547608	70.5300006866455	71.9600009918213	74.1349983215332	73.7625007629395	72.5324993133545	72.814998626709	74.4349994659424	75.1450004577637	74.5624980926514	74.8524990081787	73.7900009155274	72.9387512207031	74.0650005340576	73.4524993896484	68.6962490081787	63.3649997711182	60.5132503509522	61.2224998474121	63.5399999618531	66.2112503051758	66.0349998474121				
2024-10-29	2024-10-28	BIGZ	Blackrock Innovation & Growth Term Trust	Saba Capital Management, L.P.	10%	P - Purchase	7.62	123691	56,932,949	0%	+$942,525	942525.42	11:39:22	1	7.62	7.59625005722046	7.62000012397766	7.59375	7.54250013828278	7.4762499332428	7.44749987125397	7.64375007152558	7.7112500667572	7.74000000953674	7.82375001907349	7.76747500896454	7.77250003814698	7.81749999523163	7.58749985694885	7.55625009536743	7.5662499666214	7.64999997615814	7.73000001907349	7.82000005245209	7.93999993801117	8.0074999332428	7.96624994277954	7.97999978065491	8.02250015735626	7.97749996185303	8.02749991416931	8.07124996185303	8.08000016212463	8.04747498035431	7.92250001430511	7.91499996185303	7.87000000476837	7.87749993801117	7.85999989509583	7.82000005245209	7.64749991893768	7.49374997615814	7.51250004768372	7.57500004768372	7.60249996185303	7.61499989032746	7.52874994277954					
2024-10-28	2024-10-28	SEPN	Septerna, Inc.	Third Rock Ventures V, L.P.	10%	P - Purchase	18	650000	9,368,047	+7%	+$11,700,000	11700000	16:53:56	0	18	20.2949995994568	19.8300004005432	22.1824998855591	22.6775002479553	22.9749999046326	23.5875000953675	24.4525003433228	25.8312501907349	25.7877497673035	25.5337495803833	24.4189996719361	23.7424998283387	22.8499999046326	22.3700003623962	23.0950002670288	23.7424998283386	23.5974998474121	22.3775005340576	21.6087503433228	22.6950001716614	23.8200001716614	24.3587503433228	25.0887503623962	25.1050000190735	25.1962504386902	26.0625	25.7699999809265	25.3324999809265	24.8650002479553	22.6425004005432	23.8612494468689	23.7699999809265	22.4024996757507	21.9237504005432	22.0374999046326	22.5199995040894	22.785749912262	23.2447500228882	25.9617495536805	26.369999408722	25.7899994850159						
2024-10-28	2024-10-24	BIGZ	Blackrock Innovation & Growth Term Trust	Saba Capital Management, L.P.	10%	P - Purchase	7.54	145836	56,809,258	0%	+$1,099,524	1099603.44	10:14:36	4	7.54	7.53250002861023	7.58500015735626	7.59625005722046	7.62000012397766	7.59375	7.54250013828278	7.4762499332428	7.44749987125397	7.64375007152558	7.7112500667572	7.74000000953674	7.82375001907349	7.76747500896454	7.77250003814698	7.81749999523163	7.58749985694885	7.55625009536743	7.5662499666214	7.64999997615814	7.73000001907349	7.82000005245209	7.93999993801117	8.0074999332428	7.96624994277954	7.97999978065491	8.02250015735626	7.97749996185303	8.02749991416931	8.07124996185303	8.08000016212463	8.04747498035431	7.92250001430511	7.91499996185303	7.87000000476837	7.87749993801117	7.85999989509583	7.82000005245209	7.64749991893768	7.49374997615814	7.51250004768372	7.57500004768372	7.60249996185303	7.61499989032746				
2024-10-25	2024-10-23	SNDA	Sonida Senior Living, Inc.	Simanovsky Michael	Dir, 10%	P - Purchase	24.75	127218	9,222,542	+1%	+$3,148,646	3148645.5	17:00:28	2	24.75	25.4874997138977	25.0825004577637	26.1174998283387	26.3099999427795	26.1849999427796	26.2624998092651	26.0875000953674	25.3074998855591	25.4875001907349	26.9474997520447	26.4650001525879	25.5500001907349	25.1799998283386	24.0500001907349	23.897500038147	22.4499998092651	22.317500114441	21.6100006103516	21.8175005912781	23.5375003814697	24.3174996376038	24.630000114441	25.3775000572205	25.5699996948242	26.1324996948242	25.9999995231629	25.8775000572205	25.1925001144409	24.8924999237061	24.7449998855591	24.3400001525879	25.3225002288818	25.2399997711182	24.7649998664856	24.192500114441	24.2049999237061	24.6875	24.4550004005432	23.897500038147	23.4575004577637	23.3150005340576	23.4649996757507					
2024-10-25	2024-10-22	RMCF	Rocky Mountain Chocolate Factory, Inc.	Geygan Jeffrey Richart	Interim CEO, 10%	P - Purchase	2.66	508054	1,822,766	+39%	+$1,352,749	1351423.64	16:00:05	3	2.66	2.65750002861023	2.71749997138977	3.19499999284744	3.12999999523163	2.97250002622605	2.7600000500679	2.64250004291535	2.61749994754792	2.53750002384186	2.59500002861023	2.65000003576279	2.59999996423722	2.58999997377396	2.59250003099442	2.62000000476837	2.58499997854233	2.61250001192093	2.59500002861023	2.58249998092651	2.67249995470047	2.68500006198883	2.63750004768372	2.64500004053116	2.67750000953675	2.80000001192093	2.75750005245209	2.72750002145767	2.77999997138977	2.84250003099442	2.99249994754792	3.04250001907349	2.94749999046326	2.94250005483628	2.93500000238419	2.81999999284745	2.78249996900559	2.77749997377396	2.64999997615814	2.5625	2.50749999284744	2.40749996900559	2.38249999284745	2.44500005245209				
2024-10-25	2024-10-22	RMCF	Rocky Mountain Chocolate Factory, Inc.	Global Value Investment Corp.	10%	P - Purchase	2.66	508054	1,822,766	+39%	+$1,352,749	1351423.64	16:00:04	3	2.66	2.65750002861023	2.71749997138977	3.19499999284744	3.12999999523163	2.97250002622605	2.7600000500679	2.64250004291535	2.61749994754792	2.53750002384186	2.59500002861023	2.65000003576279	2.59999996423722	2.58999997377396	2.59250003099442	2.62000000476837	2.58499997854233	2.61250001192093	2.59500002861023	2.58249998092651	2.67249995470047	2.68500006198883	2.63750004768372	2.64500004053116	2.67750000953675	2.80000001192093	2.75750005245209	2.72750002145767	2.77999997138977	2.84250003099442	2.99249994754792	3.04250001907349	2.94749999046326	2.94250005483628	2.93500000238419	2.81999999284745	2.78249996900559	2.77749997377396	2.64999997615814	2.5625	2.50749999284744	2.40749996900559	2.38249999284745	2.44500005245209				
2024-10-24	2024-10-22	IBTA	Ibotta, Inc.	D. E. Shaw & Co, L.P.	See Footnotes 3,12,20,21,22, 10%	P - Purchase	71.06	12858	744,542	+2%	+$913,648	913689.48	20:50:57	2	71.06	71.1150016784668	71.0825004577637	72.8824996948242	75.4462490081787	76.5675010681152	76.3525009155273	74.3975009918213	74.4174995422363	71.8024997711182	72.7849998474121	73.4625015258789	72.0375003814697	73.9050006866455	75.7100009918213	75.7149982452393	76.505500793457	63.6577501296997	66.4152507781983	65.2075004577637	64.2700004577637	63.4499998092652	65.545000076294	68.7700004577637	71.9812488555908	70.2850017547608	70.5300006866455	71.9600009918213	74.1349983215332	73.7625007629395	72.5324993133545	72.814998626709	74.4349994659424	75.1450004577637	74.5624980926514	74.8524990081787	73.7900009155274	72.9387512207031	74.0650005340576	73.4524993896484	68.6962490081787	63.3649997711182	60.5132503509522					
2024-10-24	2024-10-24	SNYR	Synergy Chc Corp.	Ross Jack	CEO, COB, 10%	P - Purchase	9	3e+05	4,711,757	+7%	+$2,700,000	2700000	19:01:13	0	9	8.78749990463257	8.15050005912781	7.79999995231628	7.71374988555908	6.95074999332428	7.0625	7	6.91949999332428	6.87499988079071	6.74800002574921	6.34899997711182	6.3347499370575	6.375	6.24374997615815	6.16999995708466	6.51749992370606	6.72750008106232	6.3400000333786	6.39750003814697	6.28750002384186	5.85250008106232	5.80799996852875	6.02250003814697	6.00999999046326	5.7482500076294	5.64750003814697	5.5625	5.51250004768372	5.39750003814698	5.54675006866455	5.72749984264374	5.7114999294281	5.62999999523163	5.5477499961853	5.40825009346008	5.30500006675721	5.34499990940094	5.28875005245209	5.25249993801117	4.7574999332428							
2024-10-24	2024-10-22	TECX	Tectonic Therapeutic, Inc.	Springer Timothy A	Dir, 10%	P - Purchase	33.59	3e+05	4,593,121	+7%	+$10,077,000	10077000	17:04:11	2	33.59	35.2624998092651	35.5099992752075	38.085000038147	39.7649993896485	40.0050001144409	40.7800006866455	40.3374996185303	40.8499994277954	41.3574991226197	42.5324993133545	43.1099996566773	45.5375003814697	42.6100006103516	45.2250003814697	47.0450010299683	47.4075002670288	44.6649990081787	41.2174997329712	39.1875	39.9475002288819	43.625	44.4525003433228	46.522500038147	48.6175003051758	46.9700002670288	48.2474994659424	49.5924997329712	49.8650007247925	51.1150007247925	50.7749996185303	51.5399990081787	51.8225011825562	50.295000076294	49.1300001144409	48.6425008773804	48.1175003051758	45.8750009536743	45.3125	45.6875	45.7375001907349	44.1175003051758	45.7424993515015					
2024-10-24	2024-10-22	RMCF	Rocky Mountain Chocolate Factory, Inc.	Global Value Investment Corp.	10%	P - Purchase	2.66	508054	1,824,936	+39%	+$1,352,749	1351423.64	17:00:05	2	2.66	2.65750002861023	2.71749997138977	3.19499999284744	3.12999999523163	2.97250002622605	2.7600000500679	2.64250004291535	2.61749994754792	2.53750002384186	2.59500002861023	2.65000003576279	2.59999996423722	2.58999997377396	2.59250003099442	2.62000000476837	2.58499997854233	2.61250001192093	2.59500002861023	2.58249998092651	2.67249995470047	2.68500006198883	2.63750004768372	2.64500004053116	2.67750000953675	2.80000001192093	2.75750005245209	2.72750002145767	2.77999997138977	2.84250003099442	2.99249994754792	3.04250001907349	2.94749999046326	2.94250005483628	2.93500000238419	2.81999999284745	2.78249996900559	2.77749997377396	2.64999997615814	2.5625	2.50749999284744	2.40749996900559	2.38249999284745					
2024-10-24	2024-10-22	RMCF	Rocky Mountain Chocolate Factory, Inc.	Geygan Jeffrey Richart	Interim CEO, 10%	P - Purchase	2.66	508054	1,824,936	+39%	+$1,352,749	1351423.64	17:00:03	2	2.66	2.65750002861023	2.71749997138977	3.19499999284744	3.12999999523163	2.97250002622605	2.7600000500679	2.64250004291535	2.61749994754792	2.53750002384186	2.59500002861023	2.65000003576279	2.59999996423722	2.58999997377396	2.59250003099442	2.62000000476837	2.58499997854233	2.61250001192093	2.59500002861023	2.58249998092651	2.67249995470047	2.68500006198883	2.63750004768372	2.64500004053116	2.67750000953675	2.80000001192093	2.75750005245209	2.72750002145767	2.77999997138977	2.84250003099442	2.99249994754792	3.04250001907349	2.94749999046326	2.94250005483628	2.93500000238419	2.81999999284745	2.78249996900559	2.77749997377396	2.64999997615814	2.5625	2.50749999284744	2.40749996900559	2.38249999284745					
2024-10-24	2024-10-22	BIGZ	Blackrock Innovation & Growth Term Trust	Saba Capital Management, L.P.	10%	P - Purchase	7.55	149165	56,663,422	0%	+$1,126,108	1126195.75	11:04:19	2	7.55	7.52749991416931	7.52000010013581	7.53250002861023	7.58500015735626	7.59625005722046	7.62000012397766	7.59375	7.54250013828278	7.4762499332428	7.44749987125397	7.64375007152558	7.7112500667572	7.74000000953674	7.82375001907349	7.76747500896454	7.77250003814698	7.81749999523163	7.58749985694885	7.55625009536743	7.5662499666214	7.64999997615814	7.73000001907349	7.82000005245209	7.93999993801117	8.0074999332428	7.96624994277954	7.97999978065491	8.02250015735626	7.97749996185303	8.02749991416931	8.07124996185303	8.08000016212463	8.04747498035431	7.92250001430511	7.91499996185303	7.87000000476837	7.87749993801117	7.85999989509583	7.82000005245209	7.64749991893768	7.49374997615814	7.51250004768372					
2024-10-23	2024-10-21	NRDS	Nerdwallet, Inc.	Topline Capital Partners, LP	10%	P - Purchase	11.43	461777	5,251,145	+10%	+$5,275,974	5278111.11	11:43:15	2	11.43	11.5425002574921	10.9449999332428	11.0887498855591	11.2000000476838	11.4724998474122	11.5149998664856	14.658499956131	15.0950000286102	14.5440001487732	14.8174998760223	15.3424997329712	15.9847497940063	15.9624998569489	15.7749998569488	15.4642498493195	14.9950001239777	15.2925000190735	14.9175002574921	14.2900002002716	13.6399998664856	13.3222496509552	13.2149999141693	13.4749999046326	13.9949998855591	14.1139998435974	14.0625	14.0724997520447	14.1675002574921	14.0074999332428	13.9749999046325	14.0724999904632	13.7400002479553	13.6449999809265	13.6775000095367	14.1640000343323	14.1150000095368	13.6900000572205	13.4925000667572	13.2825002670288	13.3750002384186	13.039999961853	12.8024997711182	12.8025000095368				
2024-10-22	2024-10-18	DYNR	Dynaresource Inc	Rose Matthew K	Dir, 10%	P - Purchase	1.04	1495000	4,766,894	+46%	+$1,554,800	1554800	20:16:25	4	1.04	0.939999997615814	0.930000007152557	0.902500003576279	0.907499983906746	0.899999976158142	0.864999994635582	0.917499989271165	0.925000011920929	0.875	0.899999976158142	0.912500008940697	0.859999984502792	0.924999982118606	0.899999976158142	0.879999995231628	0.829999998211861	0.865000009536743	0.892500013113022	0.850000023841858	0.925000011920929	1.19500002264977	1.125	1.08499997854233	1.02499997615814	1.00999999046326	1	1.01249998807907	1	1	0.995000004768372	0.990000009536743	0.995000004768372	0.990000009536743	0.995000004768372	0.990000009536743	1	0.990000009536743	0.942499995231628	0.889999985694885	0.889999985694885	0.884999990463257	0.879999995231628	0.864999994635582	0.939999997615814			
2024-10-22	2024-10-15	CAMP	Camp4 Therapeutics Corp	Polaris Management Co. Vii, L.L.C.	10%	P - Purchase	11	909090	909,090	New	+$9,999,990	9999990	17:31:39	7	11	10.8462500572204	10.7099997997284	10.9747500419617	11.1174998283386	11.1749999523163	10.9275000095368	11.0400002002716	11.1262497901917	11.2074999809265	11.1625001430512	10.9749999046326	10.6324999332428	10.2125000953675	9.00000023841859	8.9225001335144	9.56500005722047	9.81375002861023	10.2925002574921	10.4387500286102	11.0025000572205	11.0337502956391	9.97749996185301	9.00999987125397	7.51750028133392	6.76499998569489	5.93250000476837	5.93499994277954	5.62749993801117	4.88999998569489	4.69449996948242	4.79250001907349	4.83325004577637	4.82850003242493	4.94249987602234	5.4174998998642	7.96375012397767	7.79750001430511	8.41874992847442	8.725750207901	8.5550000667572	9.00250029563904	8.34400010108948	6.94749999046326	6.16000008583069	5.75424993038178	5.19249999523163	5.32999992370606
2024-10-22	2024-10-18	JANX	Janux Therapeutics, Inc.	Ra Capital Management, L.P.	Dir, 10%	P - Purchase	44.75	1200000	10,365,652	+13%	+$53,700,000	53700000	16:20:04	4	44.75	50.0925006866455	51.3224992752075	52.232500076294	53.0075006484985	54.0437507629395	53.7200002670288	54.0074996948242	55.2150001525879	54.4312496185303	54.3174991607666	54.9575004577637	55.2224988937378	55.8275003433228	55.039999961853	54.5762500762939	53.3299999237061	53.1537504196167	52.6374998092652	51.4774990081787	49.6499996185303	48.25	48.4987497329712	48.5625	47.817500114441	48.3650007247925	50.1712503433228	48.5650005340576	47.6199989318848	45.8612499237061	42.7795009613037	64.3959999084473	63.3937492370606	67.5700016021729	66.1574993133545	62.9725008010865	62.7924995422364	63.1162509918213	62.9175004959107	61.6175003051758	61.4300003051758	60.4924993515015	57.263750076294	55.8707504272461	57.1375007629395			
2024-10-22	2024-10-18	DYNR	Dynaresource Inc	Nichol Gareth	10%	P - Purchase	1.04	2778846	5,425,768	+105%	+$2,890,000	2889999.84	15:22:19	4	1.04	0.939999997615814	0.930000007152557	0.902500003576279	0.907499983906746	0.899999976158142	0.864999994635582	0.917499989271165	0.925000011920929	0.875	0.899999976158142	0.912500008940697	0.859999984502792	0.924999982118606	0.899999976158142	0.879999995231628	0.829999998211861	0.865000009536743	0.892500013113022	0.850000023841858	0.925000011920929	1.19500002264977	1.125	1.08499997854233	1.02499997615814	1.00999999046326	1	1.01249998807907	1	1	0.995000004768372	0.990000009536743	0.995000004768372	0.990000009536743	0.995000004768372	0.990000009536743	1	0.990000009536743	0.942499995231628	0.889999985694885	0.889999985694885	0.884999990463257	0.879999995231628	0.864999994635582	0.939999997615814			
2024-10-21	2024-10-17	BIGZ	Blackrock Innovation & Growth Term Trust	Saba Capital Management, L.P.	10%	P - Purchase	7.58	131141	56,449,616	0%	+$993,472	994048.78	12:16:09	4	7.58	7.58750009536743	7.575000166893	7.56000006198883	7.52749991416931	7.52000010013581	7.53250002861023	7.58500015735626	7.59625005722046	7.62000012397766	7.59375	7.54250013828278	7.4762499332428	7.44749987125397	7.64375007152558	7.7112500667572	7.74000000953674	7.82375001907349	7.76747500896454	7.77250003814698	7.81749999523163	7.58749985694885	7.55625009536743	7.5662499666214	7.64999997615814	7.73000001907349	7.82000005245209	7.93999993801117	8.0074999332428	7.96624994277954	7.97999978065491	8.02250015735626	7.97749996185303	8.02749991416931	8.07124996185303	8.08000016212463	8.04747498035431	7.92250001430511	7.91499996185303	7.87000000476837	7.87749993801117	7.85999989509583	7.82000005245209	7.64749991893768	7.49374997615814			
2024-10-18	2024-10-16	SIRI	Sirius Xm Holdings Inc.	Berkshire Hathaway Inc	10%	P - Purchase	27.05	1557702	110,276,790	+1%	+$42,143,337	42135839.1	19:41:15	2	27.05	27.0550003051758	27.5075001716614	27.6425004005432	27.4025001525879	27.0575003623962	26.6550002098083	26.6099996566772	26.8300004005432	27.5024995803833	27.4850001335144	26.7999997138977	27.7525000572205	26.8324999809265	26.0199999809265	26.5325002670289	26.4050002098084	26.0124998092651	26.8299999237061	27.0500001907349	26.9049997329712	27.0025000572205	26.2674999237061	25.4574999809265	25.1275000572205	25.1624999046326	25.3949999809265	26	26.5725002288819	26.4425001144409	26.5900001525879	26.7975001335144	27.1574997901917	27.3474998474121	27.585000038147	27.5425004959107	27.7974996566773	28.6550002098084	26.2524995803833	25.4475002288819	25.1799998283387	24.3775000572205	23.392499923706					
2024-10-17	2024-10-15	CAMP	Camp4 Therapeutics Corp	Northpond Ventures II Gp, LLC	10%	P - Purchase	11	763636	2,238,244	+52%	+$8,399,996	8399996	18:34:47	2	11	10.8462500572204	10.7099997997284	10.9747500419617	11.1174998283386	11.1749999523163	10.9275000095368	11.0400002002716	11.1262497901917	11.2074999809265	11.1625001430512	10.9749999046326	10.6324999332428	10.2125000953675	9.00000023841859	8.9225001335144	9.56500005722047	9.81375002861023	10.2925002574921	10.4387500286102	11.0025000572205	11.0337502956391	9.97749996185301	9.00999987125397	7.51750028133392	6.76499998569489	5.93250000476837	5.93499994277954	5.62749993801117	4.88999998569489	4.69449996948242	4.79250001907349	4.83325004577637	4.82850003242493	4.94249987602234	5.4174998998642	7.96375012397767	7.79750001430511	8.41874992847442	8.725750207901	8.5550000667572	9.00250029563904	8.34400010108948					
2024-10-17	2024-10-15	DRUG	Bright Minds Biosciences Inc.	Cormorant Asset Management, LP	10%	P - Purchase	7.65	422591	875,000	+93%	+$3,234,387	3232821.15	17:11:29	2	7.65	28.4824995994568	23.3275003433228	48.7074985504151	53.3450012207031	45.2749996185303	46.4925003051758	48.3974990844727	49.5625	48.7649993896484	46.9475002288819	45.1349992752075	47.3249998092652	47.6549997329712	49.9549999237061	53.2700004577637	56	51.8149995803833	47.5900001525879	44.7025003433228	40.9674997329712	40.797498703003	41.9975004196167	41.1225004196167	38.0062494277954	37.2774991989136	34.871000289917	32.308000087738	33.7025008201599	37.2699995040894	40.8374996185303	39.1424999237061	42.0787496566773	46.1149997711182	45.6399993896485	44.6825008392334	41.178750038147	39.0249996185303	38.2925004959107	38.1374998092652	38.017499923706	38.2825002670288	40.625					
2024-10-17	2024-10-15	CAMP	Camp4 Therapeutics Corp	Ah Equity Partners Bio I, L.L.C.	10%	P - Purchase	11	727272	2,125,339	+52%	+$7,999,992	7999992	17:05:20	2	11	10.8462500572204	10.7099997997284	10.9747500419617	11.1174998283386	11.1749999523163	10.9275000095368	11.0400002002716	11.1262497901917	11.2074999809265	11.1625001430512	10.9749999046326	10.6324999332428	10.2125000953675	9.00000023841859	8.9225001335144	9.56500005722047	9.81375002861023	10.2925002574921	10.4387500286102	11.0025000572205	11.0337502956391	9.97749996185301	9.00999987125397	7.51750028133392	6.76499998569489	5.93250000476837	5.93499994277954	5.62749993801117	4.88999998569489	4.69449996948242	4.79250001907349	4.83325004577637	4.82850003242493	4.94249987602234	5.4174998998642	7.96375012397767	7.79750001430511	8.41874992847442	8.725750207901	8.5550000667572	9.00250029563904	8.34400010108948					
2024-10-17	2024-10-15	UPB	Upstream Bio, Inc.	Chimovits Erez	Dir, 10%	P - Purchase	17	825000	4,554,873	+22%	+$14,025,000	14025000	16:19:30	2	17	23.2599997520447	23.0875005722046	25.1349997520447	26.2599997520447	25.5149998664856	24.8949999809265	25.1349997520447	25.1774997711182	24.7350001335144	24.6350002288818	25.0550003051758	24.7874999046326	24.9725003242493	24.9500002861023	26.9674997329712	27.3174996376038	26.6975002288819	27.022500038147	26.7274999618531	26.4249997138977	26.2249999046326	26.0350003242493	25.7012495994568	24.8900003433228	23.2574996948242	20.4075002670288	18.0372500419617	17.8862500190735	18.5275006294251	19.0612497329712	20.0475001335144	21.6637501716614	22.1875	21.789999961853	22.1624999046326	22.5337500572204	23.0300002098084	23.3987503051758	21.5549998283386	21.4775004386902	20.8424997329712	20.4007501602173					
2024-10-17	2024-10-15	UPB	Upstream Bio, Inc.	Orbimed Advisors LLC	Dir, 10%	P - Purchase	17	825000	4,554,873	+22%	+$14,025,000	14025000	16:17:52	2	17	23.2599997520447	23.0875005722046	25.1349997520447	26.2599997520447	25.5149998664856	24.8949999809265	25.1349997520447	25.1774997711182	24.7350001335144	24.6350002288818	25.0550003051758	24.7874999046326	24.9725003242493	24.9500002861023	26.9674997329712	27.3174996376038	26.6975002288819	27.022500038147	26.7274999618531	26.4249997138977	26.2249999046326	26.0350003242493	25.7012495994568	24.8900003433228	23.2574996948242	20.4075002670288	18.0372500419617	17.8862500190735	18.5275006294251	19.0612497329712	20.0475001335144	21.6637501716614	22.1875	21.789999961853	22.1624999046326	22.5337500572204	23.0300002098084	23.3987503051758	21.5549998283386	21.4775004386902	20.8424997329712	20.4007501602173					
2024-10-17	2024-10-15	CAMP	Camp4 Therapeutics Corp	Enavate Sciences Gp, LLC	10%	P - Purchase	11	1363636	3,785,802	+56%	+$14,999,996	14999996	16:15:05	2	11	10.8462500572204	10.7099997997284	10.9747500419617	11.1174998283386	11.1749999523163	10.9275000095368	11.0400002002716	11.1262497901917	11.2074999809265	11.1625001430512	10.9749999046326	10.6324999332428	10.2125000953675	9.00000023841859	8.9225001335144	9.56500005722047	9.81375002861023	10.2925002574921	10.4387500286102	11.0025000572205	11.0337502956391	9.97749996185301	9.00999987125397	7.51750028133392	6.76499998569489	5.93250000476837	5.93499994277954	5.62749993801117	4.88999998569489	4.69449996948242	4.79250001907349	4.83325004577637	4.82850003242493	4.94249987602234	5.4174998998642	7.96375012397767	7.79750001430511	8.41874992847442	8.725750207901	8.5550000667572	9.00250029563904	8.34400010108948					
2024-10-17	2024-10-15	CBLL	Ceribell, Inc.	Tpg Gp A, LLC	10%	P - Purchase	17	380268	3,967,422	+11%	+$6,464,556	6464556	16:14:38	2	17	26.1325001716614	26.4537501335144	26.795000076294	26.7749996185303	26.7300000190735	26.2074995040894	26.3375000953674	26.4412503242493	25.6857500076294	26.0637502670288	26.0862498283386	26.2100005149841	26.6012501716614	26.4424996376038	26.8849997520447	27.5525002479553	28.6225004196167	28.6175003051758	28.7624998092652	28.8187499046326	28.1424999237061	27.9399995803833	27.4250001907349	25.8995003700256	25.0650000572205	25.3012495040894	25.1599998474121	25.8624997138977	27.8874998092652	28.3275003433228	28.3550004959107	28.9525003433228	28.4225001335144	28.6982493400574	29.258749961853	28.6512498855591	29.1825003623963	30.6362500190735	29.9812498092652	29.6975002288819	30.2122502326966	29.2499995231629					
2024-10-17	2024-10-15	UPB	Upstream Bio, Inc.	Ai Upstream LLC	10%	P - Purchase	17	1175000	5,494,410	+27%	+$19,975,000	19975000	16:05:04	2	17	23.2599997520447	23.0875005722046	25.1349997520447	26.2599997520447	25.5149998664856	24.8949999809265	25.1349997520447	25.1774997711182	24.7350001335144	24.6350002288818	25.0550003051758	24.7874999046326	24.9725003242493	24.9500002861023	26.9674997329712	27.3174996376038	26.6975002288819	27.022500038147	26.7274999618531	26.4249997138977	26.2249999046326	26.0350003242493	25.7012495994568	24.8900003433228	23.2574996948242	20.4075002670288	18.0372500419617	17.8862500190735	18.5275006294251	19.0612497329712	20.0475001335144	21.6637501716614	22.1875	21.789999961853	22.1624999046326	22.5337500572204	23.0300002098084	23.3987503051758	21.5549998283386	21.4775004386902	20.8424997329712	20.4007501602173					
2024-10-17	2024-10-15	BMEZ	Blackrock Health Sciences Term Trust	Saba Capital Management, L.P.	10%	P - Purchase	15.81	64716	20,750,913	0%	+$1,023,160	1023159.96	10:54:27	2	15.81	15.8150000572205	15.7950000762939	15.7124998569489	15.7125000953674	15.6874997615814	15.6200001239777	15.5675003528595	15.5924999713897	15.6100001335144	15.5250000953674	15.5225002765656	15.5000002384186	15.6549999713898	15.7200000286102	15.6924998760223	15.8199999332428	15.860000371933	15.9100000858307	16.0050001144409	15.9425003528595	15.829999923706	15.6324999332428	15.2374999523163	15.2225000858307	15.102499961853	15.0325002670288	15.0999999046326	15.1850001811981	15.3500001430512	15.3999998569489	15.5050001144409	15.6275000572205	15.7149999141693	15.6400001049042	15.5675001144409	15.4475002288818	15.7075002193451	15.8399999141693	15.8400001525879	15.8049998283387	15.6275000572205	15.5024998188019					
2024-10-17	2024-10-15	BIGZ	Blackrock Innovation & Growth Term Trust	Saba Capital Management, L.P.	10%	P - Purchase	7.6	165665	56,318,475	0%	+$1,259,796	1259054	10:40:34	2	7.6	7.58502507209778	7.56749999523163	7.58750009536743	7.575000166893	7.56000006198883	7.52749991416931	7.52000010013581	7.53250002861023	7.58500015735626	7.59625005722046	7.62000012397766	7.59375	7.54250013828278	7.4762499332428	7.44749987125397	7.64375007152558	7.7112500667572	7.74000000953674	7.82375001907349	7.76747500896454	7.77250003814698	7.81749999523163	7.58749985694885	7.55625009536743	7.5662499666214	7.64999997615814	7.73000001907349	7.82000005245209	7.93999993801117	8.0074999332428	7.96624994277954	7.97999978065491	8.02250015735626	7.97749996185303	8.02749991416931	8.07124996185303	8.08000016212463	8.04747498035431	7.92250001430511	7.91499996185303	7.87000000476837	7.87749993801117					
2024-10-16	2024-10-14	SNDA	Sonida Senior Living, Inc.	Simanovsky Michael	Dir, 10%	P - Purchase	24.07	34448	7,736,668	0%	+$829,086	829163.36	21:42:56	2	24.07	23.4899997711182	24.9299998283387	26.897500038147	27.147500038147	26.7200002670288	25.9225001335144	25.0999994277954	25.4874997138977	25.0825004577637	26.1174998283387	26.3099999427795	26.1849999427796	26.2624998092651	26.0875000953674	25.3074998855591	25.4875001907349	26.9474997520447	26.4650001525879	25.5500001907349	25.1799998283386	24.0500001907349	23.897500038147	22.4499998092651	22.317500114441	21.6100006103516	21.8175005912781	23.5375003814697	24.3174996376038	24.630000114441	25.3775000572205	25.5699996948242	26.1324996948242	25.9999995231629	25.8775000572205	25.1925001144409	24.8924999237061	24.7449998855591	24.3400001525879	25.3225002288818	25.2399997711182	24.7649998664856	24.192500114441	24.2049999237061				
2024-10-15	2024-10-15	CAMP	Camp4 Therapeutics Corp	Polaris Management Co. Vii, L.L.C.	10%	P - Purchase	11	909090	909,090	New	+$9,999,990	9999990	18:00:16	0	11	10.8462500572204	10.7099997997284	10.9747500419617	11.1174998283386	11.1749999523163	10.9275000095368	11.0400002002716	11.1262497901917	11.2074999809265	11.1625001430512	10.9749999046326	10.6324999332428	10.2125000953675	9.00000023841859	8.9225001335144	9.56500005722047	9.81375002861023	10.2925002574921	10.4387500286102	11.0025000572205	11.0337502956391	9.97749996185301	9.00999987125397	7.51750028133392	6.76499998569489	5.93250000476837	5.93499994277954	5.62749993801117	4.88999998569489	4.69449996948242	4.79250001907349	4.83325004577637	4.82850003242493	4.94249987602234	5.4174998998642	7.96375012397767	7.79750001430511	8.41874992847442	8.725750207901	8.5550000667572	9.00250029563904	8.34400010108948					
2024-10-15	2024-10-15	CAMP	Camp4 Therapeutics Corp	5Am Partners Vi, LLC	10%	P - Purchase	11	909090	2,927,915	+45%	+$9,999,990	9999990	17:56:35	0	11	10.8462500572204	10.7099997997284	10.9747500419617	11.1174998283386	11.1749999523163	10.9275000095368	11.0400002002716	11.1262497901917	11.2074999809265	11.1625001430512	10.9749999046326	10.6324999332428	10.2125000953675	9.00000023841859	8.9225001335144	9.56500005722047	9.81375002861023	10.2925002574921	10.4387500286102	11.0025000572205	11.0337502956391	9.97749996185301	9.00999987125397	7.51750028133392	6.76499998569489	5.93250000476837	5.93499994277954	5.62749993801117	4.88999998569489	4.69449996948242	4.79250001907349	4.83325004577637	4.82850003242493	4.94249987602234	5.4174998998642	7.96375012397767	7.79750001430511	8.41874992847442	8.725750207901	8.5550000667572	9.00250029563904	8.34400010108948					
2024-10-15	2024-10-15	CAMP	Camp4 Therapeutics Corp	Nashat Amir	Dir, 10%	P - Purchase	11	909090	909,090	New	+$9,999,990	9999990	17:49:12	0	11	10.8462500572204	10.7099997997284	10.9747500419617	11.1174998283386	11.1749999523163	10.9275000095368	11.0400002002716	11.1262497901917	11.2074999809265	11.1625001430512	10.9749999046326	10.6324999332428	10.2125000953675	9.00000023841859	8.9225001335144	9.56500005722047	9.81375002861023	10.2925002574921	10.4387500286102	11.0025000572205	11.0337502956391	9.97749996185301	9.00999987125397	7.51750028133392	6.76499998569489	5.93250000476837	5.93499994277954	5.62749993801117	4.88999998569489	4.69449996948242	4.79250001907349	4.83325004577637	4.82850003242493	4.94249987602234	5.4174998998642	7.96375012397767	7.79750001430511	8.41874992847442	8.725750207901	8.5550000667572	9.00250029563904	8.34400010108948					
2024-10-15	2024-10-15	CAMP	Camp4 Therapeutics Corp	Schwab Andrew J.	Dir, 10%	P - Purchase	11	909090	2,625,145	+53%	+$9,999,990	9999990	17:48:17	0	11	10.8462500572204	10.7099997997284	10.9747500419617	11.1174998283386	11.1749999523163	10.9275000095368	11.0400002002716	11.1262497901917	11.2074999809265	11.1625001430512	10.9749999046326	10.6324999332428	10.2125000953675	9.00000023841859	8.9225001335144	9.56500005722047	9.81375002861023	10.2925002574921	10.4387500286102	11.0025000572205	11.0337502956391	9.97749996185301	9.00999987125397	7.51750028133392	6.76499998569489	5.93250000476837	5.93499994277954	5.62749993801117	4.88999998569489	4.69449996948242	4.79250001907349	4.83325004577637	4.82850003242493	4.94249987602234	5.4174998998642	7.96375012397767	7.79750001430511	8.41874992847442	8.725750207901	8.5550000667572	9.00250029563904	8.34400010108948					
2024-10-15	2024-10-10	BIGZ	Blackrock Innovation & Growth Term Trust	Saba Capital Management, L.P.	10%	P - Purchase	7.66	164538	56,152,810	0%	+$1,259,679	1260361.08	10:17:29	5	7.66	7.6599999666214	7.70249998569488	7.60564994812012	7.58502507209778	7.56749999523163	7.58750009536743	7.575000166893	7.56000006198883	7.52749991416931	7.52000010013581	7.53250002861023	7.58500015735626	7.59625005722046	7.62000012397766	7.59375	7.54250013828278	7.4762499332428	7.44749987125397	7.64375007152558	7.7112500667572	7.74000000953674	7.82375001907349	7.76747500896454	7.77250003814698	7.81749999523163	7.58749985694885	7.55625009536743	7.5662499666214	7.64999997615814	7.73000001907349	7.82000005245209	7.93999993801117	8.0074999332428	7.96624994277954	7.97999978065491	8.02250015735626	7.97749996185303	8.02749991416931	8.07124996185303	8.08000016212463	8.04747498035431	7.92250001430511	7.91499996185303	7.87000000476837	7.87749993801117		
2024-10-11	2024-10-09	SIRI	Sirius Xm Holdings Inc.	Berkshire Hathaway Inc	10%	P - Purchase	24.33	3564059	108,719,088	+3%	+$86,730,943	86713555.47	19:07:17	2	24.33	23.9849996566773	24.6624999046326	26.6375002861023	27.2974996566773	27.2000002861023	27.0550003051758	27.5075001716614	27.6425004005432	27.4025001525879	27.0575003623962	26.6550002098083	26.6099996566772	26.8300004005432	27.5024995803833	27.4850001335144	26.7999997138977	27.7525000572205	26.8324999809265	26.0199999809265	26.5325002670289	26.4050002098084	26.0124998092651	26.8299999237061	27.0500001907349	26.9049997329712	27.0025000572205	26.2674999237061	25.4574999809265	25.1275000572205	25.1624999046326	25.3949999809265	26	26.5725002288819	26.4425001144409	26.5900001525879	26.7975001335144	27.1574997901917	27.3474998474121	27.585000038147	27.5425004959107	27.7974996566773	28.6550002098084					
2024-10-11	2024-10-08	GATX	Gatx Corp	State Farm Mutual Automobile Insurance Co	10%	P - Purchase	133.41	23706	5,641,782	0%	+$3,162,714	3162617.46	12:00:42	3	133.41	133.757495880127	132.735000610352	133.862495422363	133.967498779297	134.472499847412	135.760002136231	135.304996490479	134.170001983643	132.240001678467	138.624996185303	138.267501831055	139.202499389649	138.940002441406	139.052501678467	138.762504577637	139.779998779297	138.705001831055	138.875	138.792499542236	140.595005035401	151.654998779297	153.377502441406	152.389999389649	154.367500305176	153.362503051758	153.860000610352	152.125	151.704998016358	152.545001983643	151.497497558594	153.090000152588	156.917499542236	160.862499237061	164.602500915527	164.017501831055	163.897499084473	164.377498626709	164.347496032715	163.180000305176	161.45000076294	159.797500610352	160.252502441406	162.362495422363				
2024-10-11	2024-10-10	GATX	Gatx Corp	State Farm Mutual Automobile Insurance Co	10%	P - Purchase	132.81	13840	5,627,942	0%	+$1,838,061	1838090.4	11:38:47	1	132.81	133.862495422363	133.967498779297	134.472499847412	135.760002136231	135.304996490479	134.170001983643	132.240001678467	138.624996185303	138.267501831055	139.202499389649	138.940002441406	139.052501678467	138.762504577637	139.779998779297	138.705001831055	138.875	138.792499542236	140.595005035401	151.654998779297	153.377502441406	152.389999389649	154.367500305176	153.362503051758	153.860000610352	152.125	151.704998016358	152.545001983643	151.497497558594	153.090000152588	156.917499542236	160.862499237061	164.602500915527	164.017501831055	163.897499084473	164.377498626709	164.347496032715	163.180000305176	161.45000076294	159.797500610352	160.252502441406	162.362495422363						
2024-10-10	2024-10-08	GATX	Gatx Corp	State Farm Mutual Automobile Insurance Co	10%	P - Purchase	133.41	23706	5,641,782	0%	+$3,162,714	3162617.46	15:33:50	2	133.41	133.757495880127	132.735000610352	133.862495422363	133.967498779297	134.472499847412	135.760002136231	135.304996490479	134.170001983643	132.240001678467	138.624996185303	138.267501831055	139.202499389649	138.940002441406	139.052501678467	138.762504577637	139.779998779297	138.705001831055	138.875	138.792499542236	140.595005035401	151.654998779297	153.377502441406	152.389999389649	154.367500305176	153.362503051758	153.860000610352	152.125	151.704998016358	152.545001983643	151.497497558594	153.090000152588	156.917499542236	160.862499237061	164.602500915527	164.017501831055	163.897499084473	164.377498626709	164.347496032715	163.180000305176	161.45000076294	159.797500610352	160.252502441406					
2024-10-10	2024-10-08	BIGZ	Blackrock Innovation & Growth Term Trust	Saba Capital Management, L.P.	10%	P - Purchase	7.59	109474	55,988,272	0%	+$830,823	830907.66	11:56:51	2	7.59	7.61000001430512	7.5974999666214	7.6599999666214	7.70249998569488	7.60564994812012	7.58502507209778	7.56749999523163	7.58750009536743	7.575000166893	7.56000006198883	7.52749991416931	7.52000010013581	7.53250002861023	7.58500015735626	7.59625005722046	7.62000012397766	7.59375	7.54250013828278	7.4762499332428	7.44749987125397	7.64375007152558	7.7112500667572	7.74000000953674	7.82375001907349	7.76747500896454	7.77250003814698	7.81749999523163	7.58749985694885	7.55625009536743	7.5662499666214	7.64999997615814	7.73000001907349	7.82000005245209	7.93999993801117	8.0074999332428	7.96624994277954	7.97999978065491	8.02250015735626	7.97749996185303	8.02749991416931	8.07124996185303	8.08000016212463					
2024-10-08	2024-10-03	FVR	Frontview Reit, Inc.	Alyeska Investment Group, L.P.	10%	P - Purchase	19.11	810810	2,934,024	+38%	+$15,494,579	15494579.1	19:00:21	5	19.11	19.1349997520447	18.9574999809265	18.6849999427795	18.7162494659424	18.6574997901917	18.5837502479553	18.5250000953675	18.6550002098084	18.6612496376038	18.678750038147	18.9475002288818	19.2199997901917	19.2662496566773	19.4500002861023	19.6149997711182	19.4205002784729	19.2937498092651	18.8324999809265	18.8175001144409	18.9074997901916	18.7674999237061	18.8325004577637	18.9849996566773	19.053750038147	18.8824996948242	18.8679995536804	18.9049997329712	18.8449997901917	19.0774998664856	19.0557494163513	18.7675004005432	18.4650001525879	18.4875001907349	18.4750003814698	18.5349998474121	18.7849998474121	18.8399996757507	18.9050002098083	18.9762501716614	19.3324999809265	19.4974999427796	19.5974998474121	19.4757504463196	19.3312497138977	19.2725005149841		
2024-10-07	2024-10-03	LFCR	Lifecore Biomedical, Inc. De	Wynnefield Partners Small Cap Value LP I	10%	P - Purchase	4.1	292683	4,703,216	+7%	+$1,200,000	1200000.3	20:45:10	4	4.1	5.14499998092651	5.23749995231629	4.97499990463257	4.63499999046326	4.47000002861023	4.5149998664856	4.64499998092651	4.65000009536744	4.65250015258789	4.87250006198883	5.17250001430512	5.24000000953674	5.22000002861023	5.2574999332428	5.38750004768372	5.46249997615814	5.64750003814697	5.66750001907349	5.84749984741211	5.77499985694885	5.80000007152558	5.92999994754791	6.04999995231629	6.35249996185303	6.48500001430512	6.60500001907349	6.65500009059906	6.76250004768372	7.09249997138977	6.8675000667572	6.53000009059906	6.40999984741211	6.71749997138977	7.29499995708466	7.31749987602234	7.24249994754791	7.42500007152558	7.36000001430512	7.54999995231628	7.4724999666214	7.57249999046326	7.52499985694886	7.5550000667572	7.40500009059906			
2024-10-04	2024-10-02	IBTA	Ibotta, Inc.	D. E. Shaw & Co, L.P.	See Footnotes 3,11,17,18,19, 10%	P - Purchase	61.71	18383	739,642	+3%	+$1,134,323	1134414.93	20:07:27	2	61.71	60.5099992752075	61.7095003128052	62.7049999237061	62.0625	64.4799995422363	65.8775005340576	66.7912483215332	70.4517517089844	70.0650005340577	67.9149990081787	68.7825012207031	67.2362499237061	70.1875	70.6862487792969	71.1150016784668	71.0825004577637	72.8824996948242	75.4462490081787	76.5675010681152	76.3525009155273	74.3975009918213	74.4174995422363	71.8024997711182	72.7849998474121	73.4625015258789	72.0375003814697	73.9050006866455	75.7100009918213	75.7149982452393	76.505500793457	63.6577501296997	66.4152507781983	65.2075004577637	64.2700004577637	63.4499998092652	65.545000076294	68.7700004577637	71.9812488555908	70.2850017547608	70.5300006866455	71.9600009918213	74.1349983215332					
2024-10-04	2024-10-02	SRFM	Surf Air Mobility Inc.	Palantir Technologies Inc.	10%	P - Purchase	1.25	1270869	2,730,166	+87%	+$1,585,917	1588586.25	18:50:26	2	1.25	1.57750001549721	1.81225001811981	2.36199998855591	2.05749997496605	2.07899993658066	2.95749998092651	2.41249996423721	1.97999998927116	1.90749999880791	1.79249998927116	1.85499998927117	1.93250000476837	1.90749999880791	2.03749999403954	2.05125001072884	1.92624998092651	1.80674999952316	1.70974999666214	1.79750001430511	1.88000002503395	1.8575000166893	1.77599999308586	1.69499999284745	1.68500000238419	1.78999999165535	1.87349998950958	2.06500005722046	2.19499999284744	1.97625002264976	1.94900000095367	1.8575000166893	1.65000000596047	1.72249999642372	2.00749999284744	2.11500000953674	2.33375000953674	2.72000002861023	3.33500003814698	3.50249999761582	3.6875	3.75500005483628	4.14749991893769					
2024-10-04	2024-10-02	RNAC	Cartesian Therapeutics, Inc.	Springer Timothy A	Dir, 10%	P - Purchase	20.87	205721	8,884,259	+2%	+$4,293,545	4293397.27	17:58:13	2	20.87	20.4274997711182	23.5702500343323	23.4602494239807	23.2257504463196	23.1699995994568	21.3637499809265	21.5862498283386	22.0175004005432	20.7649998664856	21.4025001525879	21.5750002861023	22.2925000190735	22.4297494888306	22.1824998855591	22.0950002670288	22.3525004386902	21.4970002174378	21.7049994468689	22.2775001525879	21.8174996376038	20.2424998283386	19.9524998664856	19.3600001335144	19.5799994468689	20.7150001525879	21.1175003051758	20.857500076294	20.2250003814697	18.1325001716614	17.2385005950928	16.6749997138977	17.1325001716614	17.8112497329712	18.5124998092651	17.4000005722046	16.9237499237061	17.7437500953674	18.6675000190735	18.2149996757508	18.4549999237061	18.4299998283386	19.0324993133545					
2024-10-03	2024-10-01	NFE	New Fortress Energy Inc.	Edens Wesley R	CEO, 10%	P - Purchase	8.63	5793742	53,334,666	+12%	+$49,999,993	49999993.46	18:13:06	2	8.63	9.33500003814697	8.92374992370606	9.77499985694886	9.79250001907348	9.02125000953674	8.89474987983704	9.14375019073486	9.3349997997284	9.33624982833862	9.30375003814697	9.44425010681152	9.1949999332428	9.14249992370605	9.09999990463257	8.77875018119812	8.47500014305115	8.6175000667572	8.76875019073486	8.4762499332428	8.5149998664856	8.65875005722046	8.52999997138977	8.19750010967255	8.23499989509583	8.65875029563904	9.34625005722046	9.6725001335144	9.28375005722046	9.35375022888184	9.44250011444092	9.15249991416931	9.06625008583069	8.92499995231628	8.69999980926514	8.88499999046326	9.0675003528595	9.37950015068054	9.61124992370605	9.71499991416931	9.82374978065489	10.2850000858307	10.6449999809265					
2024-10-03	2024-10-02	GNL	Global Net Lease, Inc.	Schorsch Nicholas S	10%	P - Purchase	8.4	1e+05	29,288,012	0%	+$840,000	840000	06:03:45	1	8.4	8.45725011825562	8.39124989509583	8.35750007629395	8.40249991416931	8.53499984741211	8.46000003814697	8.18499994277954	8.22499990463257	8.43624997138977	8.61250019073486	8.47000002861023	8.3899998664856	8.25874996185303	8.10249996185303	8.08124995231628	8.0987503528595	8.08399987220765	8.03250002861023	7.93199992179871	7.98125016689301	7.90750002861023	7.7702499628067	7.69124984741211	7.70249998569488	7.89250016212463	8.0074999332428	7.93374991416931	7.80874991416931	7.56499993801117	7.5387499332428	7.37750005722046	7.31424999237061	7.27749991416931	7.25874996185303	7.28000009059906	7.28125	7.34625005722046	7.5037499666214	7.52900016307831	7.59625005722046	7.47499990463257						
2024-10-02	2024-09-27	IBTA	Ibotta, Inc.	D. E. Shaw & Co, L.P.	See Footnotes 2,5,18,19,20, 10%	P - Purchase	61.49	13435	735,042	+2%	+$826,087	826118.15	16:01:13	5	61.49	62.0062503814698	60.4250001907349	61.2849998474121	60.5099992752075	61.7095003128052	62.7049999237061	62.0625	64.4799995422363	65.8775005340576	66.7912483215332	70.4517517089844	70.0650005340577	67.9149990081787	68.7825012207031	67.2362499237061	70.1875	70.6862487792969	71.1150016784668	71.0825004577637	72.8824996948242	75.4462490081787	76.5675010681152	76.3525009155273	74.3975009918213	74.4174995422363	71.8024997711182	72.7849998474121	73.4625015258789	72.0375003814697	73.9050006866455	75.7100009918213	75.7149982452393	76.505500793457	63.6577501296997	66.4152507781983	65.2075004577637	64.2700004577637	63.4499998092652	65.545000076294	68.7700004577637	71.9812488555908	70.2850017547608	70.5300006866455	71.9600009918213			
2024-10-01	2024-09-27	IBTA	Ibotta, Inc.	D. E. Shaw & Co, L.P.	See Footnotes 2,5,18,19,20, 10%	P - Purchase	61.49	13435	735,042	+2%	+$826,087	826118.15	21:01:16	4	61.49	62.0062503814698	60.4250001907349	61.2849998474121	60.5099992752075	61.7095003128052	62.7049999237061	62.0625	64.4799995422363	65.8775005340576	66.7912483215332	70.4517517089844	70.0650005340577	67.9149990081787	68.7825012207031	67.2362499237061	70.1875	70.6862487792969	71.1150016784668	71.0825004577637	72.8824996948242	75.4462490081787	76.5675010681152	76.3525009155273	74.3975009918213	74.4174995422363	71.8024997711182	72.7849998474121	73.4625015258789	72.0375003814697	73.9050006866455	75.7100009918213	75.7149982452393	76.505500793457	63.6577501296997	66.4152507781983	65.2075004577637	64.2700004577637	63.4499998092652	65.545000076294	68.7700004577637	71.9812488555908	70.2850017547608	70.5300006866455	71.9600009918213			
2024-10-01	2024-09-27	WVE	Wave Life Sciences Ltd.	Gsk Plc	10%	P - Purchase	8	2791930	16,775,691	+20%	+$22,335,440	22335440	17:54:39	4	8	8.2724997997284	8.21000003814697	8.74250006675721	8.69249987602234	8.48749995231628	8.2350001335144	8.0349999666214	8.16999995708466	8.26250004768372	8.42499971389771	8.71249985694885	8.61250019073486	13.6174998283386	14.8374998569488	14.9025001525879	15.0324997901916	14.9350001811981	14.5699999332428	14.6374998092651	14.8050000667572	14.835000038147	14.9549999237061	14.4674999713898	13.8699998855591	13.8374998569489	13.7275002002716	13.7525000572205	14.3650000095368	14.522500038147	15.539999961853	16.3299999237061	15.5899999141693	16.0799994468689	15.3800001144409	14.4375002384186	13.2850000858307	13.477499961853	14.2099997997284	14.3650000095368	14.3450002670288	14.7575001716614	14.9124999046326	15.0049998760224	15.0075001716614			
2024-10-01	2024-09-23	GDOT	Green Dot Corp	Topline Capital Partners, LP	10%	P - Purchase	11.98	198914	6,157,665	+3%	+$2,383,845	2382989.72	17:09:52	8	11.98	12.1525001525879	11.6449999809265	11.6775002479553	11.6725001335144	11.6550002098084	11.352499961853	11.227499961853	10.7224998474121	10.9650001525879	10.9474999904633	11.0099999904633	11.0650000572205	11.0625002384186	11.3125	11.2474999427796	11.2349998950958	11.5699999332428	11.7974998950958	11.8174996376038	11.5499999523163	11.3099999427796	11.4574999809265	11.6324999332428	11.5674998760223	11.772500038147	12	11.7474999427795	11.5325000286102	11.3625001907349	11.3199999332428	11.5050001144409	12.9299998283386	13.2149999141693	11.6649999618531	10.8774998188019	11.0225002765656	11.5274999141693	11.1100001335144	11.0400002002716	10.977499961853	10.5674998760223	10.3824999332428	10.25	10.352499961853			
2024-10-01	2024-09-27	BIOA	Bioage Labs, Inc.	Cormorant Asset Management, LP	Former 10% Owner	P - Purchase	18	450000	1,629,529	+38%	+$8,100,000	8100000	16:01:04	4	18	21.4749999046326	20.4075002670288	19.8899998664856	20.2622499465942	21.335000038147	22.3292503356934	22.3799996376038	21.2612500190735	20.2000002861023	20.978500366211	23.1849999427795	24.3274998664856	24.4275002479553	23.4725003242493	23.4050002098084	25.1574997901917	24.9350004196167	23.8425002098084	23.7875003814697	23.8699998855591	24.4287495613098	24.6062498092651	24.6874995231629	23.9600000381469	22.8949999809265	22.5324997901916	22.4025001525879	22.7749996185303	21.7087497711182	21.4250001907349	22.3185000419617	21.3724999427795	20.4175000190735	20.1250004768372	19.1500000953674	18.8782501220703	18.6925005912781	18.6750001907349	18.5707502365112	18.9724998474121	19.0824995040894	19.4087505340576	19.2885003089905	19.102499961853			
2024-09-30	2024-09-26	BMEZ	Blackrock Health Sciences Term Trust	Saba Capital Management, L.P.	10%	P - Purchase	15.81	49504	20,653,378	0%	+$782,789	782658.24	11:46:27	4	15.81	15.8099999427795	15.8475000858307	15.875	15.8125002384186	15.7850003242493	15.8275001049042	15.8324999809265	15.7474999427795	15.75	15.710000038147	15.7625000476837	15.8675000667572	15.7675001621247	15.8150000572205	15.7950000762939	15.7124998569489	15.7125000953674	15.6874997615814	15.6200001239777	15.5675003528595	15.5924999713897	15.6100001335144	15.5250000953674	15.5225002765656	15.5000002384186	15.6549999713898	15.7200000286102	15.6924998760223	15.8199999332428	15.860000371933	15.9100000858307	16.0050001144409	15.9425003528595	15.829999923706	15.6324999332428	15.2374999523163	15.2225000858307	15.102499961853	15.0325002670288	15.0999999046326	15.1850001811981	15.3500001430512	15.3999998569489	15.5050001144409			
2024-09-27	2024-09-20	LUCY	Innovative Eyewear Inc	Galkin Vladimir	10%	P - Purchase	10.31	70000	799,208	+10%	+$721,472	721700	16:12:34	7	10.31	9.40000009536742	9.82249999046326	9.98999977111817	9.46500015258787	8.87999987602234	8.76000022888184	7.91000008583069	8.35500001907349	8.42999994754791	8.19499981403351	7.91249990463257	7.72000002861023	7.5462498664856	7.53500008583069	8.07749998569489	7.78999996185303	7.62750005722046	7.36500000953675	6.87199997901917	6.64250004291535	6.69350004196167	6.75049984455109	6.71999990940094	6.36250007152557	5.98000013828278	5.90050005912781	8.81749987602234	7.62250006198883	8.14999985694885	7.77250003814698	7.85824990272522	8.2075002193451	8.12250018119812	7.57499992847443	7.23500001430512	7.19000017642975	6.99824988842011	6.79000008106232	6.7075001001358	6.87049996852875	6.79499995708466	6.94999992847443	6.87600004673004	6.79499995708466	6.68999993801117	7.0074999332428	
2024-09-27	2024-09-26	GCTS	Gct Semiconductor Holding, Inc.	Anapass, Inc.	10%	P - Purchase	3.02	741603	8,017,466	+10%	+$2,239,641	2239641.06	16:08:53	1	3.02	3.1774999499321	3.36249995231629	3.19000005722046	2.94499999284744	2.75200003385544	2.68499994277954	2.64875000715256	2.66499996185303	2.62825000286103	2.61249995231629	2.57750004529953	2.43999993801117	2.44999998807907	2.49750000238419	2.4650000333786	2.56999999284744	2.64999997615814	2.63400000333786	2.53249996900559	2.60225003957749	2.69499999284744	2.66999995708466	2.5699999332428	2.50125002861023	2.40249997377396	2.48750001192093	2.58999997377396	2.62824994325638	2.66224998235703	2.6875	2.78749996423722	2.76999998092652	2.7325000166893	2.6582499742508	2.60724997520447	2.4274999499321	2.37749999761582	2.29750001430512	2.20375001430512	2.21999996900559	2.30124998092652	2.34500002861023					
2024-09-27	2024-09-23	LUCY	Innovative Eyewear Inc	Galkin Vladimir	10%	P - Purchase	9.08	200792	1,000,000	+25%	+$1,822,973	1823191.36	14:41:40	4	9.08	9.82249999046326	9.98999977111817	9.46500015258787	8.87999987602234	8.76000022888184	7.91000008583069	8.35500001907349	8.42999994754791	8.19499981403351	7.91249990463257	7.72000002861023	7.5462498664856	7.53500008583069	8.07749998569489	7.78999996185303	7.62750005722046	7.36500000953675	6.87199997901917	6.64250004291535	6.69350004196167	6.75049984455109	6.71999990940094	6.36250007152557	5.98000013828278	5.90050005912781	8.81749987602234	7.62250006198883	8.14999985694885	7.77250003814698	7.85824990272522	8.2075002193451	8.12250018119812	7.57499992847443	7.23500001430512	7.19000017642975	6.99824988842011	6.79000008106232	6.7075001001358	6.87049996852875	6.79499995708466	6.94999992847443	6.87600004673004	6.79499995708466	6.68999993801117	7.0074999332428		
2024-09-27	2024-09-19	LUCY	Innovative Eyewear Inc	Galkin Vladimir	10%	P - Purchase	8.91	297443	743,245	+67%	+$2,649,148	2650217.13	14:40:55	8	8.91	10.0700001716614	9.40000009536742	9.82249999046326	9.98999977111817	9.46500015258787	8.87999987602234	8.76000022888184	7.91000008583069	8.35500001907349	8.42999994754791	8.19499981403351	7.91249990463257	7.72000002861023	7.5462498664856	7.53500008583069	8.07749998569489	7.78999996185303	7.62750005722046	7.36500000953675	6.87199997901917	6.64250004291535	6.69350004196167	6.75049984455109	6.71999990940094	6.36250007152557	5.98000013828278	5.90050005912781	8.81749987602234	7.62250006198883	8.14999985694885	7.77250003814698	7.85824990272522	8.2075002193451	8.12250018119812	7.57499992847443	7.23500001430512	7.19000017642975	6.99824988842011	6.79000008106232	6.7075001001358	6.87049996852875	6.79499995708466	6.94999992847443	6.87600004673004	6.79499995708466	6.68999993801117	7.0074999332428
2024-09-26	2024-09-24	HWH	Hwh International Inc.	Chan Heng Fai Ambrose	CEO, 10%	P - Purchase	0.63	6034537	19,264,692	+46%	+$3,801,758	3801758.31	21:39:51	2	0.63	2.8824999332428	3.20999997854233	3.64875000715256	4.02250003814697	4.63750004768372	5.54375004768372	5.51250004768372	5.41250002384186	5.05000007152557	3.98749989271164	4.07249999046326	4	4.05750000476837	4.10374999046326	4.06375002861023	3.95625007152557	3.88750004768372	3.89999997615814	4.27249991893768	4.08249998092651	4.15499997138977	4.00124990940094	4.0699999332428	4.02624988555908	3.97749996185303	3.81499993801117	3.77500003576279	3.59250003099442	3.47124999761582	3.5762500166893	3.4262501001358	3.22375005483627	3.42499995231629	3.83874994516373	3.79000002145768	3.50874996185303	3.65999990701676	3.53374999761582	3.3474999666214	3.4650000333786	3.34500002861023	3.44500005245209	3.32500004768372				
2024-09-26	2024-09-26	TECX	Tectonic Therapeutic, Inc.	Springer Timothy A	Dir, 10%	P - Purchase	28.82	50000	4,293,121	+1%	+$1,440,829	1441000	18:15:52	0	28.82	30.4700002670288	30.1600003242493	29.0474996566773	29.1199998855591	29.7750000953675	31.4924998283386	33.1624994277954	31.9000000953674	31.4050006866455	30.6724996566773	31.0550003051758	32.6175003051758	33.9850006103516	34.460000038147	35.6849994659424	36.8150005340576	37.0400009155274	36.4675006866455	35.2624998092651	35.5099992752075	38.085000038147	39.7649993896485	40.0050001144409	40.7800006866455	40.3374996185303	40.8499994277954	41.3574991226197	42.5324993133545	43.1099996566773	45.5375003814697	42.6100006103516	45.2250003814697	47.0450010299683	47.4075002670288	44.6649990081787	41.2174997329712	39.1875	39.9475002288819	43.625	44.4525003433228	46.522500038147						
2024-09-26	2024-09-24	ASGI	Abrdn Global Infrastructure Income Fund	Saba Capital Management, L.P.	10%	P - Purchase	19.32	41344	2,957,749	+1%	+$798,766	798766.08	15:08:45	2	19.32	19.9737505912781	19.9149999618531	20.0834999084473	20.2065000534058	20.2450003623962	20.1849999427796	20.1050000190735	20.1224999427795	20.1187500953675	20.0100002288818	19.9427495002747	19.8799996376037	19.8912496566773	20.0375003814697	20.0399994850159	20.1274995803833	20.1687498092651	20.210000038147	20.2350001335144	20.25	20.2252502441406	20.0102496147156	20.0425000190735	20.045000076294	19.9425001144409	19.8507499694824	19.7249999046326	19.6962504386902	19.6720004081726	19.6399998664856	19.3699998855591	19.2475004196167	19.326250076294	19.4125003814697	19.3225002288818	19.1700005531311	19.1989998817444	19.1997499465943	19.4800004959107	19.6422500610352	19.7274999618531	19.7049999237061	19.5762505531311				
2024-09-26	2024-09-23	LUCY	Innovative Eyewear Inc	Galkin Vladimir	10%	P - Purchase	9.08	200792	1,000,000	+25%	+$1,822,973	1823191.36	08:31:43	3	9.08	9.82249999046326	9.98999977111817	9.46500015258787	8.87999987602234	8.76000022888184	7.91000008583069	8.35500001907349	8.42999994754791	8.19499981403351	7.91249990463257	7.72000002861023	7.5462498664856	7.53500008583069	8.07749998569489	7.78999996185303	7.62750005722046	7.36500000953675	6.87199997901917	6.64250004291535	6.69350004196167	6.75049984455109	6.71999990940094	6.36250007152557	5.98000013828278	5.90050005912781	8.81749987602234	7.62250006198883	8.14999985694885	7.77250003814698	7.85824990272522	8.2075002193451	8.12250018119812	7.57499992847443	7.23500001430512	7.19000017642975	6.99824988842011	6.79000008106232	6.7075001001358	6.87049996852875	6.79499995708466	6.94999992847443	6.87600004673004	6.79499995708466	6.68999993801117			
2024-09-25	2024-09-23	APPN	Appian Corp	Abdiel Capital Advisors, LP	10%	P - Purchase	32.95	42825	20,338,465	0%	+$1,410,992	1411083.75	20:22:30	2	32.95	32.8849992752075	33.3275003433228	34.8784999847412	35.2799997329712	34.4375	33.545000076294	33.3834991455078	33.795000076294	34.1312503814697	33.1152515411377	32.6749992370606	32.4525003433228	32.0149998664856	31.4949994087219	31.6624994277954	31.5162501335144	31.0787501335144	30.9237499237061	31.3049998283386	31.205500125885	30.9549994468689	30.8387498855591	31.5000004768372	32.2724995613099	33.0250005722046	33.7775001525879	34.7749996185303	35.4874992370605	36.482500076294	36.4774990081787	37.6412496566772	40.0749998092651	41.6950006484985	41.2224988937378	39.9449996948242	39.903000831604	40.3200006484986	38.7412490844727	36.8624992370606	36.3925008773804	36.3249998092652	36.4074993133545	37.4487495422363	38.8337497711182			
2024-09-25	2024-09-23	FBIO	Fortress Biotech, Inc.	Rosenwald Lindsay A Md	Pres, CEO, COB, 10%	P - Purchase	1.84	763359	3,657,264	+26%	+$1,404,581	1404580.56	16:45:04	2	1.84	1.41750001907349	1.41749998927117	1.49000000953675	1.4825000166893	1.46250003576279	1.45249998569489	1.50000002980232	1.5799999833107	1.62000000476838	1.60500001907349	1.55750000476837	1.55750000476837	1.58500000834465	1.6075000166893	1.66749998927117	1.70500001311302	1.74000000953675	1.79499998688698	1.82000002264977	1.78499999642372	1.79749998450279	1.79999998211861	1.75749999284744	1.79250001907349	1.97749999165535	2.01999998092651	1.98999997973442	1.90500000119209	1.91249999403953	1.85250002145767	1.69749999046326	1.75250002741814	1.75	1.71000000834465	1.74750000238419	1.71500000357628	1.68500000238419	1.59999999403954	1.48999997973442	1.48500001430512	1.55750000476837	1.58750000596047	1.59749999642372	1.58249998092651			
2024-09-24	2024-09-20	BNZI	Banzai International, Inc.	Alco Investment Co	10%	P - Purchase	3.89	282420	330,340	+589%	+$1,098,614	1098613.8	21:09:30	4	3.89	46.0500001907349	80.75	57.1750001907349	59.5499992370606	60.3699998855591	52.6774997711182	46.375	48.0250005722046	44.8500013351441	37.875	32.5100002288818	28.7750000953675	55.3750009536743	49.5000009536743	46	39.625	43.6275005340576	35.1500005722046	34.375	33.1999998092652	32.949999332428	31.9500002861023	29.5999994277955	28.7625002861023	28.7999997138978	27.7249999046326	25.7249994277955	25.2999997138977	24.4749994277955	24.0574998855591	23.5	21.9749999046326	20.4249997138977	21.5	19.8749995231628	20.0049996376038	19.4999995231628	18.2225003242493	18.0999994277954	17.5749998092651	15.8999998569489	16.6500000953674	15.8474998474121	15.2500002384186	15.2125000953674		
2024-09-24	2024-09-20	CRBP	Corbus Pharmaceuticals Holdings, Inc.	Cormorant Asset Management, LP	10%	P - Purchase	20.01	350000	2,375,000	+17%	+$7,003,761	7003500	16:04:18	4	20.01	19.7300004959107	18.6975002288819	20.3847503662109	21.8174996376038	21.2847499847412	20.9224996566772	19.891749382019	19.7449998855591	20.1074995994568	19.628749370575	19.0100002288819	19.3150000572205	18.920000076294	18.4024996757508	18.4480004310608	18.8400006294251	18.7325000762939	18.9949998855591	18.9562497138977	18.6975002288818	17.9072499275208	17.5724997520447	17.0400004386902	16.7625002861023	16.6050000190735	16.4500002861023	16.241750240326	16.3889999389649	16.1324999332428	16.5325002670288	18.0425000190735	18.7750000953675	18.9612493515015	19.1950001716614	18.6224999427796	18.607500076294	18.142499923706	18.0364999771118	17.9624996185303	17.0874996185303	16.6375002861023	16.6387495994568	16.1395001411438	16.4749999046326	17.1174998283386		
2024-09-24	2024-09-20	CAPR	Capricor Therapeutics, Inc.	Nippon Shinyaku Co Ltd	10%	P - Purchase	5.36	2798507	7,090,351	+65%	+$14,999,998	14999997.52	16:01:08	4	5.36	5.54499995708466	8.5475001335144	10.7699999809265	10.1875	9.8400001525879	12.6499998569489	15.5425000190735	15.7200000286102	16.8825001716614	19.7599997520447	19.727499961853	19.3249998092652	18.3699998855591	16.7199997901916	18.3025002479554	18.5425004959107	20.7874999046326	20.7124996185303	19.1124997138977	18.6174998283386	19.7349996566773	20.3049998283386	20.6550002098084	21.2574996948242	21.7475004196167	21.7099995613098	21.647500038147	21.8650002479554	20.835000038147	19.8900003433228	19.0150003433228	18.602499961853	18.4424996376038	19.1475005149841	19.227499961853	19.6500000953674	18.7074999809265	17.6125001907349	17.9574999809265	18.5850005149842	18.4299993515015	18.4175000190735	18.7299995422363	18.4000005722046	18.2375001907349		
2024-09-24	2024-09-23	BIGZ	Blackrock Innovation & Growth Term Trust	Saba Capital Management, L.P.	10%	P - Purchase	7.51	118879	55,686,304	0%	+$892,781	892781.29	15:49:18	1	7.51	7.56250011920929	7.54002487659454	7.56375002861023	7.61249995231628	7.59625005722046	7.59500002861023	7.58999991416931	7.55250012874603	7.60000002384186	7.55525004863739	7.5625	7.61000001430512	7.5974999666214	7.6599999666214	7.70249998569488	7.60564994812012	7.58502507209778	7.56749999523163	7.58750009536743	7.575000166893	7.56000006198883	7.52749991416931	7.52000010013581	7.53250002861023	7.58500015735626	7.59625005722046	7.62000012397766	7.59375	7.54250013828278	7.4762499332428	7.44749987125397	7.64375007152558	7.7112500667572	7.74000000953674	7.82375001907349	7.76747500896454	7.77250003814698	7.81749999523163	7.58749985694885	7.55625009536743	7.5662499666214	7.64999997615814	7.73000001907349	7.82000005245209			
2024-09-24	2024-09-20	LUCY	Innovative Eyewear Inc	Galkin Vladimir	10%	P - Purchase	10.31	70000	799,208	+10%	+$721,472	721700	15:28:13	4	10.31	9.40000009536742	9.82249999046326	9.98999977111817	9.46500015258787	8.87999987602234	8.76000022888184	7.91000008583069	8.35500001907349	8.42999994754791	8.19499981403351	7.91249990463257	7.72000002861023	7.5462498664856	7.53500008583069	8.07749998569489	7.78999996185303	7.62750005722046	7.36500000953675	6.87199997901917	6.64250004291535	6.69350004196167	6.75049984455109	6.71999990940094	6.36250007152557	5.98000013828278	5.90050005912781	8.81749987602234	7.62250006198883	8.14999985694885	7.77250003814698	7.85824990272522	8.2075002193451	8.12250018119812	7.57499992847443	7.23500001430512	7.19000017642975	6.99824988842011	6.79000008106232	6.7075001001358	6.87049996852875	6.79499995708466	6.94999992847443	6.87600004673004	6.79499995708466	6.68999993801117		
2024-09-24	2024-09-19	LUCY	Innovative Eyewear Inc	Galkin Vladimir	10%	P - Purchase	8.91	297443	743,245	+67%	+$2,649,148	2650217.13	14:51:37	5	8.91	10.0700001716614	9.40000009536742	9.82249999046326	9.98999977111817	9.46500015258787	8.87999987602234	8.76000022888184	7.91000008583069	8.35500001907349	8.42999994754791	8.19499981403351	7.91249990463257	7.72000002861023	7.5462498664856	7.53500008583069	8.07749998569489	7.78999996185303	7.62750005722046	7.36500000953675	6.87199997901917	6.64250004291535	6.69350004196167	6.75049984455109	6.71999990940094	6.36250007152557	5.98000013828278	5.90050005912781	8.81749987602234	7.62250006198883	8.14999985694885	7.77250003814698	7.85824990272522	8.2075002193451	8.12250018119812	7.57499992847443	7.23500001430512	7.19000017642975	6.99824988842011	6.79000008106232	6.7075001001358	6.87049996852875	6.79499995708466	6.94999992847443	6.87600004673004	6.79499995708466	6.68999993801117	
2024-09-24	2024-09-18	LUCY	Innovative Eyewear Inc	Galkin Vladimir	10%	P - Purchase	7.79	128130	488,130	+36%	+$997,896	998132.7	12:25:31	6	7.79	8.97000026702881	10.0700001716614	9.40000009536742	9.82249999046326	9.98999977111817	9.46500015258787	8.87999987602234	8.76000022888184	7.91000008583069	8.35500001907349	8.42999994754791	8.19499981403351	7.91249990463257	7.72000002861023	7.5462498664856	7.53500008583069	8.07749998569489	7.78999996185303	7.62750005722046	7.36500000953675	6.87199997901917	6.64250004291535	6.69350004196167	6.75049984455109	6.71999990940094	6.36250007152557	5.98000013828278	5.90050005912781	8.81749987602234	7.62250006198883	8.14999985694885	7.77250003814698	7.85824990272522	8.2075002193451	8.12250018119812	7.57499992847443	7.23500001430512	7.19000017642975	6.99824988842011	6.79000008106232	6.7075001001358	6.87049996852875	6.79499995708466	6.94999992847443	6.87600004673004	6.79499995708466	6.68999993801117
2024-09-24	2024-09-17	LUCY	Innovative Eyewear Inc	Galkin Vladimir	10%	P - Purchase	7.12	346736	420,000	+473%	+$2,469,387	2468760.32	12:00:28	7	7.12	7.94000005722046	8.97000026702881	10.0700001716614	9.40000009536742	9.82249999046326	9.98999977111817	9.46500015258787	8.87999987602234	8.76000022888184	7.91000008583069	8.35500001907349	8.42999994754791	8.19499981403351	7.91249990463257	7.72000002861023	7.5462498664856	7.53500008583069	8.07749998569489	7.78999996185303	7.62750005722046	7.36500000953675	6.87199997901917	6.64250004291535	6.69350004196167	6.75049984455109	6.71999990940094	6.36250007152557	5.98000013828278	5.90050005912781	8.81749987602234	7.62250006198883	8.14999985694885	7.77250003814698	7.85824990272522	8.2075002193451	8.12250018119812	7.57499992847443	7.23500001430512	7.19000017642975	6.99824988842011	6.79000008106232	6.7075001001358	6.87049996852875	6.79499995708466	6.94999992847443	6.87600004673004	6.79499995708466
2024-09-23	2024-09-19	SOC	Sable Offshore Corp.	Pilgrim Global Icav	10%	P - Purchase	20	750000	8,791,001	+9%	+$15,000,000	1.5e+07	17:54:46	4	20	23.5175004005432	22.970000743866	25.1462502479553	24.1177501678467	23.7849998474121	23.9675002098084	23.7650003433228	24.0474996566772	24.6024999618531	25.0174999237061	25.2034997940064	23.1999998092652	21.4875001907349	20.0987501144409	19.4775004386902	20.2750005722046	20.6124997138977	19.9712495803833	20.039999961853	19.8425002098084	20.0974998474121	19.6975002288819	19.4775004386902	19.3775000572205	20.0799999237061	20.6500000953674	21.1874995231629	21.4449996948242	21.4162492752075	21.7750000953674	22.1725006103516	22.4862504005432	22.8502497673035	23.2799997329712	23.9489998817444	23.204999923706	23.3600006103516	23.6424999237061	23.1750001907349	22.8907499313355	21.1924996376038	21.5075001716614	21.5	22.1324996948242	22.5212497711182		
2024-09-23	2024-09-20	CDXS	Codexis, Inc.	Opaleye Management Inc.	10%	P - Purchase	3.01	1100000	8,685,000	+15%	+$3,308,035	3311000	17:19:01	3	3.01	3.00499999523163	3	2.89500004053116	3.04250001907349	3.21000003814698	3.15749996900558	3.03749996423721	3.05999994277954	3.09249997138977	3.13499999046326	3.14749997854233	3.09249997138977	3.0699999332428	2.9825000166893	3.06750005483628	3.17750000953675	3.30500006675721	3.45749998092651	3.41999995708466	3.39250004291535	3.33500003814698	3.28249996900559	3.1774999499321	3.0349999666214	2.97250002622604	3.09500002861023	3.20500004291535	3.20500004291534	3.18500000238419	3.46249997615814	3.49500000476837	3.64499998092651	3.9750000834465	4.1324999332428	4.11749994754791	4.10249996185303	4.01250004768372	4.06499999761582	3.87000006437302	3.8225000500679	3.92250007390976	4.06250005960465	4.31000006198883	4.39000010490417			
2024-09-23	2024-09-19	CRMT	Americas Carmart Inc	Peterson Adam K	10%	P - Purchase	43	813953	1,582,363	+106%	+$34,999,979	34999979	16:28:31	4	43	42.8400001525879	43.5900001525879	43.4174995422363	43.3175001144409	43.5275001525879	43.7625007629395	42.4399995803833	41.1750011444092	40.8649997711182	40.3425006866455	41.7250003814697	42.1000003814697	41.2775001525879	41.4624996185303	40.8074998855591	41.8374996185303	42.1300001144409	42.3524990081787	44.2249984741211	45.0525007247925	43.8050003051758	41.7874994277954	40.2049999237061	39.8600006103516	39.7125005722046	39.6100006103516	40.1949996948242	39.9875001907349	40.0050001144409	39.3175001144409	38.8874998092652	38.8074998855591	39.3850002288819	42.9075002670288	43.107500076294	42.4925003051758	43.1699991226196	42.5224990844727	42.3374996185303	42.3050003051758	42.0500001907349	42.0974998474121	41.5425004959106	41.5624990463257	42.6675004959106		
2024-09-23	2024-09-19	BIGZ	Blackrock Innovation & Growth Term Trust	Saba Capital Management, L.P.	10%	P - Purchase	7.59	228255	55,567,425	0%	+$1,732,455	1732455.45	10:57:01	4	7.59	7.5275000333786	7.51942491531372	7.56250011920929	7.54002487659454	7.56375002861023	7.61249995231628	7.59625005722046	7.59500002861023	7.58999991416931	7.55250012874603	7.60000002384186	7.55525004863739	7.5625	7.61000001430512	7.5974999666214	7.6599999666214	7.70249998569488	7.60564994812012	7.58502507209778	7.56749999523163	7.58750009536743	7.575000166893	7.56000006198883	7.52749991416931	7.52000010013581	7.53250002861023	7.58500015735626	7.59625005722046	7.62000012397766	7.59375	7.54250013828278	7.4762499332428	7.44749987125397	7.64375007152558	7.7112500667572	7.74000000953674	7.82375001907349	7.76747500896454	7.77250003814698	7.81749999523163	7.58749985694885	7.55625009536743	7.5662499666214	7.64999997615814	7.73000001907349		
2024-09-23	2024-09-20	HPK	Highpeak Energy, Inc.	Hightower Jack	CEO, 10%	P - Purchase	15.54	1e+05	86,200,645	0%	+$1,554,000	1554000	06:30:52	3	15.54	15.8199999332428	15.5975000858307	15.2534997463226	14.3824999332428	14.3980000019074	14.2200000286102	14.0875000953675	14.5587499141693	14.877500295639	15.1725001335144	15.3600001335144	14.7240002155304	14.2699999809265	14.5924999713898	14.752500295639	14.5699996948242	14.0355000495911	14.2275002002716	14.2749998569489	14.2224998474121	14.1612501144409	14.0912501811981	13.9949998855591	13.9850001335144	14.2875001430512	13.8050000667572	13.3724997043609	13.1775000095368	13	12.7399997711182	12.8900003433228	14.0057501792908	14.4624998569488	14.1425001621247	14.0024998188019	14.0625	14.077499628067	14.1499998569489	14.2274997234344	14.1000001430512	14.3712501525879	14.5875000953674	14.9102499485016	15.3899998664856			
2024-09-20	2024-09-18	APPN	Appian Corp	Abdiel Capital Advisors, LP	10%	P - Purchase	33.46	26801	20,252,556	0%	+$896,691	896761.46	18:40:01	2	33.46	33.8924999237061	33.5675001144409	33.1374998092651	32.8849992752075	33.3275003433228	34.8784999847412	35.2799997329712	34.4375	33.545000076294	33.3834991455078	33.795000076294	34.1312503814697	33.1152515411377	32.6749992370606	32.4525003433228	32.0149998664856	31.4949994087219	31.6624994277954	31.5162501335144	31.0787501335144	30.9237499237061	31.3049998283386	31.205500125885	30.9549994468689	30.8387498855591	31.5000004768372	32.2724995613099	33.0250005722046	33.7775001525879	34.7749996185303	35.4874992370605	36.482500076294	36.4774990081787	37.6412496566772	40.0749998092651	41.6950006484985	41.2224988937378	39.9449996948242	39.903000831604	40.3200006484986	38.7412490844727	36.8624992370606	36.3925008773804				
2024-09-20	2024-09-18	CACC	Credit Acceptance Corp	Prescott General Partners LLC	Member of Section 13(d) Group, 10%	P - Purchase	446.13	4000	1,552,428	0%	+$1,784,530	1784520	16:01:10	2	446.13	461.324996948242	457.402503967286	457.930000305176	452.814994812012	443.480003356934	439.61499786377	446.600006103516	442.694999694824	440.225006103516	435.919990539551	433.089996337891	443.482490539551	442.417495727539	442.620010375977	448.057495117188	450.767501831055	455.297500610352	458.73250579834	465.425003051758	477.377494812012	477.884994506836	473.752502441407	476.247505187989	472.944999694824	474.370002746582	479.487495422364	478.457496643067	467.327507019043	458.962501525879	458.827499389648	444.86499786377	423.8125	419.595001220703	427.439994812011	460.102500915528	456.749992370606	452.169998168946	452.299995422363	442.117492675781	443.082496643067	442.309997558594	443.290000915528	445.007499694824				
2024-09-19	2024-09-17	CULP	Culp Inc	English Aron R.	10%	P - Purchase	6.09	240047	1,595,840	+18%	+$1,461,583	1461886.23	18:48:01	2	6.09	5.99000000953674	6.21749997138977	6.53999996185303	6.39499998092651	6.2224999666214	6.049999833107	5.97000002861023	5.94999992847443	6.33500015735626	6.5550000667572	6.14750003814697	5.96749997138977	5.85249996185303	5.9799998998642	5.93500018119812	5.78250002861023	5.78000009059906	5.89000010490418	5.96749997138977	5.85500001907349	5.79999995231629	5.86500000953674	5.95500004291535	5.83499991893768	5.65749990940094	5.57499992847443	5.57999992370606	5.70749998092652	5.54000008106232	5.48500001430512	5.39249992370606	5.32500004768372	5.32249999046326	5.28000009059906	5.29500007629395	5.32500004768372	5.32749998569489	5.36749994754792	5.28750002384186	5.16250002384186	4.97749996185303	4.95749998092652	5.05000007152558				
2024-09-19	2024-09-19	YHNAU	Yhn Acquisition I Ltd	Yhn Partners I Ltd	10%	P - Purchase	10	250000	1,850,000	+16%	+$2,500,000	2500000	16:30:03	0	10	10.0174999237061	10.0153503417969	10.0150003433228	10.0200004577637	10.0173501968384	10.0175001621246	10.0200004577637	10.0175004005432	10.0175004005432	10.0187504291535	10.0200004577637	10.0225002765656	10.0299997329712	10.0225002765656	10.0200004577637	10.0175004005432	10.0299997329712	10.0200002193451	10.0237500667572	10.1440000534058	10.0299997329712	10.039999961853	10.039999961853	10.0407249927521	10.0500001907349	10.045000076294	10.0550003051758	10.0650000572204	10.0749998092652	10.0799999237061	10.0900001525879	10.0900001525879	10.0900001525879	10.0900001525879	10.0900001525879	10.1050000190735	10.1099996566772	10.1099996566772	10.1099996566772	10.1099996566772	10.1099996566772						
2024-09-19	2024-09-17	BMEZ	Blackrock Health Sciences Term Trust	Saba Capital Management, L.P.	10%	P - Purchase	15.91	47682	20,586,113	0%	+$758,548	758620.62	10:21:35	2	15.91	15.900000333786	16.1650004386902	16.0674998760223	16.0024998188019	15.9100000858307	15.8100001811981	15.8274998664856	15.8099999427795	15.8475000858307	15.875	15.8125002384186	15.7850003242493	15.8275001049042	15.8324999809265	15.7474999427795	15.75	15.710000038147	15.7625000476837	15.8675000667572	15.7675001621247	15.8150000572205	15.7950000762939	15.7124998569489	15.7125000953674	15.6874997615814	15.6200001239777	15.5675003528595	15.5924999713897	15.6100001335144	15.5250000953674	15.5225002765656	15.5000002384186	15.6549999713898	15.7200000286102	15.6924998760223	15.8199999332428	15.860000371933	15.9100000858307	16.0050001144409	15.9425003528595	15.829999923706	15.6324999332428	15.2374999523163				
2024-09-19	2024-09-17	BIGZ	Blackrock Innovation & Growth Term Trust	Saba Capital Management, L.P.	10%	P - Purchase	7.46	465998	55,339,170	+1%	+$3,474,968	3476345.08	10:14:30	2	7.46	7.42752492427826	7.54177498817444	7.5275000333786	7.51942491531372	7.56250011920929	7.54002487659454	7.56375002861023	7.61249995231628	7.59625005722046	7.59500002861023	7.58999991416931	7.55250012874603	7.60000002384186	7.55525004863739	7.5625	7.61000001430512	7.5974999666214	7.6599999666214	7.70249998569488	7.60564994812012	7.58502507209778	7.56749999523163	7.58750009536743	7.575000166893	7.56000006198883	7.52749991416931	7.52000010013581	7.53250002861023	7.58500015735626	7.59625005722046	7.62000012397766	7.59375	7.54250013828278	7.4762499332428	7.44749987125397	7.64375007152558	7.7112500667572	7.74000000953674	7.82375001907349	7.76747500896454	7.77250003814698	7.81749999523163	7.58749985694885				
2024-09-18	2024-09-16	BCAX	Bicara Therapeutics Inc.	Ra Capital Management, L.P.	Dir, 10%	P - Purchase	18	1833000	2,652,575	+224%	+$32,994,000	32994000	18:02:36	2	18	26.5824999809265	26.3674993515015	25.2250003814697	24.6400003433228	25.5600004196167	25.5250000953674	26.0129995346069	25.9375004768372	25.8562502861023	25.085000038147	24.7050004005432	23.8062500953675	23.5600004196167	24.3409996032715	24.8200001716614	23.5824995040894	21.6389999389648	19.6380000114441	19.1624999046326	19.8724999427795	20.0524997711182	20.1050004959107	20.4275002479553	21.3224997520447	22.1949996948242	22.7874999046326	22.3949999809265	22.5625004768372	22.7000002861023	22.6775002479553	22.9299998283386	23.8125	23.4499998092651	24.1065001487732	24.3734998703003	25.147500038147	25.335000038147	23.9325003623963	23.8175001144409	24.0387501716614	23.1275000572205	22.335000038147	22.1974997520447	21.607500076294			
2024-09-18	2024-09-16	TAKAX	Carlyle Tactical Private Credit Fund	Securian Asset Management, Inc	10%	P - Purchase	25	544000	1,464,000	+59%	+$13,600,000	13600000	16:19:51	2	25	8.52999973297119	8.52999973297119	8.53999996185303	8.53999996185303	8.53999996185303	8.52999973297119	8.53999996185303	8.53999996185303	8.53999996185303	8.53999996185303	8.52999973297119	8.52999973297119	8.53999996185303	8.53999996185303	8.52999973297119	8.53999996185303	8.53999996185303	8.53999996185303	8.53999996185303	8.53999996185303	8.55000019073486	8.55000019073486	8.55000019073486	8.55000019073486	8.55000019073486	8.55000019073486	8.55000019073486	8.55000019073486	8.53999996185303	8.53999996185303	8.53999996185303	8.53999996185303	8.53999996185303	8.53999996185303	8.53999996185303	8.53999996185303	8.55000019073486	8.55000019073486	8.55000019073486	8.55000019073486	8.55000019073486	8.5600004196167	8.5600004196167	8.5600004196167			
2024-09-18	2024-09-16	ZBIO	Zenas Biopharma, Inc.	Enavate Sciences Gp, LLC	10%	P - Purchase	17	882353	3,761,359	+31%	+$15,000,001	15000001	16:15:14	2	17	17.6849994659424	17.8649997711182	17.8550004959107	18.25	18.910749912262	19.0907497406006	19.1524996757507	17.9987502098084	17.4619998931885	17.1705002784729	16.8825001716614	17.829999923706	18.6900000572204	18.9399995803833	18.9175000190735	18.133749961853	17.3952503204346	17.017499923706	17.6005001068115	18.0674996376037	19.272500038147	19.6440000534058	20.4874997138977	21.4325003623963	22.4199995994568	24.4437503814698	24.9277501106262	24.1912498474121	21.7174997329712	20.8949999809265	20.4624996185303	21.0262498855591	21.2699999809265	20.8599991798401	20.1900000572205	20.3249998092651	20.7495002746582	20.9200000762939	21.115249633789	21.6017503738404	21.1050000190735	20.2750005722046	19.1987500190735	17.9749999046326			
2024-09-18	2024-09-16	TAKIX	Carlyle Tactical Private Credit Fund	Principal Life Insurance Co	10%	P - Purchase	25	4e+05	2,400,000	+20%	+$10,000,000	1e+07	12:24:14	2	25	8.56999969482422	8.56999969482422	8.57999992370606	8.56999969482422	8.56999969482422	8.56999969482422	8.56999969482422	8.56999969482422	8.56999969482422	8.56999969482422	8.56999969482422	8.56999969482422	8.56999969482422	8.56999969482422	8.56999969482422	8.56999969482422	8.56999969482422	8.57999992370606	8.57999992370606	8.57999992370606	8.57999992370606	8.57999992370606	8.57999992370606	8.57999992370606	8.57999992370606	8.57999992370606	8.57999992370606	8.57999992370606	8.57999992370606	8.57999992370606	8.57999992370606	8.57999992370606	8.57999992370606	8.57999992370606	8.57999992370606	8.57999992370606	8.57999992370606	8.57999992370606	8.59000015258789	8.57999992370606	8.59000015258789	8.59000015258789	8.59000015258789	8.59000015258789			
2024-09-17	2024-09-13	VRDN	Viridian Therapeutics, Inc.de	Fairmount Funds Management LLC	Dir, 10%	P - Purchase	18.75	1600000	3,445,813	+87%	+$30,000,000	3e+07	21:00:13	4	18.75	22.0999994277954	21.3949995040894	21.6900000572205	22.0824999809265	22.5437498092652	21.6925005912781	21.0199999809265	21.2624998092652	22.4249997138977	23.3249998092651	22.7925000190735	23.8137502670288	24.0082497596741	24.0474996566773	24.0974998474121	23.7400002479553	23.3824996948242	22.9775004386902	22.1599998474121	22.9349999427795	23.6325001716614	23.8924999237061	23.9825005531311	23.9937500953675	24.6587500572205	24.6624999046326	24.3625001907349	24.0149998664856	23.4542503356934	23.3299999237061	23.5100002288818	22.8762502670288	22.3837504386902	21.8125	22.0700006484985	22.4475002288819	22.9475002288818	24.2707500457764	24.4475002288819	24.914999961853	25.6424994468689	24.7675004005432	22.7824997901917	22.1799998283386	20.8199996948242		
2024-09-17	2024-09-16	MBX	Mbx Biosciences, Inc.	Mathers Edward T	Dir, 10%	P - Purchase	16	5e+05	3,614,486	+16%	+$8,000,000	8e+06	20:28:00	1	16	21.8187499046326	21.4095001220703	21.1662497520447	22.3249998092652	22.3150000572205	22.7575001716614	23.0899996757507	23.9849996566773	24.1450004577637	24.7000002861023	24.6199998855591	23.670000076294	24.1750001907349	23.8400001525879	23.8525004386902	23.7125000953674	22.7650003433227	23.4447503089905	23.9550004005432	23.5524997711182	23.84375	23.9112501144409	23.8524994850159	23.5914998054505	24.0149998664856	23.875	23.5149998664856	23.2874999046326	22.0925002098084	20.826250076294	20.9124999046326	22.1962504386902	22.4175000190735	22.8924994468689	21.8687505722046	22.4812498092652	23.8925004005432	22.7637500762939	23.0749998092652	22.3850002288819	23.0374994277954	21.977499961853	20.2600002288819	18.5900001525879			
2024-09-17	2024-09-16	MBX	Mbx Biosciences, Inc.	Baskett Forest	10%	P - Purchase	16	5e+05	3,614,486	+16%	+$8,000,000	8e+06	20:26:31	1	16	21.8187499046326	21.4095001220703	21.1662497520447	22.3249998092652	22.3150000572205	22.7575001716614	23.0899996757507	23.9849996566773	24.1450004577637	24.7000002861023	24.6199998855591	23.670000076294	24.1750001907349	23.8400001525879	23.8525004386902	23.7125000953674	22.7650003433227	23.4447503089905	23.9550004005432	23.5524997711182	23.84375	23.9112501144409	23.8524994850159	23.5914998054505	24.0149998664856	23.875	23.5149998664856	23.2874999046326	22.0925002098084	20.826250076294	20.9124999046326	22.1962504386902	22.4175000190735	22.8924994468689	21.8687505722046	22.4812498092652	23.8925004005432	22.7637500762939	23.0749998092652	22.3850002288819	23.0374994277954	21.977499961853	20.2600002288819	18.5900001525879			
2024-09-17	2024-09-16	MBX	Mbx Biosciences, Inc.	Behbahani Ali	10%	P - Purchase	16	5e+05	3,614,486	+16%	+$8,000,000	8e+06	20:24:49	1	16	21.8187499046326	21.4095001220703	21.1662497520447	22.3249998092652	22.3150000572205	22.7575001716614	23.0899996757507	23.9849996566773	24.1450004577637	24.7000002861023	24.6199998855591	23.670000076294	24.1750001907349	23.8400001525879	23.8525004386902	23.7125000953674	22.7650003433227	23.4447503089905	23.9550004005432	23.5524997711182	23.84375	23.9112501144409	23.8524994850159	23.5914998054505	24.0149998664856	23.875	23.5149998664856	23.2874999046326	22.0925002098084	20.826250076294	20.9124999046326	22.1962504386902	22.4175000190735	22.8924994468689	21.8687505722046	22.4812498092652	23.8925004005432	22.7637500762939	23.0749998092652	22.3850002288819	23.0374994277954	21.977499961853	20.2600002288819	18.5900001525879			
2024-09-17	2024-09-16	MBX	Mbx Biosciences, Inc.	Chang Carmen	10%	P - Purchase	16	5e+05	3,614,486	+16%	+$8,000,000	8e+06	20:23:24	1	16	21.8187499046326	21.4095001220703	21.1662497520447	22.3249998092652	22.3150000572205	22.7575001716614	23.0899996757507	23.9849996566773	24.1450004577637	24.7000002861023	24.6199998855591	23.670000076294	24.1750001907349	23.8400001525879	23.8525004386902	23.7125000953674	22.7650003433227	23.4447503089905	23.9550004005432	23.5524997711182	23.84375	23.9112501144409	23.8524994850159	23.5914998054505	24.0149998664856	23.875	23.5149998664856	23.2874999046326	22.0925002098084	20.826250076294	20.9124999046326	22.1962504386902	22.4175000190735	22.8924994468689	21.8687505722046	22.4812498092652	23.8925004005432	22.7637500762939	23.0749998092652	22.3850002288819	23.0374994277954	21.977499961853	20.2600002288819	18.5900001525879			
2024-09-17	2024-09-16	MBX	Mbx Biosciences, Inc.	Florence Anthony A. Jr.	10%	P - Purchase	16	5e+05	3,614,486	+16%	+$8,000,000	8e+06	20:21:45	1	16	21.8187499046326	21.4095001220703	21.1662497520447	22.3249998092652	22.3150000572205	22.7575001716614	23.0899996757507	23.9849996566773	24.1450004577637	24.7000002861023	24.6199998855591	23.670000076294	24.1750001907349	23.8400001525879	23.8525004386902	23.7125000953674	22.7650003433227	23.4447503089905	23.9550004005432	23.5524997711182	23.84375	23.9112501144409	23.8524994850159	23.5914998054505	24.0149998664856	23.875	23.5149998664856	23.2874999046326	22.0925002098084	20.826250076294	20.9124999046326	22.1962504386902	22.4175000190735	22.8924994468689	21.8687505722046	22.4812498092652	23.8925004005432	22.7637500762939	23.0749998092652	22.3850002288819	23.0374994277954	21.977499961853	20.2600002288819	18.5900001525879			
2024-09-17	2024-09-16	MBX	Mbx Biosciences, Inc.	Makhzoumi Mohamad	10%	P - Purchase	16	5e+05	3,614,486	+16%	+$8,000,000	8e+06	20:20:13	1	16	21.8187499046326	21.4095001220703	21.1662497520447	22.3249998092652	22.3150000572205	22.7575001716614	23.0899996757507	23.9849996566773	24.1450004577637	24.7000002861023	24.6199998855591	23.670000076294	24.1750001907349	23.8400001525879	23.8525004386902	23.7125000953674	22.7650003433227	23.4447503089905	23.9550004005432	23.5524997711182	23.84375	23.9112501144409	23.8524994850159	23.5914998054505	24.0149998664856	23.875	23.5149998664856	23.2874999046326	22.0925002098084	20.826250076294	20.9124999046326	22.1962504386902	22.4175000190735	22.8924994468689	21.8687505722046	22.4812498092652	23.8925004005432	22.7637500762939	23.0749998092652	22.3850002288819	23.0374994277954	21.977499961853	20.2600002288819	18.5900001525879			
2024-09-17	2024-09-16	MBX	Mbx Biosciences, Inc.	Walker Paul Edward	10%	P - Purchase	16	5e+05	3,614,486	+16%	+$8,000,000	8e+06	20:18:53	1	16	21.8187499046326	21.4095001220703	21.1662497520447	22.3249998092652	22.3150000572205	22.7575001716614	23.0899996757507	23.9849996566773	24.1450004577637	24.7000002861023	24.6199998855591	23.670000076294	24.1750001907349	23.8400001525879	23.8525004386902	23.7125000953674	22.7650003433227	23.4447503089905	23.9550004005432	23.5524997711182	23.84375	23.9112501144409	23.8524994850159	23.5914998054505	24.0149998664856	23.875	23.5149998664856	23.2874999046326	22.0925002098084	20.826250076294	20.9124999046326	22.1962504386902	22.4175000190735	22.8924994468689	21.8687505722046	22.4812498092652	23.8925004005432	22.7637500762939	23.0749998092652	22.3850002288819	23.0374994277954	21.977499961853	20.2600002288819	18.5900001525879			
2024-09-17	2024-09-16	MBX	Mbx Biosciences, Inc.	Yang Rick	10%	P - Purchase	16	5e+05	3,614,486	+16%	+$8,000,000	8e+06	20:17:16	1	16	21.8187499046326	21.4095001220703	21.1662497520447	22.3249998092652	22.3150000572205	22.7575001716614	23.0899996757507	23.9849996566773	24.1450004577637	24.7000002861023	24.6199998855591	23.670000076294	24.1750001907349	23.8400001525879	23.8525004386902	23.7125000953674	22.7650003433227	23.4447503089905	23.9550004005432	23.5524997711182	23.84375	23.9112501144409	23.8524994850159	23.5914998054505	24.0149998664856	23.875	23.5149998664856	23.2874999046326	22.0925002098084	20.826250076294	20.9124999046326	22.1962504386902	22.4175000190735	22.8924994468689	21.8687505722046	22.4812498092652	23.8925004005432	22.7637500762939	23.0749998092652	22.3850002288819	23.0374994277954	21.977499961853	20.2600002288819	18.5900001525879			
2024-09-17	2024-09-16	MBX	Mbx Biosciences, Inc.	Sandell Scott D	10%	P - Purchase	16	5e+05	3,614,486	+16%	+$8,000,000	8e+06	20:14:42	1	16	21.8187499046326	21.4095001220703	21.1662497520447	22.3249998092652	22.3150000572205	22.7575001716614	23.0899996757507	23.9849996566773	24.1450004577637	24.7000002861023	24.6199998855591	23.670000076294	24.1750001907349	23.8400001525879	23.8525004386902	23.7125000953674	22.7650003433227	23.4447503089905	23.9550004005432	23.5524997711182	23.84375	23.9112501144409	23.8524994850159	23.5914998054505	24.0149998664856	23.875	23.5149998664856	23.2874999046326	22.0925002098084	20.826250076294	20.9124999046326	22.1962504386902	22.4175000190735	22.8924994468689	21.8687505722046	22.4812498092652	23.8925004005432	22.7637500762939	23.0749998092652	22.3850002288819	23.0374994277954	21.977499961853	20.2600002288819	18.5900001525879			
2024-09-17	2024-09-16	MBX	Mbx Biosciences, Inc.	Orbimed Advisors LLC	Dir, 10%	P - Purchase	16	750000	3,812,215	+24%	+$12,000,000	1.2e+07	20:13:00	1	16	21.8187499046326	21.4095001220703	21.1662497520447	22.3249998092652	22.3150000572205	22.7575001716614	23.0899996757507	23.9849996566773	24.1450004577637	24.7000002861023	24.6199998855591	23.670000076294	24.1750001907349	23.8400001525879	23.8525004386902	23.7125000953674	22.7650003433227	23.4447503089905	23.9550004005432	23.5524997711182	23.84375	23.9112501144409	23.8524994850159	23.5914998054505	24.0149998664856	23.875	23.5149998664856	23.2874999046326	22.0925002098084	20.826250076294	20.9124999046326	22.1962504386902	22.4175000190735	22.8924994468689	21.8687505722046	22.4812498092652	23.8925004005432	22.7637500762939	23.0749998092652	22.3850002288819	23.0374994277954	21.977499961853	20.2600002288819	18.5900001525879			
2024-09-17	2024-09-16	MBX	Mbx Biosciences, Inc.	New Enterprise Associates 17, L.P.	10%	P - Purchase	16	5e+05	3,614,486	+16%	+$8,000,000	8e+06	20:12:45	1	16	21.8187499046326	21.4095001220703	21.1662497520447	22.3249998092652	22.3150000572205	22.7575001716614	23.0899996757507	23.9849996566773	24.1450004577637	24.7000002861023	24.6199998855591	23.670000076294	24.1750001907349	23.8400001525879	23.8525004386902	23.7125000953674	22.7650003433227	23.4447503089905	23.9550004005432	23.5524997711182	23.84375	23.9112501144409	23.8524994850159	23.5914998054505	24.0149998664856	23.875	23.5149998664856	23.2874999046326	22.0925002098084	20.826250076294	20.9124999046326	22.1962504386902	22.4175000190735	22.8924994468689	21.8687505722046	22.4812498092652	23.8925004005432	22.7637500762939	23.0749998092652	22.3850002288819	23.0374994277954	21.977499961853	20.2600002288819	18.5900001525879			
2024-09-17	2024-09-16	MBX	Mbx Biosciences, Inc.	Frazier Life Sciences X, L.P.	10%	P - Purchase	16	625000	4,552,774	+16%	+$10,000,000	1e+07	20:11:37	1	16	21.8187499046326	21.4095001220703	21.1662497520447	22.3249998092652	22.3150000572205	22.7575001716614	23.0899996757507	23.9849996566773	24.1450004577637	24.7000002861023	24.6199998855591	23.670000076294	24.1750001907349	23.8400001525879	23.8525004386902	23.7125000953674	22.7650003433227	23.4447503089905	23.9550004005432	23.5524997711182	23.84375	23.9112501144409	23.8524994850159	23.5914998054505	24.0149998664856	23.875	23.5149998664856	23.2874999046326	22.0925002098084	20.826250076294	20.9124999046326	22.1962504386902	22.4175000190735	22.8924994468689	21.8687505722046	22.4812498092652	23.8925004005432	22.7637500762939	23.0749998092652	22.3850002288819	23.0374994277954	21.977499961853	20.2600002288819	18.5900001525879			
2024-09-17	2024-09-16	MBX	Mbx Biosciences, Inc.	Heron Patrick J	Dir, 10%	P - Purchase	16	625000	4,552,774	+16%	+$10,000,000	1e+07	20:09:12	1	16	21.8187499046326	21.4095001220703	21.1662497520447	22.3249998092652	22.3150000572205	22.7575001716614	23.0899996757507	23.9849996566773	24.1450004577637	24.7000002861023	24.6199998855591	23.670000076294	24.1750001907349	23.8400001525879	23.8525004386902	23.7125000953674	22.7650003433227	23.4447503089905	23.9550004005432	23.5524997711182	23.84375	23.9112501144409	23.8524994850159	23.5914998054505	24.0149998664856	23.875	23.5149998664856	23.2874999046326	22.0925002098084	20.826250076294	20.9124999046326	22.1962504386902	22.4175000190735	22.8924994468689	21.8687505722046	22.4812498092652	23.8925004005432	22.7637500762939	23.0749998092652	22.3850002288819	23.0374994277954	21.977499961853	20.2600002288819	18.5900001525879			
2024-09-17	2024-09-16	MBX	Mbx Biosciences, Inc.	Gordon Carl L	Dir, 10%	P - Purchase	16	750000	3,812,215	+24%	+$12,000,000	1.2e+07	20:05:10	1	16	21.8187499046326	21.4095001220703	21.1662497520447	22.3249998092652	22.3150000572205	22.7575001716614	23.0899996757507	23.9849996566773	24.1450004577637	24.7000002861023	24.6199998855591	23.670000076294	24.1750001907349	23.8400001525879	23.8525004386902	23.7125000953674	22.7650003433227	23.4447503089905	23.9550004005432	23.5524997711182	23.84375	23.9112501144409	23.8524994850159	23.5914998054505	24.0149998664856	23.875	23.5149998664856	23.2874999046326	22.0925002098084	20.826250076294	20.9124999046326	22.1962504386902	22.4175000190735	22.8924994468689	21.8687505722046	22.4812498092652	23.8925004005432	22.7637500762939	23.0749998092652	22.3850002288819	23.0374994277954	21.977499961853	20.2600002288819	18.5900001525879			
2024-09-17	2024-09-13	APPN	Appian Corp	Abdiel Capital Advisors, LP	10%	P - Purchase	33.07	20223	20,198,853	0%	+$668,675	668774.61	19:41:46	4	33.07	33.2025003433228	33.4349994659424	33.3755006790161	33.8924999237061	33.5675001144409	33.1374998092651	32.8849992752075	33.3275003433228	34.8784999847412	35.2799997329712	34.4375	33.545000076294	33.3834991455078	33.795000076294	34.1312503814697	33.1152515411377	32.6749992370606	32.4525003433228	32.0149998664856	31.4949994087219	31.6624994277954	31.5162501335144	31.0787501335144	30.9237499237061	31.3049998283386	31.205500125885	30.9549994468689	30.8387498855591	31.5000004768372	32.2724995613099	33.0250005722046	33.7775001525879	34.7749996185303	35.4874992370605	36.482500076294	36.4774990081787	37.6412496566772	40.0749998092651	41.6950006484985	41.2224988937378	39.9449996948242	39.903000831604	40.3200006484986	38.7412490844727	36.8624992370606		
2024-09-17	2024-09-17	BCAX	Bicara Therapeutics Inc.	Flynn James E	Possible Members of 10% Group, 10%	P - Purchase	18	70000	1,795,174	+4%	+$1,260,000	1260000	18:16:55	0	18	26.3674993515015	25.2250003814697	24.6400003433228	25.5600004196167	25.5250000953674	26.0129995346069	25.9375004768372	25.8562502861023	25.085000038147	24.7050004005432	23.8062500953675	23.5600004196167	24.3409996032715	24.8200001716614	23.5824995040894	21.6389999389648	19.6380000114441	19.1624999046326	19.8724999427795	20.0524997711182	20.1050004959107	20.4275002479553	21.3224997520447	22.1949996948242	22.7874999046326	22.3949999809265	22.5625004768372	22.7000002861023	22.6775002479553	22.9299998283386	23.8125	23.4499998092651	24.1065001487732	24.3734998703003	25.147500038147	25.335000038147	23.9325003623963	23.8175001144409	24.0387501716614	23.1275000572205	22.335000038147	22.1974997520447	21.607500076294				
2024-09-17	2024-09-13	BRCC	Brc Inc.	Welling Glenn W.	Dir, 10%	P - Purchase	3.17	684542	14,163,176	+5%	+$2,169,998	2169998.14	08:55:07	4	3.17	3.26249998807907	3.52500003576279	3.69875001907348	3.69624996185303	3.46749997138977	3.38124990463257	3.36250001192093	3.35125005245209	3.37000006437302	3.48875004053116	3.45500004291535	3.36500000953674	3.32149994373321	3.2674999833107	3.29374992847443	3.25875002145767	3.23749995231629	3.30124998092652	3.3199999332428	3.41749995946884	3.47375005483628	3.42499995231629	3.39324998855591	3.37749999761582	3.40375006198883	3.37000000476837	3.31999999284744	3.25749999284744	3.27999997138977	3.27999997138977	3.27249997854233	3.18250000476837	3.15749996900559	3.14125001430512	3.12250006198883	3.14499998092652	3.3125	3.2674999833107	3.12000000476837	3.0524999499321	3.01624995470047	2.91499996185303	2.84874993562698	2.9099999666214	2.99000000953674		
2024-09-16	2024-09-12	XCUR	Exicure, Inc.	Dgp Co., Ltd.	10%	P - Purchase	3	237223	849,223	+39%	+$711,669	711669	21:41:12	4	3	1.54250001907349	2.2800000011921	2.21275007724762	2.28749996423722	4.75749999284744	3.9200000166893	3.9925000667572	3.76500004529953	3.67250001430512	3.74750000238419	3.69999998807907	3.57500004768372	3.34750002622605	2.92824995517731	2.75750005245209	2.73000001907349	2.83250004053116	2.73524993658066	2.46200001239777	2.49199998378754	2.61000001430511	2.62000000476837	2.71249997615814	2.58500003814697	2.89750003814698	2.76750004291534	2.64724999666214	2.58999997377396	2.48749995231628	2.38749998807907	2.38499999046326	2.41750007867814	2.51424998044968	2.5799999833107	2.88749992847443	3.07249999046326	3.07625007629395	2.93150007724762	2.7849999666214	2.6012499332428	2.71999996900559	3.01249998807907	3.12750005722046	3.0974999666214	2.97750002145767		
2024-09-16	2024-09-13	ISPO	Inspirato Inc	One Planet Group LLC	10%	P - Purchase	3.43	1580180	2,795,451	+130%	+$5,420,020	5420017.4	21:05:30	3	3.43	4.29999995231629	4.69025003910065	4.69449996948242	4.75	4.65125000476837	4.57250010967255	4.27250003814697	3.97000014781952	3.91699993610382	3.95175004005432	4.03500008583069	3.95000004768372	3.89999997615815	3.92324995994568	3.88749992847443	3.87499994039536	3.92499995231629	3.91499996185303	3.96749997138977	4.2224999666214	4.19249999523163	4.05924999713898	4.17875009775162	3.93500006198883	3.99750000238419	4.02249997854233	4.02749997377396	3.91250002384186	3.89749991893769	3.92625004053116	3.97374999523163	3.78874999284744	3.7674999833107	3.77499997615815	3.71499997377396	3.63725000619888	3.5974999666214	3.56999999284745	3.52500009536743	3.30324995517731	3.28750002384186	3.43999999761581	3.48500001430512	3.43075001239777			
2024-09-16	2024-09-13	ISPO	Inspirato Inc	Zamani Payam	CEO, 10%	P - Purchase	3.43	1580180	3,795,451	+71%	+$5,420,020	5420017.4	20:59:14	3	3.43	4.29999995231629	4.69025003910065	4.69449996948242	4.75	4.65125000476837	4.57250010967255	4.27250003814697	3.97000014781952	3.91699993610382	3.95175004005432	4.03500008583069	3.95000004768372	3.89999997615815	3.92324995994568	3.88749992847443	3.87499994039536	3.92499995231629	3.91499996185303	3.96749997138977	4.2224999666214	4.19249999523163	4.05924999713898	4.17875009775162	3.93500006198883	3.99750000238419	4.02249997854233	4.02749997377396	3.91250002384186	3.89749991893769	3.92625004053116	3.97374999523163	3.78874999284744	3.7674999833107	3.77499997615815	3.71499997377396	3.63725000619888	3.5974999666214	3.56999999284745	3.52500009536743	3.30324995517731	3.28750002384186	3.43999999761581	3.48500001430512	3.43075001239777			
2024-09-16	2024-09-16	ZBIO	Zenas Biopharma, Inc.	Sr One Capital Management, LLC	10%	P - Purchase	17	2235294	4,911,539	+84%	+$37,999,998	37999998	20:51:38	0	17	17.6849994659424	17.8649997711182	17.8550004959107	18.25	18.910749912262	19.0907497406006	19.1524996757507	17.9987502098084	17.4619998931885	17.1705002784729	16.8825001716614	17.829999923706	18.6900000572204	18.9399995803833	18.9175000190735	18.133749961853	17.3952503204346	17.017499923706	17.6005001068115	18.0674996376037	19.272500038147	19.6440000534058	20.4874997138977	21.4325003623963	22.4199995994568	24.4437503814698	24.9277501106262	24.1912498474121	21.7174997329712	20.8949999809265	20.4624996185303	21.0262498855591	21.2699999809265	20.8599991798401	20.1900000572205	20.3249998092651	20.7495002746582	20.9200000762939	21.115249633789	21.6017503738404	21.1050000190735	20.2750005722046	19.1987500190735				
2024-09-16	2024-09-12	ACDC	Profrac Holding Corp.	Thrc Holdings, LP	10%	P - Purchase	6.17	353635	79,197,549	0%	+$2,181,928	2181927.95	16:43:56	4	6.17	6.20499992370606	6.22124993801117	6.43625009059906	6.48500001430512	6.54575002193451	6.41999995708466	6.52199995517731	6.60999989509582	6.49749994277954	6.38750004768372	6.58749997615814	6.76249992847443	6.98249995708466	7.40750002861023	7.46000003814697	7.56875002384186	7.51999998092651	7.26374995708466	7.1525000333786	7.26125001907349	7.13999998569489	7.02250003814698	6.81500017642975	6.91000008583069	6.52249991893768	6.36000001430512	6.0825001001358	5.78024995326996	5.49125003814697	5.41124999523163	5.74999988079071	5.82499980926514	5.94875001907349	6.04250001907349	6.08749997615815	5.94749999046326	6.15124988555908	6.75999999046326	7.36449992656708	7.31700003147126	7	7.19249987602234	7.37674987316132	7.10350012779236	6.91375005245209		
2024-09-16	2024-09-13	PCT	Purecycle Technologies, Inc.	Sylebra Capital LLC	10%	P - Purchase	4.69	4264393	33,050,456	+15%	+$20,000,003	20000003.17	10:54:13	3	4.69	8.95749998092651	8.88875031471253	8.42499995231628	8.94999980926514	9.46250033378601	9.31000018119812	9.75125002861022	10.0967500209809	9.71749997138978	9.56125020980835	9.52374982833862	9.07124996185303	8.95749998092652	8.92625021934509	9.26874995231628	9.15750002861023	9.25999999046326	9.44749999046326	8.94875001907349	9.29250001907349	9.37874984741211	9.54324984550476	10.1424999237061	10.196249961853	10.6949999332428	10.8762497901917	11.1375000476837	11.1025002002716	12.8499999046326	14.5702497959137	14.0625	13.7799999713898	13.7249999046326	13.1875	13.1100001335144	12.5400002002716	12.6549999713898	13.0707497596741	12.9324998855591	12.1262500286102	12.6162497997284	13.102499961853	12.2750000953674	11.4750001430512			
2024-09-16	2024-09-13	PI	Impinj Inc	Sylebra Capital LLC	10%	P - Purchase	4.69	4264393	33,050,456	+15%	+$20,000,003	20000003.17	10:35:44	3	4.69	186.867500305176	187.886245727539	190.972499847412	201.047500610352	201.902503967285	204.840000152588	209.402252197266	213.655002593994	217.721500396729	215.950748443604	214.32500076294	213.367500305176	212.548748016357	212.293750762939	218.013748168946	217.097496032715	220.767501831055	226.717498779297	228.57500076294	233.217502593994	238.027500152588	233.701248168946	234.67749786377	234.029998779297	225.53500366211	222.049999237061	225.142498016358	222.13750076294	200.462501525879	197.457500457764	203.972499847412	202.119998931885	194.295001983643	189.846252441406	191.985000610352	193.903751373291	195.900001525879	202.257499694824	200.765003204346	202.92749786377	203.869998931885	196.805000305176	190.877494812012	183.32500076294			
2024-09-13	2024-09-11	HTLD	Heartland Express Inc	Gerdin Michael J	CEO, 10%	P - Purchase	11.67	50000	31,688,740	0%	+$583,675	583500	18:30:53	2	11.67	11.8474998474121	12.0899999141693	12.3125	12.4400000572204	12.4175000190735	12.5549998283386	12.2075002193451	12.0150001049042	12.0875000953675	12.0124998092652	11.9924998283386	12.0775001049042	12.1725001335144	12.0650000572205	11.9050002098084	11.5799999237061	11.4800000190735	11.3949999809265	11.4800000190735	11.5149998664856	11.3125	11.4974999427795	11.5775001049042	11.6024999618531	11.8600001335144	11.7899997234345	11.7274999618531	11.5525000095368	11.3949999809265	11.3624997138977	11.4074997901916	11.3824999332428	11.4075000286102	11.0875000953674	11.039999961853	10.9400000572205	10.8824999332428	10.8925001621247	10.9049999713897	11.5675001144409	12.1725001335144	12.0074999332428	12.1800003051758				
2024-09-13	2024-09-11	BTSG	Brightspring Health Services, Inc.	Kkr Group Partnership L.P.	10%	P - Purchase	11.13	11619998	92,959,984	+14%	+$129,330,578	129330577.74	16:44:13	2	11.13	13.7549998760224	14.0212502479553	14.147500038147	14.3750002384186	14.8625001907348	15.0549998283386	14.9324998855591	14.9124999046326	15.1275000572205	15.0775001049042	14.8787500858307	14.9962499141693	14.7852499485016	14.7274997234345	14.8000001907349	14.866250038147	14.8225002288819	14.696249961853	14.7174999713898	15.1725001335144	15.0587501525879	15.1287500858307	15.2874999046326	15.3687498569489	15.5174999237061	15.8699998855591	16.0675001144409	16.1949999332428	16.1300001144409	15.9162497520447	15.6924998760224	15.5325002670288	15.6874997615814	15.9224998950958	15.3675000667572	15.0274999141693	16.6402502059937	17.084499835968	17.1912498474121	18.1875	18.6099996566772	19.2049999237061	19.8550000190735				
2024-09-13	2024-09-11	BTSG	Brightspring Health Services, Inc.	Kkr Phoenix Aggregator L.P.	10%	P - Purchase	11.13	11619998	92,959,984	+14%	+$129,330,578	129330577.74	16:36:19	2	11.13	13.7549998760224	14.0212502479553	14.147500038147	14.3750002384186	14.8625001907348	15.0549998283386	14.9324998855591	14.9124999046326	15.1275000572205	15.0775001049042	14.8787500858307	14.9962499141693	14.7852499485016	14.7274997234345	14.8000001907349	14.866250038147	14.8225002288819	14.696249961853	14.7174999713898	15.1725001335144	15.0587501525879	15.1287500858307	15.2874999046326	15.3687498569489	15.5174999237061	15.8699998855591	16.0675001144409	16.1949999332428	16.1300001144409	15.9162497520447	15.6924998760224	15.5325002670288	15.6874997615814	15.9224998950958	15.3675000667572	15.0274999141693	16.6402502059937	17.084499835968	17.1912498474121	18.1875	18.6099996566772	19.2049999237061	19.8550000190735				
2024-09-13	2024-09-11	BEN	Franklin Resources Inc	Johnson Charles B	10%	P - Purchase	19.08	1e+05	93,391,784	0%	+$1,907,990	1908000	12:36:35	2	19.08	19.5725002288818	19.8899998664856	20.0500001907349	20.3249998092652	20.4449996948242	20.7550001144409	20.7249999046326	20.8400001525879	20.9725003242493	20.8325004577637	20.7550001144409	20.8550000190735	20.2774996757507	19.920000076294	19.8250002861023	19.6075000762939	19.7849998474121	19.6599998474121	19.4625000953674	19.505000114441	19.8675003051758	20.2775001525879	20.0124998092651	20.3249998092652	20.5075001716614	20.6050000190735	20.8799996376038	20.7224998474121	20.4050002098083	20.1525006294251	20.2199997901917	20.4074997901917	20.7000007629395	20.7699999809265	20.9474992752075	20.7625002861023	20.8274998664856	20.3824996948242	20.5900001525879	21.6625003814697	21.414999961853	21.1225004196167	21.4324998855591				
2024-09-12	2024-09-10	ETON	Eton Pharmaceuticals, Inc.	Opaleye Management Inc.	10%	P - Purchase	4.7	107500	2,780,000	+4%	+$504,875	505250	19:31:38	2	4.7	4.8050000667572	4.82500004768372	5.02000010013581	5.38749992847443	5.67999994754791	5.8199999332428	5.89749991893768	5.64249992370606	5.60750007629395	5.75250005722046	5.66000008583069	5.60749995708465	5.76000010967255	5.92499995231629	5.95249998569489	5.92750000953674	6.48249995708466	6.94749999046326	7.18499994277954	7.12499988079071	7.58749997615814	7.6599999666214	7.91750001907349	8.00499987602234	8.27749991416931	8.37249994277954	8.26999998092651	8.33249998092651	8.37749981880188	8.38750004768372	8.11999988555908	8.11500000953674	8.0224997997284	8.36249995231629	8.47000026702881	8.71499991416931	8.59999990463257	8.58999991416931	8.4524998664856	8.39000010490418	8.71000003814697	8.64499998092652	8.76999998092651				
2024-09-12	2024-09-10	APPN	Appian Corp	Abdiel Capital Advisors, LP	10%	P - Purchase	31.24	43378	20,158,446	0%	+$1,355,247	1355128.72	18:52:47	2	31.24	31.2362499237061	31.6087498664856	32.625	33.2025003433228	33.4349994659424	33.3755006790161	33.8924999237061	33.5675001144409	33.1374998092651	32.8849992752075	33.3275003433228	34.8784999847412	35.2799997329712	34.4375	33.545000076294	33.3834991455078	33.795000076294	34.1312503814697	33.1152515411377	32.6749992370606	32.4525003433228	32.0149998664856	31.4949994087219	31.6624994277954	31.5162501335144	31.0787501335144	30.9237499237061	31.3049998283386	31.205500125885	30.9549994468689	30.8387498855591	31.5000004768372	32.2724995613099	33.0250005722046	33.7775001525879	34.7749996185303	35.4874992370605	36.482500076294	36.4774990081787	37.6412496566772	40.0749998092651	41.6950006484985	41.2224988937378				
2024-09-12	2024-09-11	CGNT	Cognyte Software Ltd.	Topline Capital Partners, LP	10%	P - Purchase	6.31	969631	9,020,184	+12%	+$6,114,211	6118371.61	18:40:00	1	6.31	6.30199992656708	6.81000006198883	6.81375002861023	6.77749991416931	6.73749995231628	6.80624997615815	6.72500002384186	6.66499996185303	6.65374994277954	6.65125000476837	6.85750007629395	6.89999997615814	6.77250003814698	6.64250004291535	6.53624987602234	6.45499992370606	6.5275000333786	6.61249995231629	6.61249995231628	6.57249999046326	6.5237500667572	6.59499990940094	6.76749992370606	6.94000017642975	6.95249998569489	6.93250012397766	7.02875006198883	6.97874999046326	6.90500009059906	6.74750006198883	6.70749998092651	6.6450001001358	6.73875010013581	6.63124990463257	6.60000002384186	6.53674995899201	6.47150003910065	6.45000004768372	6.6049998998642	6.90499997138977	6.98000001907349	6.9524998664856					
2024-09-12	2024-09-10	PSEC	Prospect Capital Corp	Barry John F	CEO, 10%	P - Purchase	5.29	95477	71,699,085	0%	+$505,073	505073.33	16:01:42	2	5.29	5.29000008106232	5.37000000476837	5.49500012397766	5.50750005245209	5.45500004291534	5.41000008583069	5.43999993801117	5.49249994754791	5.47750008106232	5.47249984741211	5.40749990940094	5.31000006198883	5.29000008106232	5.32250010967255	5.3325001001358	5.29999995231628	5.24750006198883	5.27250003814697	5.22500002384186	5.16249990463257	5.1175000667572	5.14250004291535	5.10999989509583	5.0900000333786	5.15499985218048	5.24249994754792	5.26999998092651	5.29000020027161	5.31250011920929	5.33500003814697	5.30250012874603	5.31500005722046	5.34500002861023	5.30750000476837	5.23749995231628	5.1949999332428	5.1875	5.16250002384186	5.10000002384186	5.10500013828278	5.18499994277954	5.2224999666214	4.64249992370606				
2024-09-11	2024-09-05	AAM	Aa Mission Acquisition Corp.	Sun Qing Bill	CEO, 10%	P - Purchase	10	90000	9,474,000	+1%	+$900,000	9e+05	20:56:30	6	10	9.98249959945679	9.98600006103516	9.98499965667725	9.98999977111816	9.99249982833862	10.0037500858307	10.0012500286102	10.0075001716614	10.0199999809265	10.0175004005432	10.0150003433228	10.0175001621246	10.016250371933	10.0175004005433	10.0287501811981	10.0150003433228	10.0125002861023	10.0200004577637	10.0150003433228	10.0250000953674	10.0190000534058	10.0225002765656	10.0225002765656	10.0225002765656	10.0215003490448	10.02649974823	10.028749704361	10.0299997329712	10.0374999046326	10.039999961853	10.039999961853	10.0300002098084	10.0374999046326	10.0425000190735	10.0500001907349	10.0487501621246	10.0537502765656	10.0550003051758	10.0575003623963								
2024-09-11	2024-09-05	AAM	Aa Mission Acquisition Corp.	Aa Mission Acquisition Sponsor Holdco LLC	10%	P - Purchase	10	90000	9,474,000	+1%	+$900,000	9e+05	20:54:45	6	10	9.98249959945679	9.98600006103516	9.98499965667725	9.98999977111816	9.99249982833862	10.0037500858307	10.0012500286102	10.0075001716614	10.0199999809265	10.0175004005432	10.0150003433228	10.0175001621246	10.016250371933	10.0175004005433	10.0287501811981	10.0150003433228	10.0125002861023	10.0200004577637	10.0150003433228	10.0250000953674	10.0190000534058	10.0225002765656	10.0225002765656	10.0225002765656	10.0215003490448	10.02649974823	10.028749704361	10.0299997329712	10.0374999046326	10.039999961853	10.039999961853	10.0300002098084	10.0374999046326	10.0425000190735	10.0500001907349	10.0487501621246	10.0537502765656	10.0550003051758	10.0575003623963								
2024-09-11	2024-09-09	ACDC	Profrac Holding Corp.	Thrc Holdings, LP	10%	P - Purchase	6.44	265007	78,843,915	0%	+$1,706,236	1706645.08	16:46:04	2	6.44	6.54750001430512	6.26750004291535	6.0349999666214	6.20499992370606	6.22124993801117	6.43625009059906	6.48500001430512	6.54575002193451	6.41999995708466	6.52199995517731	6.60999989509582	6.49749994277954	6.38750004768372	6.58749997615814	6.76249992847443	6.98249995708466	7.40750002861023	7.46000003814697	7.56875002384186	7.51999998092651	7.26374995708466	7.1525000333786	7.26125001907349	7.13999998569489	7.02250003814698	6.81500017642975	6.91000008583069	6.52249991893768	6.36000001430512	6.0825001001358	5.78024995326996	5.49125003814697	5.41124999523163	5.74999988079071	5.82499980926514	5.94875001907349	6.04250001907349	6.08749997615815	5.94749999046326	6.15124988555908	6.75999999046326	7.36449992656708	7.31700003147126	7			
2024-09-11	2024-09-09	PSEC	Prospect Capital Corp	Barry John F	CEO, 10%	P - Purchase	5.3	473030	71,603,608	+1%	+$2,507,059	2507059	16:02:00	2	5.3	5.30250012874603	5.29000008106232	5.37000000476837	5.49500012397766	5.50750005245209	5.45500004291534	5.41000008583069	5.43999993801117	5.49249994754791	5.47750008106232	5.47249984741211	5.40749990940094	5.31000006198883	5.29000008106232	5.32250010967255	5.3325001001358	5.29999995231628	5.24750006198883	5.27250003814697	5.22500002384186	5.16249990463257	5.1175000667572	5.14250004291535	5.10999989509583	5.0900000333786	5.15499985218048	5.24249994754792	5.26999998092651	5.29000020027161	5.31250011920929	5.33500003814697	5.30250012874603	5.31500005722046	5.34500002861023	5.30750000476837	5.23749995231628	5.1949999332428	5.1875	5.16250002384186	5.10000002384186	5.10500013828278	5.18499994277954	5.2224999666214	4.64249992370606			
2024-09-10	2024-09-06	CLAR	Clarus Corp	Kanders Warren B	Exec COB, 10%	P - Purchase	4.14	280000	9,944,951	+3%	+$1,160,034	1159200	19:27:32	4	4.14	4.08000004291534	3.99750000238419	4.23000001907349	4.4025000333786	4.50999999046326	4.512500166893	4.6100001335144	4.66999995708466	4.75499999523163	4.69000005722046	4.62999999523163	4.63750004768372	4.52249991893769	4.49249994754791	4.61000001430511	4.57499992847442	4.38250005245209	4.32000005245209	4.27749991416931	4.34750008583069	4.35999989509583	4.40249991416931	4.47000002861023	4.4524998664856	4.42499983310699	4.40500009059906	4.47749996185303	4.51250004768372	4.47499990463257	4.38499999046326	4.3474999666214	4.25999999046326	4.16249990463257	4.10250008106232	4.1175000667572	4.16500008106232	4.12749993801117	4.21249997615815	4.2150000333786	4.34500002861023	4.49500000476837	4.5349999666214	4.83249998092652	4.82749998569489	4.27749991416931		
2024-09-10	2024-09-06	PSEC	Prospect Capital Corp	Barry John F	CEO, 10%	P - Purchase	5.26	750000	71,130,578	+1%	+$3,945,000	3945000	16:01:12	4	5.26	5.3125	5.30250012874603	5.29000008106232	5.37000000476837	5.49500012397766	5.50750005245209	5.45500004291534	5.41000008583069	5.43999993801117	5.49249994754791	5.47750008106232	5.47249984741211	5.40749990940094	5.31000006198883	5.29000008106232	5.32250010967255	5.3325001001358	5.29999995231628	5.24750006198883	5.27250003814697	5.22500002384186	5.16249990463257	5.1175000667572	5.14250004291535	5.10999989509583	5.0900000333786	5.15499985218048	5.24249994754792	5.26999998092651	5.29000020027161	5.31250011920929	5.33500003814697	5.30250012874603	5.31500005722046	5.34500002861023	5.30750000476837	5.23749995231628	5.1949999332428	5.1875	5.16250002384186	5.10000002384186	5.10500013828278	5.18499994277954	5.2224999666214	4.64249992370606		
2024-09-09	2024-09-05	APPN	Appian Corp	Abdiel Capital Advisors, LP	10%	P - Purchase	30.58	67965	20,071,301	0%	+$2,078,386	2078369.7	18:15:44	4	30.58	30.8324999809265	30.2204999923706	31.2125000953675	31.2362499237061	31.6087498664856	32.625	33.2025003433228	33.4349994659424	33.3755006790161	33.8924999237061	33.5675001144409	33.1374998092651	32.8849992752075	33.3275003433228	34.8784999847412	35.2799997329712	34.4375	33.545000076294	33.3834991455078	33.795000076294	34.1312503814697	33.1152515411377	32.6749992370606	32.4525003433228	32.0149998664856	31.4949994087219	31.6624994277954	31.5162501335144	31.0787501335144	30.9237499237061	31.3049998283386	31.205500125885	30.9549994468689	30.8387498855591	31.5000004768372	32.2724995613099	33.0250005722046	33.7775001525879	34.7749996185303	35.4874992370605	36.482500076294	36.4774990081787	37.6412496566772	40.0749998092651	41.6950006484985		
2024-09-09	2024-09-05	ACDC	Profrac Holding Corp.	Thrc Holdings, LP	10%	P - Purchase	6.21	381359	78,578,908	0%	+$2,366,586	2368239.39	18:15:00	4	6.21	6.32249999046326	6.38374996185303	6.54750001430512	6.26750004291535	6.0349999666214	6.20499992370606	6.22124993801117	6.43625009059906	6.48500001430512	6.54575002193451	6.41999995708466	6.52199995517731	6.60999989509582	6.49749994277954	6.38750004768372	6.58749997615814	6.76249992847443	6.98249995708466	7.40750002861023	7.46000003814697	7.56875002384186	7.51999998092651	7.26374995708466	7.1525000333786	7.26125001907349	7.13999998569489	7.02250003814698	6.81500017642975	6.91000008583069	6.52249991893768	6.36000001430512	6.0825001001358	5.78024995326996	5.49125003814697	5.41124999523163	5.74999988079071	5.82499980926514	5.94875001907349	6.04250001907349	6.08749997615815	5.94749999046326	6.15124988555908	6.75999999046326	7.36449992656708	7.31700003147126		
2024-09-09	2024-09-05	PSEC	Prospect Capital Corp	Barry John F	CEO, 10%	P - Purchase	5.26	218957	70,380,578	0%	+$1,151,283	1151713.82	16:01:10	4	5.26	5.25750017166138	5.3125	5.30250012874603	5.29000008106232	5.37000000476837	5.49500012397766	5.50750005245209	5.45500004291534	5.41000008583069	5.43999993801117	5.49249994754791	5.47750008106232	5.47249984741211	5.40749990940094	5.31000006198883	5.29000008106232	5.32250010967255	5.3325001001358	5.29999995231628	5.24750006198883	5.27250003814697	5.22500002384186	5.16249990463257	5.1175000667572	5.14250004291535	5.10999989509583	5.0900000333786	5.15499985218048	5.24249994754792	5.26999998092651	5.29000020027161	5.31250011920929	5.33500003814697	5.30250012874603	5.31500005722046	5.34500002861023	5.30750000476837	5.23749995231628	5.1949999332428	5.1875	5.16250002384186	5.10000002384186	5.10500013828278	5.18499994277954	5.2224999666214		
2024-09-09	2024-09-05	DGICA	Donegal Group Inc	Donegal Mutual Insurance Co	10%	P - Purchase	15.23	38589	17,026,030	0%	+$587,706	587710.47	08:37:11	4	15.23	15.1650004386902	15.1849999427796	15.1774997711182	15.0899999141693	15.0650000572205	15.1950001716614	15.3400001525879	15.3125	15.2799999713897	15.2674999237061	14.6150002479553	14.4275000095368	14.5350000858307	14.4974999427796	14.8124997615814	14.8050000667572	14.6950001716614	14.7125000953675	14.6825001239777	14.4599997997284	14.4500002861023	14.2849998474121	14.3275001049042	14.5074999332428	14.4375	14.5250000953674	14.5375001430511	14.7675001621246	14.8675000667572	15.0399999618531	14.9349999427796	14.7875001430511	14.4149997234345	14.4725000858307	15.477499961853	15.4449999332428	15.3900001049042	15.5	15.5375001430511	15.3324999809265	15.1600000858307	15.0774998664856	15.2699999809265	15.5875000953674	15.647500038147		
2024-09-06	2024-09-04	PRKA	Parks America, Inc	Focused Compounding Capital Management, LLC	Investment Mgr of 10% Owner	P - Purchase	0.4	1344555	30,454,705	+5%	+$537,822	537822	18:39:19	2	0.4	39	40.25	41.5	42	42	42.75	41.5	42.5	43	43	42	42	42	41	41	42	41.75	42.5	42.5	44	44	43.5	42	41	42.25	42	41	42.5	43.5	43.5	45	45	44.5	43	44.5	43	42	42	45	42.75	45	46	45.5				
2024-09-06	2024-09-04	PSEC	Prospect Capital Corp	Barry John F	CEO, 10%	P - Purchase	5.23	750000	70,161,621	+1%	+$3,922,500	3922500	16:01:13	2	5.23	5.25	5.25750017166138	5.3125	5.30250012874603	5.29000008106232	5.37000000476837	5.49500012397766	5.50750005245209	5.45500004291534	5.41000008583069	5.43999993801117	5.49249994754791	5.47750008106232	5.47249984741211	5.40749990940094	5.31000006198883	5.29000008106232	5.32250010967255	5.3325001001358	5.29999995231628	5.24750006198883	5.27250003814697	5.22500002384186	5.16249990463257	5.1175000667572	5.14250004291535	5.10999989509583	5.0900000333786	5.15499985218048	5.24249994754792	5.26999998092651	5.29000020027161	5.31250011920929	5.33500003814697	5.30250012874603	5.31500005722046	5.34500002861023	5.30750000476837	5.23749995231628	5.1949999332428	5.1875	5.16250002384186	5.10000002384186				
2024-09-05	2024-09-03	PSEC	Prospect Capital Corp	Barry John F	CEO, 10%	P - Purchase	5.17	750000	69,411,621	+1%	+$3,877,500	3877500	16:01:14	2	5.17	5.20249998569488	5.25	5.25750017166138	5.3125	5.30250012874603	5.29000008106232	5.37000000476837	5.49500012397766	5.50750005245209	5.45500004291534	5.41000008583069	5.43999993801117	5.49249994754791	5.47750008106232	5.47249984741211	5.40749990940094	5.31000006198883	5.29000008106232	5.32250010967255	5.3325001001358	5.29999995231628	5.24750006198883	5.27250003814697	5.22500002384186	5.16249990463257	5.1175000667572	5.14250004291535	5.10999989509583	5.0900000333786	5.15499985218048	5.24249994754792	5.26999998092651	5.29000020027161	5.31250011920929	5.33500003814697	5.30250012874603	5.31500005722046	5.34500002861023	5.30750000476837	5.23749995231628	5.1949999332428	5.1875	5.16250002384186				
2024-09-04	2024-08-30	HPK	Highpeak Energy, Inc.	Hightower Jack	CEO, 10%	P - Purchase	15.48	53905	86,100,645	0%	+$834,381	834449.4	20:53:23	5	15.48	15.6050002574921	14.9417498111725	14.3949997425079	13.9100000858307	14.0175001621246	13.920000076294	13.710000038147	13.9174997806549	13.9624998569489	14.2062499523163	14.8874998092652	15.3362498283386	15.6050000190735	15.3574998378753	15.8199999332428	15.5975000858307	15.2534997463226	14.3824999332428	14.3980000019074	14.2200000286102	14.0875000953675	14.5587499141693	14.877500295639	15.1725001335144	15.3600001335144	14.7240002155304	14.2699999809265	14.5924999713898	14.752500295639	14.5699996948242	14.0355000495911	14.2275002002716	14.2749998569489	14.2224998474121	14.1612501144409	14.0912501811981	13.9949998855591	13.9850001335144	14.2875001430512	13.8050000667572	13.3724997043609	13.1775000095368	13	12.7399997711182			
2024-09-04	2024-08-30	APPN	Appian Corp	Abdiel Capital Advisors, LP	10%	P - Purchase	31.94	73368	19,935,505	0%	+$2,343,614	2343373.92	20:52:58	5	31.94	31.9324998855591	31.3800001144409	31.2600002288818	30.8324999809265	30.2204999923706	31.2125000953675	31.2362499237061	31.6087498664856	32.625	33.2025003433228	33.4349994659424	33.3755006790161	33.8924999237061	33.5675001144409	33.1374998092651	32.8849992752075	33.3275003433228	34.8784999847412	35.2799997329712	34.4375	33.545000076294	33.3834991455078	33.795000076294	34.1312503814697	33.1152515411377	32.6749992370606	32.4525003433228	32.0149998664856	31.4949994087219	31.6624994277954	31.5162501335144	31.0787501335144	30.9237499237061	31.3049998283386	31.205500125885	30.9549994468689	30.8387498855591	31.5000004768372	32.2724995613099	33.0250005722046	33.7775001525879	34.7749996185303	35.4874992370605	36.482500076294			
2024-09-04	2024-08-30	ACDC	Profrac Holding Corp.	Thrc Holdings, LP	10%	P - Purchase	6.49	792329	78,197,549	+1%	+$5,145,283	5142215.21	20:33:06	5	6.49	6.57125008106232	6.36374998092651	6.26250004768372	6.32249999046326	6.38374996185303	6.54750001430512	6.26750004291535	6.0349999666214	6.20499992370606	6.22124993801117	6.43625009059906	6.48500001430512	6.54575002193451	6.41999995708466	6.52199995517731	6.60999989509582	6.49749994277954	6.38750004768372	6.58749997615814	6.76249992847443	6.98249995708466	7.40750002861023	7.46000003814697	7.56875002384186	7.51999998092651	7.26374995708466	7.1525000333786	7.26125001907349	7.13999998569489	7.02250003814698	6.81500017642975	6.91000008583069	6.52249991893768	6.36000001430512	6.0825001001358	5.78024995326996	5.49125003814697	5.41124999523163	5.74999988079071	5.82499980926514	5.94875001907349	6.04250001907349	6.08749997615815	5.94749999046326			
2024-09-04	2024-08-30	PSEC	Prospect Capital Corp	Barry John F	CEO, 10%	P - Purchase	5.17	2500000	68,661,621	+4%	+$12,935,000	12925000	16:01:19	5	5.17	5.19249987602234	5.20249998569488	5.25	5.25750017166138	5.3125	5.30250012874603	5.29000008106232	5.37000000476837	5.49500012397766	5.50750005245209	5.45500004291534	5.41000008583069	5.43999993801117	5.49249994754791	5.47750008106232	5.47249984741211	5.40749990940094	5.31000006198883	5.29000008106232	5.32250010967255	5.3325001001358	5.29999995231628	5.24750006198883	5.27250003814697	5.22500002384186	5.16249990463257	5.1175000667572	5.14250004291535	5.10999989509583	5.0900000333786	5.15499985218048	5.24249994754792	5.26999998092651	5.29000020027161	5.31250011920929	5.33500003814697	5.30250012874603	5.31500005722046	5.34500002861023	5.30750000476837	5.23749995231628	5.1949999332428	5.1875	5.16250002384186			
2024-09-03	2024-08-28	MRAI	Marpai, Inc.	Lamendola Damien	CEO, 10%	P - Purchase	0.48	1351351	6,049,331	+29%	+$650,000	648648.48	16:36:28	6	0.48	0.440250001847744	0.507250003516674	0.568000003695488	0.660999983549118	0.649999976158142	0.705250009894371	0.614750012755394	0.62449999153614	0.564999997615814	0.564999997615814	0.512499988079071	0.512500002980232	0.509999990463257	0.587750002741814	0.608750000596046	0.527749985456467	0.536499992012978	0.469500005245209	0.515499994158745	0.623750016093254	0.56700000166893	0.573750004172325	0.481000006198883	0.492000006139279	0.492750003933907	0.532750010490418	0.563749983906746	0.628250002861023	0.617499992251397	0.674999982118607	0.650499999523163	0.626000002026558	0.554999977350235	0.562749996781349	0.567750006914139	0.539500012993813	0.537500001490116	0.58500000834465	0.576250001788139	0.47749999165535	0.608749985694885	0.728499993681908	0.77250000834465	0.864999994635582	0.927499994635582	0.830000013113022	
2024-08-30	2024-08-29	BEN	Franklin Resources Inc	Johnson Charles B	10%	P - Purchase	19.84	1e+05	93,291,784	0%	+$1,984,200	1984000	13:28:22	1	19.84	20.1474995613098	20.2325000762939	19.9500002861023	19.6799998283386	19.2974996566772	19.4499998092651	19.4299998283386	19.2950005531311	19.5725002288818	19.8899998664856	20.0500001907349	20.3249998092652	20.4449996948242	20.7550001144409	20.7249999046326	20.8400001525879	20.9725003242493	20.8325004577637	20.7550001144409	20.8550000190735	20.2774996757507	19.920000076294	19.8250002861023	19.6075000762939	19.7849998474121	19.6599998474121	19.4625000953674	19.505000114441	19.8675003051758	20.2775001525879	20.0124998092651	20.3249998092652	20.5075001716614	20.6050000190735	20.8799996376038	20.7224998474121	20.4050002098083	20.1525006294251	20.2199997901917	20.4074997901917	20.7000007629395						
2024-08-29	2024-08-27	HPK	Highpeak Energy, Inc.	Hightower Jack	CEO, 10%	P - Purchase	15.45	132487	86,046,740	0%	+$2,047,578	2046924.15	20:41:17	2	15.45	15.3949999809265	15.857500076294	16.170000076294	15.6050002574921	14.9417498111725	14.3949997425079	13.9100000858307	14.0175001621246	13.920000076294	13.710000038147	13.9174997806549	13.9624998569489	14.2062499523163	14.8874998092652	15.3362498283386	15.6050000190735	15.3574998378753	15.8199999332428	15.5975000858307	15.2534997463226	14.3824999332428	14.3980000019074	14.2200000286102	14.0875000953675	14.5587499141693	14.877500295639	15.1725001335144	15.3600001335144	14.7240002155304	14.2699999809265	14.5924999713898	14.752500295639	14.5699996948242	14.0355000495911	14.2275002002716	14.2749998569489	14.2224998474121	14.1612501144409	14.0912501811981	13.9949998855591	13.9850001335144	14.2875001430512					
2024-08-29	2024-08-27	LAB	Standard Biotools Inc.	Casdin Partners Master Fund, L.P.	Dir, 10%	P - Purchase	2.19	250000	74,036,109	0%	+$546,750	547500	20:30:41	2	2.19	2.11500000953674	2.07749992609024	2.11750000715256	2.03999996185303	1.94499999284744	1.94750002026558	1.94249999523163	1.96249997615814	1.96999999880791	1.96999999880791	2.00999999046326	2.08249998092652	2.05999994277954	2.04249995946884	2.0125000178814	2.10999995470047	2.03999996185303	1.93250000476837	1.92750000953675	1.9025000333786	1.87749999761582	1.92499998211861	1.91249999403954	1.87999999523163	1.84749999642372	1.82249999046326	1.85250002145767	1.83250001072884	1.81499996781349	1.77249997854233	1.74500000476837	1.83249998092651	1.85999998450279	1.88499999046326	1.89499998092652	1.83999997377396	1.8474999666214	1.88499999046326	1.86249998211861	1.80499997735024	1.7775000333786	1.7049999833107					
2024-08-29	2024-08-27	ACDC	Profrac Holding Corp.	Thrc Holdings, LP	10%	P - Purchase	6.68	101209	77,405,220	0%	+$676,394	676076.12	20:26:24	2	6.68	6.70000004768372	6.81924998760223	6.79374992847442	6.57125008106232	6.36374998092651	6.26250004768372	6.32249999046326	6.38374996185303	6.54750001430512	6.26750004291535	6.0349999666214	6.20499992370606	6.22124993801117	6.43625009059906	6.48500001430512	6.54575002193451	6.41999995708466	6.52199995517731	6.60999989509582	6.49749994277954	6.38750004768372	6.58749997615814	6.76249992847443	6.98249995708466	7.40750002861023	7.46000003814697	7.56875002384186	7.51999998092651	7.26374995708466	7.1525000333786	7.26125001907349	7.13999998569489	7.02250003814698	6.81500017642975	6.91000008583069	6.52249991893768	6.36000001430512	6.0825001001358	5.78024995326996	5.49125003814697	5.41124999523163	5.74999988079071					
2024-08-29	2024-08-27	SOC	Sable Offshore Corp.	Pilgrim Global Icav	10%	P - Purchase	15.45	41000	8,041,001	+1%	+$633,450	633450	19:52:17	2	15.45	15.8324999809265	16.1487495899201	16.5650000572205	21.9937500953675	23.1325001716614	22.0824999809265	21.6474995613098	22.4400000572205	21.4849996566773	20.602499961853	21.0050001144409	21.8625001907348	23.8375000953674	25.4450001716614	25.7300000190735	27.3974995613098	23.5175004005432	22.970000743866	25.1462502479553	24.1177501678467	23.7849998474121	23.9675002098084	23.7650003433228	24.0474996566772	24.6024999618531	25.0174999237061	25.2034997940064	23.1999998092652	21.4875001907349	20.0987501144409	19.4775004386902	20.2750005722046	20.6124997138977	19.9712495803833	20.039999961853	19.8425002098084	20.0974998474121	19.6975002288819	19.4775004386902	19.3775000572205	20.0799999237061	20.6500000953674					
2024-08-29	2024-08-27	APPN	Appian Corp	Abdiel Capital Advisors, LP	10%	P - Purchase	31.58	56900	19,789,053	0%	+$1,796,794	1796902	18:45:20	2	31.58	31.3900003433228	32.0475001335144	32.6550006866455	31.9324998855591	31.3800001144409	31.2600002288818	30.8324999809265	30.2204999923706	31.2125000953675	31.2362499237061	31.6087498664856	32.625	33.2025003433228	33.4349994659424	33.3755006790161	33.8924999237061	33.5675001144409	33.1374998092651	32.8849992752075	33.3275003433228	34.8784999847412	35.2799997329712	34.4375	33.545000076294	33.3834991455078	33.795000076294	34.1312503814697	33.1152515411377	32.6749992370606	32.4525003433228	32.0149998664856	31.4949994087219	31.6624994277954	31.5162501335144	31.0787501335144	30.9237499237061	31.3049998283386	31.205500125885	30.9549994468689	30.8387498855591	31.5000004768372	32.2724995613099					
2024-08-29	2024-08-29	ABCL	Abcellera Biologics Inc.	Thermopylae Holdings Ltd.	10%	P - Purchase	2.61	283516	56,086,009	+1%	+$739,977	739976.76	16:35:34	0	2.61	2.58124995231629	2.54000002145767	2.5	2.48500001430512	2.41374999284745	2.42625004053116	2.47750002145767	2.62000000476837	2.68500000238419	2.72625005245209	2.69775003194809	2.73500001430511	2.77625000476837	2.78249996900558	2.63749998807907	2.55124998092652	2.50499999523163	2.4787500500679	2.50999999046326	2.6022499203682	2.61749994754791	2.57749998569489	2.51499998569489	2.47525000572205	2.50124996900559	2.56125003099442	2.58224993944168	2.53249996900558	2.48225003480911	2.5524999499321	2.53749996423721	2.5524999499321	2.58499991893768	2.64499998092651	2.78474998474121	2.82500004768372	2.80099993944168	2.7859999537468	2.74500000476837	2.74500000476837							
2024-08-29	2024-08-27	APEI	American Public Education Inc	Braner Michael David	See Footnotes, 10%	P - Purchase	16.07	38439	2,251,729	+2%	+$617,777	617714.73	16:10:18	2	16.07	16.0449998378754	16.4375	16.7549996376038	16.1300001144409	15.5950000286102	15.539999961853	15.1299998760223	14.6900000572205	14.5625	14.5550000667572	14.9500000476837	15.5349998474121	15.7300000190735	15.7824997901917	15.3849999904632	15.5150001049042	15.1899998188019	14.9824995994568	14.6325001716614	14.8600001335144	14.8174998760223	14.835000038147	14.7200000286102	14.4574999809265	14.1875002384186	13.8525002002716	13.8075001239777	13.7074999809265	13.7775003910065	13.7774999141693	13.6950001716614	13.8999998569488	14.1725001335144	14.3199999332428	14.4800000190735	14.4199998378754	14.460000038147	14.2174999713898	14.2799999713898	14.2300000190735	14.2349998950958	14.1375000476837					
2024-08-27	2024-08-23	CRK	Comstock Resources Inc	Arkoma Drilling, L.P.	10%	P - Purchase	11.3	1716538	208,300,084	+1%	+$19,395,166	19396879.4	17:56:30	4	11.3	11.5325000286103	11.2624998092651	10.5924999713898	10.4524998664856	10.6250002384186	10.2549998760223	10.0025000572205	9.74750018119812	9.6399998664856	9.38250017166138	9.44000005722046	9.78000020980836	9.83500003814698	9.97250008583071	9.93999981880188	9.98250007629395	10.0075001716614	10.1800000667572	10.4300000667572	11.1124999523163	11.3025000095367	10.9750001430512	10.875	11.1725001335144	11.1500000953675	11.039999961853	11.2999999523163	11.6199998855591	12.0700001716614	12.0950000286102	11.9874999523163	11.9599997997284	11.7850000858307	11.8950002193451	11.8399999141693	11.4200000762939	11.5274999141693	11.6375000476837	11.4799997806549	11.4449999332428	11.357500076294	11.4300000667572	11.8125002384185	11.9874999523163			
2024-08-27	2024-08-23	MAV	Pioneer Municipal High Income Advantage Fund, Inc.	Saba Capital Management, L.P.	10%	P - Purchase	8.67	65642	3,270,859	+2%	+$568,813	569116.14	09:45:40	4	8.67	8.65250015258789	8.63749980926514	8.66392493247986	8.71250009536743	8.76749992370606	8.76250004768372	8.7962498664856	8.82224988937378	8.83500003814697	8.86742520332336	8.86999988555908	8.84500002861023	8.86249971389771	8.94314980506897	8.97874975204468	9.0149998664856	9.01999998092652	9.05945038795471	8.99557518959045	8.96000003814697	8.90249991416931	8.91000008583069	8.87500000000001	8.86997485160828	8.87977504730225	8.86749982833863	8.84437489509583	8.83625030517578	8.80875015258789	8.79125022888184	8.77000021934509	8.74499988555908	8.77835011482239	8.78500008583069	8.73625016212463	8.74000024795532	8.70125007629395	8.72749972343445	8.71249985694885	8.6949999332428	8.66749978065491	8.59750008583069	8.56750011444091	8.5849997997284			
2024-08-26	2024-08-22	APPN	Appian Corp	Abdiel Capital Advisors, LP	10%	P - Purchase	31.09	126379	19,675,190	+1%	+$3,929,021	3929123.11	20:27:20	4	31.09	31.4550004005432	31.6600008010864	31.5650000572205	31.3900003433228	32.0475001335144	32.6550006866455	31.9324998855591	31.3800001144409	31.2600002288818	30.8324999809265	30.2204999923706	31.2125000953675	31.2362499237061	31.6087498664856	32.625	33.2025003433228	33.4349994659424	33.3755006790161	33.8924999237061	33.5675001144409	33.1374998092651	32.8849992752075	33.3275003433228	34.8784999847412	35.2799997329712	34.4375	33.545000076294	33.3834991455078	33.795000076294	34.1312503814697	33.1152515411377	32.6749992370606	32.4525003433228	32.0149998664856	31.4949994087219	31.6624994277954	31.5162501335144	31.0787501335144	30.9237499237061	31.3049998283386	31.205500125885	30.9549994468689	30.8387498855591	31.5000004768372			
2024-08-26	2024-08-22	LAB	Standard Biotools Inc.	Casdin Partners Master Fund, L.P.	Dir, 10%	P - Purchase	2.06	750000	127,411,930	+1%	+$1,546,237	1545000	20:10:10	4	2.06	2.05750006437302	2.14250004291535	2.20000004768372	2.11500000953674	2.07749992609024	2.11750000715256	2.03999996185303	1.94499999284744	1.94750002026558	1.94249999523163	1.96249997615814	1.96999999880791	1.96999999880791	2.00999999046326	2.08249998092652	2.05999994277954	2.04249995946884	2.0125000178814	2.10999995470047	2.03999996185303	1.93250000476837	1.92750000953675	1.9025000333786	1.87749999761582	1.92499998211861	1.91249999403954	1.87999999523163	1.84749999642372	1.82249999046326	1.85250002145767	1.83250001072884	1.81499996781349	1.77249997854233	1.74500000476837	1.83249998092651	1.85999998450279	1.88499999046326	1.89499998092652	1.83999997377396	1.8474999666214	1.88499999046326	1.86249998211861	1.80499997735024	1.7775000333786			
2024-08-26	2024-08-22	APEI	American Public Education Inc	Braner Michael David	See Footnotes, 10%	P - Purchase	14.88	34459	2,198,897	+2%	+$512,911	512749.92	17:12:05	4	14.88	15.3650000095368	15.7350001335144	16.1025002002716	16.0449998378754	16.4375	16.7549996376038	16.1300001144409	15.5950000286102	15.539999961853	15.1299998760223	14.6900000572205	14.5625	14.5550000667572	14.9500000476837	15.5349998474121	15.7300000190735	15.7824997901917	15.3849999904632	15.5150001049042	15.1899998188019	14.9824995994568	14.6325001716614	14.8600001335144	14.8174998760223	14.835000038147	14.7200000286102	14.4574999809265	14.1875002384186	13.8525002002716	13.8075001239777	13.7074999809265	13.7775003910065	13.7774999141693	13.6950001716614	13.8999998569488	14.1725001335144	14.3199999332428	14.4800000190735	14.4199998378754	14.460000038147	14.2174999713898	14.2799999713898	14.2300000190735	14.2349998950958			
2024-08-26	2024-08-22	ACDC	Profrac Holding Corp.	Thrc Holdings, LP	10%	P - Purchase	6.17	106466	77,304,011	0%	+$656,609	656895.22	16:49:20	4	6.17	6.45500004291535	6.74500000476837	6.74125015735626	6.70000004768372	6.81924998760223	6.79374992847442	6.57125008106232	6.36374998092651	6.26250004768372	6.32249999046326	6.38374996185303	6.54750001430512	6.26750004291535	6.0349999666214	6.20499992370606	6.22124993801117	6.43625009059906	6.48500001430512	6.54575002193451	6.41999995708466	6.52199995517731	6.60999989509582	6.49749994277954	6.38750004768372	6.58749997615814	6.76249992847443	6.98249995708466	7.40750002861023	7.46000003814697	7.56875002384186	7.51999998092651	7.26374995708466	7.1525000333786	7.26125001907349	7.13999998569489	7.02250003814698	6.81500017642975	6.91000008583069	6.52249991893768	6.36000001430512	6.0825001001358	5.78024995326996	5.49125003814697	5.41124999523163			
2024-08-23	2024-08-22	BIGZ	Blackrock Innovation & Growth Term Trust	Saba Capital Management, L.P.	10%	P - Purchase	7.3	252777	54,810,898	0%	+$1,845,272	1845272.1	19:27:12	1	7.3	7.32074999809265	7.33750009536743	7.38250005245209	7.37000000476837	7.38749992847443	7.49374997615814	7.43250012397766	7.34250009059906	7.3125	7.2425000667572	7.28862500190735	7.3237498998642	7.26874995231628	7.34750008583069	7.37999999523163	7.31000006198883	7.39374995231629	7.42752492427826	7.54177498817444	7.5275000333786	7.51942491531372	7.56250011920929	7.54002487659454	7.56375002861023	7.61249995231628	7.59625005722046	7.59500002861023	7.58999991416931	7.55250012874603	7.60000002384186	7.55525004863739	7.5625	7.61000001430512	7.5974999666214	7.6599999666214	7.70249998569488	7.60564994812012	7.58502507209778	7.56749999523163	7.58750009536743	7.575000166893						
2024-08-22	2024-08-20	CRK	Comstock Resources Inc	Arkoma Drilling, L.P.	10%	P - Purchase	10.99	3132600	206,583,546	+2%	+$34,440,327	34427274	17:19:13	2	10.99	11.0950000286102	10.8625001907349	11.1625001430512	11.5325000286103	11.2624998092651	10.5924999713898	10.4524998664856	10.6250002384186	10.2549998760223	10.0025000572205	9.74750018119812	9.6399998664856	9.38250017166138	9.44000005722046	9.78000020980836	9.83500003814698	9.97250008583071	9.93999981880188	9.98250007629395	10.0075001716614	10.1800000667572	10.4300000667572	11.1124999523163	11.3025000095367	10.9750001430512	10.875	11.1725001335144	11.1500000953675	11.039999961853	11.2999999523163	11.6199998855591	12.0700001716614	12.0950000286102	11.9874999523163	11.9599997997284	11.7850000858307	11.8950002193451	11.8399999141693	11.4200000762939	11.5274999141693	11.6375000476837	11.4799997806549					
2024-08-22	2024-08-20	ACDC	Profrac Holding Corp.	Thrc Holdings, LP	10%	P - Purchase	6.37	377129	77,197,545	0%	+$2,404,180	2402311.73	16:40:26	2	6.37	6.44749987125397	6.21749997138977	6.45500004291535	6.74500000476837	6.74125015735626	6.70000004768372	6.81924998760223	6.79374992847442	6.57125008106232	6.36374998092651	6.26250004768372	6.32249999046326	6.38374996185303	6.54750001430512	6.26750004291535	6.0349999666214	6.20499992370606	6.22124993801117	6.43625009059906	6.48500001430512	6.54575002193451	6.41999995708466	6.52199995517731	6.60999989509582	6.49749994277954	6.38750004768372	6.58749997615814	6.76249992847443	6.98249995708466	7.40750002861023	7.46000003814697	7.56875002384186	7.51999998092651	7.26374995708466	7.1525000333786	7.26125001907349	7.13999998569489	7.02250003814698	6.81500017642975	6.91000008583069	6.52249991893768	6.36000001430512					
2024-08-22	2024-08-20	APEI	American Public Education Inc	Braner Michael David	See Footnotes, 10%	P - Purchase	14.16	73022	2,164,438	+3%	+$1,033,711	1033991.52	16:39:57	2	14.16	14.5899999141693	14.6600000858307	15.3650000095368	15.7350001335144	16.1025002002716	16.0449998378754	16.4375	16.7549996376038	16.1300001144409	15.5950000286102	15.539999961853	15.1299998760223	14.6900000572205	14.5625	14.5550000667572	14.9500000476837	15.5349998474121	15.7300000190735	15.7824997901917	15.3849999904632	15.5150001049042	15.1899998188019	14.9824995994568	14.6325001716614	14.8600001335144	14.8174998760223	14.835000038147	14.7200000286102	14.4574999809265	14.1875002384186	13.8525002002716	13.8075001239777	13.7074999809265	13.7775003910065	13.7774999141693	13.6950001716614	13.8999998569488	14.1725001335144	14.3199999332428	14.4800000190735	14.4199998378754	14.460000038147					
2024-08-22	2024-08-21	PYYX	Pyxus International, Inc.	Owl Creek Asset Management, L.P.	10%	P - Purchase	2.5	811150	3,865,355	+27%	+$2,027,875	2027875	16:26:14	1	2.5	2.95000004768372	2.85250002145767	2.90000009536743	2.81000006198884	2.75999999046326	2.77249997854233	2.67499995231629	2.84250003099442	2.75	2.875	3.19000005722046	2.95499992370606	2.90000009536743	2.91999995708466	2.99750000238419	3	2.84999990463257	3	2.97500002384186	2.94500005245209	2.90000009536743	2.75	2.99000000953674	2.99000000953674	2.62250000238419	2.5	2.90000009536743	2.71000003814697	2.71000003814697	2.77499997615815	2.70000004768372	2.70000004768372	2.70000004768372	2.86000001430511	2.96750003099442	2.96250003576279	2.99000000953674	2.98500001430511	2.98000001907349	2.98000001907349	2.90000009536743						
2024-08-22	2024-08-20	BIGZ	Blackrock Innovation & Growth Term Trust	Saba Capital Management, L.P.	10%	P - Purchase	7.26	106306	54,558,121	0%	+$772,161	771781.56	14:45:07	2	7.26	7.26499998569489	7.28000020980835	7.32074999809265	7.33750009536743	7.38250005245209	7.37000000476837	7.38749992847443	7.49374997615814	7.43250012397766	7.34250009059906	7.3125	7.2425000667572	7.28862500190735	7.3237498998642	7.26874995231628	7.34750008583069	7.37999999523163	7.31000006198883	7.39374995231629	7.42752492427826	7.54177498817444	7.5275000333786	7.51942491531372	7.56250011920929	7.54002487659454	7.56375002861023	7.61249995231628	7.59625005722046	7.59500002861023	7.58999991416931	7.55250012874603	7.60000002384186	7.55525004863739	7.5625	7.61000001430512	7.5974999666214	7.6599999666214	7.70249998569488	7.60564994812012	7.58502507209778	7.56749999523163	7.58750009536743					
2024-08-21	2024-08-19	LAB	Standard Biotools Inc.	Casdin Partners Master Fund, L.P.	Dir, 10%	P - Purchase	1.88	1250000	73,036,109	+2%	+$2,351,875	2350000	20:47:38	2	1.88	1.87749999761582	1.88000002503395	1.96500000357628	2.05750006437302	2.14250004291535	2.20000004768372	2.11500000953674	2.07749992609024	2.11750000715256	2.03999996185303	1.94499999284744	1.94750002026558	1.94249999523163	1.96249997615814	1.96999999880791	1.96999999880791	2.00999999046326	2.08249998092652	2.05999994277954	2.04249995946884	2.0125000178814	2.10999995470047	2.03999996185303	1.93250000476837	1.92750000953675	1.9025000333786	1.87749999761582	1.92499998211861	1.91249999403954	1.87999999523163	1.84749999642372	1.82249999046326	1.85250002145767	1.83250001072884	1.81499996781349	1.77249997854233	1.74500000476837	1.83249998092651	1.85999998450279	1.88499999046326	1.89499998092652	1.83999997377396	1.8474999666214				
2024-08-21	2024-08-19	APPN	Appian Corp	Abdiel Capital Advisors, LP	10%	P - Purchase	31.17	67044	19,422,025	0%	+$2,089,681	2089761.48	19:35:35	2	31.17	31.2699999809265	31.2287497520447	31.1450004577637	31.4550004005432	31.6600008010864	31.5650000572205	31.3900003433228	32.0475001335144	32.6550006866455	31.9324998855591	31.3800001144409	31.2600002288818	30.8324999809265	30.2204999923706	31.2125000953675	31.2362499237061	31.6087498664856	32.625	33.2025003433228	33.4349994659424	33.3755006790161	33.8924999237061	33.5675001144409	33.1374998092651	32.8849992752075	33.3275003433228	34.8784999847412	35.2799997329712	34.4375	33.545000076294	33.3834991455078	33.795000076294	34.1312503814697	33.1152515411377	32.6749992370606	32.4525003433228	32.0149998664856	31.4949994087219	31.6624994277954	31.5162501335144	31.0787501335144	30.9237499237061	31.3049998283386				
2024-08-21	2024-08-19	NRDY	Nerdy Inc.	Cohn Charles K.	CEO, 10%	P - Purchase	1.03	2170291	35,916,294	+6%	+$2,235,400	2235399.73	08:57:34	2	1.03	1.10749998688698	1.07750001549721	1.05750000476837	1.08624997735024	1.1075000166893	1.07250002026558	1.03750002384186	1.0450000166893	1.09025001525879	1.03200002014637	0.991750001907349	1.00124999880791	0.963249996304512	0.918499991297722	0.899749994277954	0.912250012159348	0.896000012755394	0.942999988794327	0.998749971389771	1.04249998927116	1.05150000751019	1.07249999046326	1.02774997055531	0.969750002026558	0.972499996423721	0.955999985337258	0.954500004649162	0.975499987602234	0.983249992132186	0.983500003814698	0.997500002384184	0.997500002384185	1.0174999833107	1.02999997138977	0.997000008821488	0.988250002264977	0.979500010609627	0.993000000715256	1.00499999523163	1.03999996185303	1.03999996185303	1.02499997615814	1.03249996900558				
2024-08-20	2024-08-16	BVS	Bioventus Inc.	Bartholdson John A.	Dir, 10%	P - Purchase	8.55	105500	6,984,909	+2%	+$901,702	902025	18:16:00	4	8.55	8.3142501115799	8.05874991416931	8.87750005722046	9.55750012397765	9.82750010490418	10.0049998760223	9.86124992370607	9.64649987220764	9.85000014305116	9.92750000953676	9.9100000858307	9.76999998092651	9.6269998550415	9.52499985694885	10.0625	10.3324999809265	10.3199999332428	10.7749998569489	11.0650000572204	11.2150001525879	11.2750000953674	11.5924999713898	11.789999961853	11.6549999713898	11.6012499332428	11.5449998378754	11.5615000724792	11.4025001525879	11.7700002193451	11.8549997806549	11.8250000476837	11.7817499637604	11.6824998855591	11.7525000572205	11.3949997425079	11.397500038147	11.4550001621247	11.2612500190735	11.7225000858307	12.3375000953674	12.5724999904633	12.8025000095368	12.7679998874665	12.7549998760223			
2024-08-20	2024-08-16	PSNL	Personalis, Inc.	Tempus Ai, Inc.	10%	P - Purchase	5.07	3500000	12,718,800	+38%	+$17,745,000	17745000	16:17:55	4	5.07	5.95000004768372	5.81724989414215	6.12700009346008	6.04749989509583	5.95625007152557	5.93250000476837	5.69500017166138	5.54750001430511	5.69624996185303	5.64250004291534	5.39324998855591	5.29499995708466	5.29250001907349	5.17749989032746	5.33175003528595	5.60250008106232	5.82249999046326	5.8325001001358	5.70500004291535	5.56249988079071	5.60374999046326	5.6412501335144	5.89499998092651	5.83999991416931	5.38699996471405	4.92800009250641	4.80499994754791	4.92249989509583	5.30749988555908	5.29250001907349	5.12499988079071	4.8325001001358	4.82749998569489	5.01249992847443	5.0974999666214	5.23750007152557	5.12724995613098	4.95750010013581	4.88374996185303	4.6525000333786	4.73749995231629	4.82225012779236	4.6875	4.78375005722046			
2024-08-20	2024-08-16	APEI	American Public Education Inc	Braner Michael David	See Footnotes, 10%	P - Purchase	14.67	86492	2,091,416	+4%	+$1,268,924	1268837.64	16:09:24	4	14.67	14.4324998855591	14.1474997997284	14.5899999141693	14.6600000858307	15.3650000095368	15.7350001335144	16.1025002002716	16.0449998378754	16.4375	16.7549996376038	16.1300001144409	15.5950000286102	15.539999961853	15.1299998760223	14.6900000572205	14.5625	14.5550000667572	14.9500000476837	15.5349998474121	15.7300000190735	15.7824997901917	15.3849999904632	15.5150001049042	15.1899998188019	14.9824995994568	14.6325001716614	14.8600001335144	14.8174998760223	14.835000038147	14.7200000286102	14.4574999809265	14.1875002384186	13.8525002002716	13.8075001239777	13.7074999809265	13.7775003910065	13.7774999141693	13.6950001716614	13.8999998569488	14.1725001335144	14.3199999332428	14.4800000190735	14.4199998378754	14.460000038147			
2024-08-20	2024-08-16	NRDY	Nerdy Inc.	Cohn Charles K.	CEO, 10%	P - Purchase	0.89	10993192	33,746,003	+48%	+$9,733,805	9783940.88	08:06:33	4	0.89	1.00550000369549	1.10749998688698	1.07750001549721	1.05750000476837	1.08624997735024	1.1075000166893	1.07250002026558	1.03750002384186	1.0450000166893	1.09025001525879	1.03200002014637	0.991750001907349	1.00124999880791	0.963249996304512	0.918499991297722	0.899749994277954	0.912250012159348	0.896000012755394	0.942999988794327	0.998749971389771	1.04249998927116	1.05150000751019	1.07249999046326	1.02774997055531	0.969750002026558	0.972499996423721	0.955999985337258	0.954500004649162	0.975499987602234	0.983249992132186	0.983500003814698	0.997500002384184	0.997500002384185	1.0174999833107	1.02999997138977	0.997000008821488	0.988250002264977	0.979500010609627	0.993000000715256	1.00499999523163	1.03999996185303	1.03999996185303	1.02499997615814	1.03249996900558			
2024-08-19	2024-08-15	SUNS	Sunrise Realty Trust, Inc.	Tannenbaum Leonard M	Exec COB, 10%	P - Purchase	12.44	118163	1,657,646	+8%	+$1,469,593	1469947.72	18:14:17	4	12.44	11.9420001506805	11.893249988556	12.2474999427795	12.7695000171662	12.8725001811981	13.0169999599457	13.2674999237061	13.420000076294	13.6924998760224	14.1224999427796	14.0099999904633	14.4024999141693	14.6277499198914	14.09375	13.6575000286102	13.3450002670288	13.6619999408722	13.6542501449585	13.9975001811981	14.3972501754761	14.3775000572205	14.3199999332428	14.3137500286102	14.3352501392364	14.4024999141693	14.8017499446869	14.7200000286102	14.5625	14.3912501335144	14.4375	14.5000002384186	14.2825000286102	14.0799999237061	13.8525002002716	14.0675001144409	14.3172500133514	14.5599999427796	14.8199996948242	14.7550001144409	14.7387497425079	14.7507500648499	14.9925000667572	15.2425000667572	15.1900000572205			
2024-08-19	2024-08-15	ACDC	Profrac Holding Corp.	Thrc Holdings, LP	10%	P - Purchase	6.49	149871	76,820,416	0%	+$972,464	972662.79	18:09:26	4	6.49	6.53875005245209	6.62750005722046	6.53750002384186	6.44749987125397	6.21749997138977	6.45500004291535	6.74500000476837	6.74125015735626	6.70000004768372	6.81924998760223	6.79374992847442	6.57125008106232	6.36374998092651	6.26250004768372	6.32249999046326	6.38374996185303	6.54750001430512	6.26750004291535	6.0349999666214	6.20499992370606	6.22124993801117	6.43625009059906	6.48500001430512	6.54575002193451	6.41999995708466	6.52199995517731	6.60999989509582	6.49749994277954	6.38750004768372	6.58749997615814	6.76249992847443	6.98249995708466	7.40750002861023	7.46000003814697	7.56875002384186	7.51999998092651	7.26374995708466	7.1525000333786	7.26125001907349	7.13999998569489	7.02250003814698	6.81500017642975	6.91000008583069	6.52249991893768			
2024-08-19	2024-08-15	SNDA	Sonida Senior Living, Inc.	Levinson Sam	10%	P - Purchase	27	250000	2,699,593	+10%	+$6,750,000	6750000	16:26:05	4	27	26.6424999237061	26.9299998283387	27.6700000762939	27.4175000190735	26.8774995803833	27.2150001525879	28.3224997520447	28.0375003814697	27.6649999618531	27.8150000572205	27.9599995613098	27.4699997901917	27.5999999046326	27.8825001716614	27.2750000953675	26.3850002288819	25.8000001907349	25.9675002098084	26.1974997520447	26.4899997711182	26.2624998092652	26.1050000190735	26.0550003051758	26.6400003433228	26.6174993515015	26.8674998283387	26.5699996948242	26.7200002670288	26.6725001335145	26.4750003814698	26.6624999046326	26.4975004196167	25.9500002861023	25.7975001335144	25.210000038147	23.6000003814698	22.6474995613098	22.8299999237061	23.1500000953674	22.7825002670288	22.9375004768372	23.4899997711182	24.9299998283387	26.897500038147			
2024-08-16	2024-08-14	APPN	Appian Corp	Abdiel Capital Advisors, LP	10%	P - Purchase	30.36	826356	19,279,160	+4%	+$25,084,825	25088168.16	20:05:54	2	30.36	30.8724999427796	30.772500038147	31.2645001411438	31.2699999809265	31.2287497520447	31.1450004577637	31.4550004005432	31.6600008010864	31.5650000572205	31.3900003433228	32.0475001335144	32.6550006866455	31.9324998855591	31.3800001144409	31.2600002288818	30.8324999809265	30.2204999923706	31.2125000953675	31.2362499237061	31.6087498664856	32.625	33.2025003433228	33.4349994659424	33.3755006790161	33.8924999237061	33.5675001144409	33.1374998092651	32.8849992752075	33.3275003433228	34.8784999847412	35.2799997329712	34.4375	33.545000076294	33.3834991455078	33.795000076294	34.1312503814697	33.1152515411377	32.6749992370606	32.4525003433228	32.0149998664856	31.4949994087219	31.6624994277954					
2024-08-16	2024-08-14	LAB	Standard Biotools Inc.	Casdin Partners Master Fund, L.P.	Dir, 10%	P - Purchase	1.59	1200000	71,786,109	+2%	+$1,913,520	1908000	19:52:46	2	1.59	1.71749997138977	1.78249999880791	1.83999997377396	1.87749999761582	1.88000002503395	1.96500000357628	2.05750006437302	2.14250004291535	2.20000004768372	2.11500000953674	2.07749992609024	2.11750000715256	2.03999996185303	1.94499999284744	1.94750002026558	1.94249999523163	1.96249997615814	1.96999999880791	1.96999999880791	2.00999999046326	2.08249998092652	2.05999994277954	2.04249995946884	2.0125000178814	2.10999995470047	2.03999996185303	1.93250000476837	1.92750000953675	1.9025000333786	1.87749999761582	1.92499998211861	1.91249999403954	1.87999999523163	1.84749999642372	1.82249999046326	1.85250002145767	1.83250001072884	1.81499996781349	1.77249997854233	1.74500000476837	1.83249998092651	1.85999998450279					
2024-08-16	2024-08-16	CRK	Comstock Resources Inc	Arkoma Drilling, L.P.	10%	P - Purchase	10.64	573453	203,450,946	0%	+$6,101,253	6101539.92	17:13:38	0	10.64	10.8650000095367	10.9375	11.0950000286102	10.8625001907349	11.1625001430512	11.5325000286103	11.2624998092651	10.5924999713898	10.4524998664856	10.6250002384186	10.2549998760223	10.0025000572205	9.74750018119812	9.6399998664856	9.38250017166138	9.44000005722046	9.78000020980836	9.83500003814698	9.97250008583071	9.93999981880188	9.98250007629395	10.0075001716614	10.1800000667572	10.4300000667572	11.1124999523163	11.3025000095367	10.9750001430512	10.875	11.1725001335144	11.1500000953675	11.039999961853	11.2999999523163	11.6199998855591	12.0700001716614	12.0950000286102	11.9874999523163	11.9599997997284	11.7850000858307	11.8950002193451	11.8399999141693							
2024-08-16	2024-08-15	FCCN	Spectral Capital Corp	Brehm Sean Michael	Dir, 10%	P - Purchase	0.2	5050000	5,050,000	New	+$1,010,000	1010000	15:50:41	1	0.2	3.61000001430512	3.69749999046326	3.63750004768372	3.72250002622605	3.94749999046326	4.16249990463257	4.29499995708466	4.22500002384186	4.2574999332428	4.37174999713898	4.3512499332428	4.12000006437301	3.93000000715256	3.91250002384186	3.95000004768372	3.86000001430511	3.82500004768372	3.70750004053116	3.74750000238419	3.69999998807907	3.39500004053116	3.20249998569489	3.46250003576279	3.57499998807907	3.8850000500679	4.09750002622604	4.4025000333786	4.33749997615814	4.7299998998642	5.02999997138977	5.21200001239777	4.5974999666214	4.81824994087219	4.75749981403351	4.53000009059906	4.81749999523163	4.88499999046326	4.66875004768372	4.74749994277954	4.71624994277954	4.94500005245209						
2024-08-16	2024-08-14	ANAB	Anaptysbio, Inc	Ecor1 Capital, LLC	10%	P - Purchase	36.5	273972	7,794,996	+4%	+$9,999,978	9999978	12:04:31	2	36.5	33.5625	33.4425001144409	34.9050006866455	35.7524995803833	36.9224996566773	37.5150003433227	37.5062494277954	37.6925001144409	36.8800001144409	36.8874998092652	36.8824996948243	37.4074993133545	37.2275009155274	36.2624998092651	37.0824995040894	36.3924999237061	35.8362512588501	35.3850002288819	35.1129999160766	37.09375	39.4925012588501	39.3880004882813	37.9799995422363	37.1525001525879	37.8449993133545	38.0737495422363	37.1149988174439	35.107500076294	33.6175003051758	32.2974996566773	32.4375004768372	32.5675001144409	34.0500011444092	34.9812498092651	35.0687494277954	34.5412492752075	33.4200000762939	32.7549991607666	31.7874999046326	31.5724997520447	32.5775003433228	34.1825008392334					
2024-08-15	2024-08-13	ISPO	Inspirato Inc	Zamani Payam	CEO, 10%	P - Purchase	3.43	1335271	4,765,813	+39%	+$4,579,980	4579979.53	21:56:24	2	3.43	3.42499995231629	3.29500001668931	4.0275000333786	4.6800000667572	4.27500003576279	4.05000007152557	4.46499991416931	4.47749996185303	4.27750009298325	4.03550010919571	3.93499994277954	4.00750005245209	4.17750000953675	4.22500002384186	4.04499995708466	4.04000002145767	4.06000012159347	4.13749992847443	4.09624993801117	4.2075001001358	4.2849999666214	4.32749998569489	4.29999995231629	4.69025003910065	4.69449996948242	4.75	4.65125000476837	4.57250010967255	4.27250003814697	3.97000014781952	3.91699993610382	3.95175004005432	4.03500008583069	3.95000004768372	3.89999997615815	3.92324995994568	3.88749992847443	3.87499994039536	3.92499995231629	3.91499996185303	3.96749997138977	4.2224999666214					
2024-08-15	2024-08-13	ISPO	Inspirato Inc	One Planet Group LLC	10%	P - Purchase	3.43	1335271	2,550,542	+110%	+$4,579,980	4579979.53	21:39:02	2	3.43	3.42499995231629	3.29500001668931	4.0275000333786	4.6800000667572	4.27500003576279	4.05000007152557	4.46499991416931	4.47749996185303	4.27750009298325	4.03550010919571	3.93499994277954	4.00750005245209	4.17750000953675	4.22500002384186	4.04499995708466	4.04000002145767	4.06000012159347	4.13749992847443	4.09624993801117	4.2075001001358	4.2849999666214	4.32749998569489	4.29999995231629	4.69025003910065	4.69449996948242	4.75	4.65125000476837	4.57250010967255	4.27250003814697	3.97000014781952	3.91699993610382	3.95175004005432	4.03500008583069	3.95000004768372	3.89999997615815	3.92324995994568	3.88749992847443	3.87499994039536	3.92499995231629	3.91499996185303	3.96749997138977	4.2224999666214					
2024-08-15	2024-08-14	APEI	American Public Education Inc	Braner Michael David	See Footnotes, 10%	P - Purchase	14.01	89042	2,004,924	+5%	+$1,247,690	1247478.42	21:12:17	1	14.01	14.5750000476837	14.8499999046326	14.4324998855591	14.1474997997284	14.5899999141693	14.6600000858307	15.3650000095368	15.7350001335144	16.1025002002716	16.0449998378754	16.4375	16.7549996376038	16.1300001144409	15.5950000286102	15.539999961853	15.1299998760223	14.6900000572205	14.5625	14.5550000667572	14.9500000476837	15.5349998474121	15.7300000190735	15.7824997901917	15.3849999904632	15.5150001049042	15.1899998188019	14.9824995994568	14.6325001716614	14.8600001335144	14.8174998760223	14.835000038147	14.7200000286102	14.4574999809265	14.1875002384186	13.8525002002716	13.8075001239777	13.7074999809265	13.7775003910065	13.7774999141693	13.6950001716614	13.8999998569488						
2024-08-15	2024-08-14	TMCI	Treace Medical Concepts, Inc.	Treace John T.	CEO, 10%	P - Purchase	6	85000	11,797,224	+1%	+$510,315	510000	17:30:02	1	6	5.8162499666214	6.33499991893768	6.33499991893768	6.36000013351441	6.37249994277954	6.31874990463257	6.41500008106232	6.34750008583069	6.16999995708466	6.18999993801117	6.32249999046326	6.25	5.89750003814698	5.68549990653992	5.57999992370606	5.33249998092652	5.28125	5.23499989509583	5.14749991893769	5.1837500333786	5.16124987602234	5.06500005722046	5.20250010490418	5.53750002384186	5.65750002861023	5.50625002384186	5.37024986743927	5.30999982357025	5.33749997615814	5.62249994277954	5.87249994277954	5.76749992370606	5.60750007629395	5.41499996185303	5.32999992370606	5.37500011920929	5.25999999046326	5.2224999666214	5.18249988555908	5.10250008106232	5.21500003337861						
2024-08-15	2024-08-13	ACDC	Profrac Holding Corp.	Thrc Holdings, LP	10%	P - Purchase	6.05	470000	76,670,545	+1%	+$2,845,237	2843500	17:25:33	2	6.05	6.19624996185303	6.41250002384186	6.53875005245209	6.62750005722046	6.53750002384186	6.44749987125397	6.21749997138977	6.45500004291535	6.74500000476837	6.74125015735626	6.70000004768372	6.81924998760223	6.79374992847442	6.57125008106232	6.36374998092651	6.26250004768372	6.32249999046326	6.38374996185303	6.54750001430512	6.26750004291535	6.0349999666214	6.20499992370606	6.22124993801117	6.43625009059906	6.48500001430512	6.54575002193451	6.41999995708466	6.52199995517731	6.60999989509582	6.49749994277954	6.38750004768372	6.58749997615814	6.76249992847443	6.98249995708466	7.40750002861023	7.46000003814697	7.56875002384186	7.51999998092651	7.26374995708466	7.1525000333786	7.26125001907349	7.13999998569489					
2024-08-15	2024-08-13	CRK	Comstock Resources Inc	Arkoma Drilling, L.P.	10%	P - Purchase	10.43	2945694	202,877,493	+1%	+$30,709,842	30723588.42	16:31:07	2	10.43	10.4475002288818	10.4174997806549	10.5824999809265	10.8650000095367	10.9375	11.0950000286102	10.8625001907349	11.1625001430512	11.5325000286103	11.2624998092651	10.5924999713898	10.4524998664856	10.6250002384186	10.2549998760223	10.0025000572205	9.74750018119812	9.6399998664856	9.38250017166138	9.44000005722046	9.78000020980836	9.83500003814698	9.97250008583071	9.93999981880188	9.98250007629395	10.0075001716614	10.1800000667572	10.4300000667572	11.1124999523163	11.3025000095367	10.9750001430512	10.875	11.1725001335144	11.1500000953675	11.039999961853	11.2999999523163	11.6199998855591	12.0700001716614	12.0950000286102	11.9874999523163	11.9599997997284	11.7850000858307	11.8950002193451					
2024-08-15	2024-08-14	CEP	Cantor Equity Partners, Inc.	Cantor Ep Holdings, LLC	10%	P - Purchase	10	3e+05	300,000	New	+$3,000,000	3e+06	15:04:36	1	10	10.0050001144409	9.99749994277953	9.99999999999998	10	10.0237500667572	10.0295000076294	10.0200004577637	10.0152497291565	10.0087502002716	10.0100002288818	10.0100002288818	10.0175004005432	10.0200002193451	10.0200004577637	10.0050001144409	10.0025000572204	10.0100002288818	10	10.0037500858307	10	10.0100002288818	10.0050001144409	10.0100002288818	10.0060000419617	10.0100002288819	10.0150003433228	10.0200004577637	10.0500001907349	10.0237500667572	10.0299997329712	10.0299997329712	10.0299997329712	10.0299997329712	10.0299997329712	10.0374999046326	10.0425000190735	10.0500001907349	10.0500001907349	10.0349998474121	10.0299997329712	10.0299997329712						
2024-08-14	2024-08-14	ACTU	Actuate Therapeutics, Inc.	Bios Equity Cof, LP	Dir, 10%	P - Purchase	8	5e+05	9,893,651	+5%	+$4,000,000	4e+06	20:54:46	0	8	9.07224988937378	8.71749997138977	8.69749999046326	8.60249984264374	8.70849990844727	8.3125	8.05749988555908	8.10074996948242	8.0774998664856	8.05500006675721	8.04499995708466	8.10000014305115	8.10249996185303	8.15375018119812	8.15249991416931	8.09474980831146	8.17000007629395	8.16874980926514	8.20749998092652	7.94250011444092	8.01999998092652	8.12249994277954	8.21000003814697	8.06125020980835	8.11999988555908	7.62999999523163	6.93250000476837	6.74000000953674	6.1100001335144	6.22500014305115	6.31000006198883	7.05499994754791	7.15499997138977	7.07749998569489	7.02199995517731	7.06874990463257	7.1800000667572	7.04750001430512	7.03750002384186	7.18249988555908	7.36500000953675						
2024-08-14	2024-08-14	ACTU	Actuate Therapeutics, Inc.	Fletcher Aaron G.L.	Dir, 10%	P - Purchase	8	5e+05	9,893,651	+5%	+$4,000,000	4e+06	20:49:12	0	8	9.07224988937378	8.71749997138977	8.69749999046326	8.60249984264374	8.70849990844727	8.3125	8.05749988555908	8.10074996948242	8.0774998664856	8.05500006675721	8.04499995708466	8.10000014305115	8.10249996185303	8.15375018119812	8.15249991416931	8.09474980831146	8.17000007629395	8.16874980926514	8.20749998092652	7.94250011444092	8.01999998092652	8.12249994277954	8.21000003814697	8.06125020980835	8.11999988555908	7.62999999523163	6.93250000476837	6.74000000953674	6.1100001335144	6.22500014305115	6.31000006198883	7.05499994754791	7.15499997138977	7.07749998569489	7.02199995517731	7.06874990463257	7.1800000667572	7.04750001430512	7.03750002384186	7.18249988555908	7.36500000953675						
2024-08-14	2024-08-14	ACTU	Actuate Therapeutics, Inc.	Kreis Leslie W.	10%	P - Purchase	8	5e+05	9,893,651	+5%	+$4,000,000	4e+06	20:44:04	0	8	9.07224988937378	8.71749997138977	8.69749999046326	8.60249984264374	8.70849990844727	8.3125	8.05749988555908	8.10074996948242	8.0774998664856	8.05500006675721	8.04499995708466	8.10000014305115	8.10249996185303	8.15375018119812	8.15249991416931	8.09474980831146	8.17000007629395	8.16874980926514	8.20749998092652	7.94250011444092	8.01999998092652	8.12249994277954	8.21000003814697	8.06125020980835	8.11999988555908	7.62999999523163	6.93250000476837	6.74000000953674	6.1100001335144	6.22500014305115	6.31000006198883	7.05499994754791	7.15499997138977	7.07749998569489	7.02199995517731	7.06874990463257	7.1800000667572	7.04750001430512	7.03750002384186	7.18249988555908	7.36500000953675						
2024-08-14	2024-08-14	ANTX	An2 Therapeutics, Inc.	Leonard Braden Michael	10%	P - Purchase	1.04	1500000	5,749,432	+35%	+$1,560,000	1560000	20:24:00	0	1.04	1.03749999403953	1.00249998271465	1.01249998807907	1.03749996423721	1.07749998569489	1.09575000405312	1.11250001192093	1.12000000476837	1.15249997377396	1.14250001311302	1.13250002264977	1.13749998807907	1.12250000238419	1.06000000238418	1.0349999666214	1.02999997138977	1.03499999642372	1.04149997234344	1.04249995946884	1.03999996185303	1.03749996423721	1.05124998092651	1.05749997496605	1.06749999523163	1.07000002264976	1.06499999761581	1.05499997735024	1.05424997210503	1.04999995231628	1.05499997735024	1.0662499666214	1.07250002026558	1.05774998664856	1.04249995946884	1.04624998569489	1.05500000715256	1.05249997973442	1.04249995946884	1.04374995827675	1.03999996185303	1.04499998688698						
2024-08-14	2024-08-12	MGTX	Meiragtx Holdings Plc	Perceptive Advisors LLC	Dir, 10%	P - Purchase	4	1250000	12,531,103	+11%	+$5,000,000	5e+06	18:54:38	2	4	4.09999996423722	4.11499989032745	4.48250007629395	4.32499992847443	4.26499998569489	4.26250004768372	4.26249992847442	4.2425000667572	4.18999993801117	4.1599999666214	4.08749997615814	4.08550000190735	4.1912499666214	4.14500010013581	3.99999994039536	3.95250004529953	3.93250000476837	3.91000002622604	3.97250008583069	4.03000003099442	4.12425005435944	4.05000001192093	4.25999987125397	4.24500000476837	4.24875009059906	4.29999995231628	4.3950001001358	4.25174987316132	4.14249992370605	4.06000006198883	4.02500003576279	4.12749993801117	4.28250014781952	4.24249994754792	4.18499994277954	4.16499996185303	4.15499997138977	4.13499999046326	4.1287499666214	4.14249992370605	4.14350008964538	4.04675006866455	4.15000009536743				
2024-08-14	2024-08-12	APPN	Appian Corp	Abdiel Capital Advisors, LP	10%	P - Purchase	29.39	437187	17,627,039	+3%	+$12,848,802	12848925.93	17:15:56	2	29.39	29.1449999809265	30.1725001335144	30.8724999427796	30.772500038147	31.2645001411438	31.2699999809265	31.2287497520447	31.1450004577637	31.4550004005432	31.6600008010864	31.5650000572205	31.3900003433228	32.0475001335144	32.6550006866455	31.9324998855591	31.3800001144409	31.2600002288818	30.8324999809265	30.2204999923706	31.2125000953675	31.2362499237061	31.6087498664856	32.625	33.2025003433228	33.4349994659424	33.3755006790161	33.8924999237061	33.5675001144409	33.1374998092651	32.8849992752075	33.3275003433228	34.8784999847412	35.2799997329712	34.4375	33.545000076294	33.3834991455078	33.795000076294	34.1312503814697	33.1152515411377	32.6749992370606	32.4525003433228	32.0149998664856	31.4949994087219				
2024-08-14	2024-08-12	RXO	Rxo, Inc.	Mfn Partners, LP	10%	P - Purchase	20.21	10266810	27,577,666	+59%	+$207,492,230	207492230.1	16:16:23	2	20.21	27.6350002288819	27.3625001907349	28.4549999237061	28.8262505531311	29.2099995613098	28.7975001335144	28.8125004768372	28.7425003051758	29.1399993896485	29.7474999427795	29.0499997138977	28.7899999618531	28.5350003242493	28.5087499618531	28.199999332428	28.2887501716614	27.7837500572205	26.9312496185303	26.8499999046326	26.335000038147	25.4157500267029	25.4324998855591	25.6774997711182	25.6299996376038	25.9175000190735	25.9900002479553	26.8062505722046	26.4850001335144	26.4100003242493	26.8749995231629	27.5849995613098	27.6149997711182	27.664999961853	27.7937502861023	27.4124994277954	27.0649995803833	27.0302500724793	27.3499999046326	27.1062502861023	27.4837503433228	27.8125	27.8024997711182	29.0075001716614				
2024-08-14	2024-08-08	APEI	American Public Education Inc	Braner Michael David	See Footnotes, 10%	P - Purchase	13.46	613105	1,915,882	+47%	+$8,252,043	8252393.3	16:10:21	6	13.46	13.5325000286103	13.3324999809265	13.6749999523163	13.9175000190735	14.5750000476837	14.8499999046326	14.4324998855591	14.1474997997284	14.5899999141693	14.6600000858307	15.3650000095368	15.7350001335144	16.1025002002716	16.0449998378754	16.4375	16.7549996376038	16.1300001144409	15.5950000286102	15.539999961853	15.1299998760223	14.6900000572205	14.5625	14.5550000667572	14.9500000476837	15.5349998474121	15.7300000190735	15.7824997901917	15.3849999904632	15.5150001049042	15.1899998188019	14.9824995994568	14.6325001716614	14.8600001335144	14.8174998760223	14.835000038147	14.7200000286102	14.4574999809265	14.1875002384186	13.8525002002716	13.8075001239777	13.7074999809265	13.7775003910065	13.7774999141693	13.6950001716614	13.8999998569488		
2024-08-13	2024-08-09	LAB	Standard Biotools Inc.	Casdin Partners Master Fund, L.P.	Dir, 10%	P - Purchase	1.62	1575408	70,586,109	+2%	+$2,559,641	2552160.96	20:15:32	4	1.62	1.64499998092652	1.63250002264977	1.61249998211861	1.71749997138977	1.78249999880791	1.83999997377396	1.87749999761582	1.88000002503395	1.96500000357628	2.05750006437302	2.14250004291535	2.20000004768372	2.11500000953674	2.07749992609024	2.11750000715256	2.03999996185303	1.94499999284744	1.94750002026558	1.94249999523163	1.96249997615814	1.96999999880791	1.96999999880791	2.00999999046326	2.08249998092652	2.05999994277954	2.04249995946884	2.0125000178814	2.10999995470047	2.03999996185303	1.93250000476837	1.92750000953675	1.9025000333786	1.87749999761582	1.92499998211861	1.91249999403954	1.87999999523163	1.84749999642372	1.82249999046326	1.85250002145767	1.83250001072884	1.81499996781349	1.77249997854233	1.74500000476837	1.83249998092651			
2024-08-13	2024-08-09	PGEN	Precigen, Inc.	Kirk Randal J	Dir, 10%	P - Purchase	0.85	23529411	116,104,879	+25%	+$19,999,999	19999999.35	16:15:11	4	0.85	1.08500000834465	1.07750001549721	1.1700000166893	1.11000004410744	1.08750003576279	1.12749999761582	1.14749997854233	1.16250002384186	1.16250002384186	1.14750000834465	1.16499999165535	1.13999998569489	1.13499999046326	1.13749998807907	1.1075000166893	1.07499998807907	1.0099999755621	0.979999989271164	0.95499999821186	0.972499996423722	0.977500006556511	0.972500011324882	0.990000009536744	1.02999997138977	1.02249997854233	1	1.03249999880791	1.0750000178814	1.02249997854233	0.972499996423721	0.965000003576279	0.935000002384186	0.925000011920929	0.9375	0.947499990463257	0.952500000596046	0.957500010728836	0.932500004768372	0.91499999165535	0.875	0.852500006556511	0.862499997019767	0.837499991059304	0.867499992251396			
2024-08-13	2024-08-09	CLOV	Clover Health Investments, Corp. /de	Garipalli Vivek	Dir, 10%	P - Purchase	1.88	531700	1,409,267	+61%	+$999,596	999596	16:06:53	4	1.88	1.86250001192093	1.94249999523163	2.31999999284745	2.57624995708466	2.75000005960465	3.13250005245209	3.13749998807907	3.28249996900558	3.5487499833107	3.42500001192093	3.23750001192093	3.2600000500679	3.15499997138977	2.97224992513657	2.70249998569489	2.54624998569489	2.81000000238419	2.76750004291535	2.5762500166893	2.55750000476837	2.53249996900558	2.58625000715256	2.73000001907349	2.89375001192093	3.03250002861023	3.0974999666214	3.07249999046326	3.06374996900559	2.98000001907349	2.90000003576279	2.92750000953674	2.94000005722046	2.88874995708466	2.84500002861023	2.80449998378754	2.8125	3.18874996900559	3.75500005483628	4.10049998760224	3.86250007152557	3.7224999666214	3.89750003814698	3.90750002861023	4.1010000705719			
2024-08-13	2024-08-12	MAV	Pioneer Municipal High Income Advantage Fund, Inc.	Saba Capital Management, L.P.	10%	P - Purchase	8.66	57917	3,161,537	+2%	+$501,561	501561.22	11:33:02	1	8.66	8.70002484321594	8.71162486076355	8.62750005722046	8.70124983787537	8.69249987602234	8.6875	8.6875	8.67125010490418	8.68249988555908	8.65250015258789	8.63749980926514	8.66392493247986	8.71250009536743	8.76749992370606	8.76250004768372	8.7962498664856	8.82224988937378	8.83500003814697	8.86742520332336	8.86999988555908	8.84500002861023	8.86249971389771	8.94314980506897	8.97874975204468	9.0149998664856	9.01999998092652	9.05945038795471	8.99557518959045	8.96000003814697	8.90249991416931	8.91000008583069	8.87500000000001	8.86997485160828	8.87977504730225	8.86749982833863	8.84437489509583	8.83625030517578	8.80875015258789	8.79125022888184	8.77000021934509	8.74499988555908	8.77835011482239	8.78500008583069				
2024-08-12	2024-08-08	CRK	Comstock Resources Inc	Arkoma Drilling, L.P.	10%	P - Purchase	9.79	2633634	199,931,799	+1%	+$25,788,770	25783276.86	18:20:49	4	9.79	9.72250008583069	9.98249983787538	10.1650002002716	10.4475002288818	10.4174997806549	10.5824999809265	10.8650000095367	10.9375	11.0950000286102	10.8625001907349	11.1625001430512	11.5325000286103	11.2624998092651	10.5924999713898	10.4524998664856	10.6250002384186	10.2549998760223	10.0025000572205	9.74750018119812	9.6399998664856	9.38250017166138	9.44000005722046	9.78000020980836	9.83500003814698	9.97250008583071	9.93999981880188	9.98250007629395	10.0075001716614	10.1800000667572	10.4300000667572	11.1124999523163	11.3025000095367	10.9750001430512	10.875	11.1725001335144	11.1500000953675	11.039999961853	11.2999999523163	11.6199998855591	12.0700001716614	12.0950000286102	11.9874999523163	11.9599997997284	11.7850000858307			
2024-08-09	2024-08-07	LAB	Standard Biotools Inc.	Casdin Partners Master Fund, L.P.	Dir, 10%	P - Purchase	1.61	1069562	69,010,701	+2%	+$1,718,801	1721994.82	21:34:17	2	1.61	1.62499997019768	1.65000000596046	1.64499998092652	1.63250002264977	1.61249998211861	1.71749997138977	1.78249999880791	1.83999997377396	1.87749999761582	1.88000002503395	1.96500000357628	2.05750006437302	2.14250004291535	2.20000004768372	2.11500000953674	2.07749992609024	2.11750000715256	2.03999996185303	1.94499999284744	1.94750002026558	1.94249999523163	1.96249997615814	1.96999999880791	1.96999999880791	2.00999999046326	2.08249998092652	2.05999994277954	2.04249995946884	2.0125000178814	2.10999995470047	2.03999996185303	1.93250000476837	1.92750000953675	1.9025000333786	1.87749999761582	1.92499998211861	1.91249999403954	1.87999999523163	1.84749999642372	1.82249999046326	1.85250002145767	1.83250001072884					
2024-08-09	2024-08-07	APPN	Appian Corp	Abdiel Capital Advisors, LP	10%	P - Purchase	27.58	275000	16,758,887	+2%	+$7,585,626	7584500	19:42:12	2	27.58	27.8874998092651	28.2674999237061	28.2449998855591	29.1449999809265	30.1725001335144	30.8724999427796	30.772500038147	31.2645001411438	31.2699999809265	31.2287497520447	31.1450004577637	31.4550004005432	31.6600008010864	31.5650000572205	31.3900003433228	32.0475001335144	32.6550006866455	31.9324998855591	31.3800001144409	31.2600002288818	30.8324999809265	30.2204999923706	31.2125000953675	31.2362499237061	31.6087498664856	32.625	33.2025003433228	33.4349994659424	33.3755006790161	33.8924999237061	33.5675001144409	33.1374998092651	32.8849992752075	33.3275003433228	34.8784999847412	35.2799997329712	34.4375	33.545000076294	33.3834991455078	33.795000076294	34.1312503814697	33.1152515411377					
2024-08-09	2024-08-07	TBPH	Theravance Biopharma, Inc.	Samaha Eli	10%	P - Purchase	7.8	999800	9,511,150	+12%	+$7,798,440	7798440	18:02:35	2	7.8	7.78249990940094	7.6525000333786	8.08749997615814	8.26749992370606	8.24000024795532	8.28749990463257	8.20000004768372	8.26749992370606	8.28749990463257	8.09999978542328	8.00750017166138	8.13750004768372	8.12500023841858	8.24000000953674	8.26999998092652	8.21749973297119	8.20374989509583	8.10000002384186	8.02250003814697	8.12250018119812	8.10000014305115	8.04249978065491	8.08500003814697	8.07000005245209	8.11499977111816	8.14750003814697	8.15374994277954	8.22499990463257	8.29750013351441	8.29500007629395	8.10749983787537	8.00499987602234	7.99500000476837	7.99000012874603	8.01750004291534	8.10500001907349	8.07500004768371	8.14750003814697	8.21124982833862	8.18000006675721	8.13000011444092	8.08000016212463					
2024-08-09	2024-08-08	ACHR	Archer Aviation Inc.	Stellantis N.V.	10%	P - Purchase	3.35	2982089	59,734,962	+5%	+$9,989,998	9989998.15	12:38:55	1	3.35	3.6075000166893	3.625	3.55749994516373	3.56000000238419	3.6599999666214	3.78249996900559	3.7950000166893	3.71499991416931	3.73874998092652	3.75749999284744	3.7674999833107	3.88625001907349	3.84500002861023	3.6599999666214	3.59499996900559	3.49249994754791	3.41500002145767	3.3999999165535	3.31374996900559	3.15249997377396	3.21374994516373	3.2674999833107	3.28474998474121	3.27999997138977	3.33749997615814	3.1949999332428	3.15500003099442	3.10374993085861	3.1075000166893	3.0699999332428	3.05749994516373	3.0524999499321	2.9825000166893	2.92525005340576	3.05500000715256	3.05124998092652	3.01249998807907	3.11875003576279	3.06875002384186	2.97499996423722	3.07500004768372						
2024-08-08	2024-08-07	BIGZ	Blackrock Innovation & Growth Term Trust	Saba Capital Management, L.P.	10%	P - Purchase	6.95	83903	54,393,065	0%	+$583,126	583125.85	11:42:36	1	6.95	7.00999999046326	7.10500001907349	7.16250002384186	7.23112511634827	7.25249993801117	7.25624990463257	7.22249984741211	7.20499992370606	7.23749995231629	7.26499998569489	7.28000020980835	7.32074999809265	7.33750009536743	7.38250005245209	7.37000000476837	7.38749992847443	7.49374997615814	7.43250012397766	7.34250009059906	7.3125	7.2425000667572	7.28862500190735	7.3237498998642	7.26874995231628	7.34750008583069	7.37999999523163	7.31000006198883	7.39374995231629	7.42752492427826	7.54177498817444	7.5275000333786	7.51942491531372	7.56250011920929	7.54002487659454	7.56375002861023	7.61249995231628	7.59625005722046	7.59500002861023	7.58999991416931	7.55250012874603	7.60000002384186						
2024-08-07	2024-08-06	NINE	Nine Energy Service, Inc.	Monroe William	10%	P - Purchase	1.58	470362	3,900,000	+14%	+$744,019	743171.96	18:27:36	1	1.58	1.55000001192093	1.48100000619889	1.39750000834465	1.37250003218651	1.32500001788139	1.34250000119209	1.33499997854233	1.27250000834465	1.26000002026558	1.22975000739098	1.24000000953674	1.21749997138977	1.25124999880791	1.28749999403954	1.25200000405312	1.2325000166893	1.23000001907349	1.22249999642372	1.17250001430512	1.14999997615815	1.16824996471405	1.14500001072884	1.11000001430512	1.07499998807907	1.08000001311302	1.08500000834465	1.09525001049042	1.09750002622604	1.15250000357628	1.21774998307228	1.26499998569489	1.22500002384186	1.20250001549721	1.20500004291535	1.15875002741814	1.12225002050399	1.16650003194809	1.15000000596047	1.24999997019768	1.25	1.23249995708465	1.26250001788139					
2024-08-07	2024-08-05	CRK	Comstock Resources Inc	Blue Star Exploration Corp	10%	P - Purchase	8.49	2476736	197,298,165	+1%	+$21,031,736	21027488.64	17:30:14	2	8.49	8.34499979019165	8.74000000953674	9.28749990463256	9.72250008583069	9.98249983787538	10.1650002002716	10.4475002288818	10.4174997806549	10.5824999809265	10.8650000095367	10.9375	11.0950000286102	10.8625001907349	11.1625001430512	11.5325000286103	11.2624998092651	10.5924999713898	10.4524998664856	10.6250002384186	10.2549998760223	10.0025000572205	9.74750018119812	9.6399998664856	9.38250017166138	9.44000005722046	9.78000020980836	9.83500003814698	9.97250008583071	9.93999981880188	9.98250007629395	10.0075001716614	10.1800000667572	10.4300000667572	11.1124999523163	11.3025000095367	10.9750001430512	10.875	11.1725001335144	11.1500000953675	11.039999961853	11.2999999523163	11.6199998855591	12.0700001716614				
2024-08-06	2024-08-02	LAB	Standard Biotools Inc.	Casdin Partners Master Fund, L.P.	Dir, 10%	P - Purchase	1.62	1200000	67,941,109	+2%	+$1,948,680	1944000	21:58:04	4	1.62	1.52000001072884	1.56000000238419	1.62500002980232	1.62499997019768	1.65000000596046	1.64499998092652	1.63250002264977	1.61249998211861	1.71749997138977	1.78249999880791	1.83999997377396	1.87749999761582	1.88000002503395	1.96500000357628	2.05750006437302	2.14250004291535	2.20000004768372	2.11500000953674	2.07749992609024	2.11750000715256	2.03999996185303	1.94499999284744	1.94750002026558	1.94249999523163	1.96249997615814	1.96999999880791	1.96999999880791	2.00999999046326	2.08249998092652	2.05999994277954	2.04249995946884	2.0125000178814	2.10999995470047	2.03999996185303	1.93250000476837	1.92750000953675	1.9025000333786	1.87749999761582	1.92499998211861	1.91249999403954	1.87999999523163	1.84749999642372	1.82249999046326	1.85250002145767			
2024-08-06	2024-08-02	AAM	Aa Mission Acquisition Corp.	Aa Mission Acquisition Sponsor Holdco LLC	10%	P - Purchase	10	759000	9,384,000	+9%	+$7,590,000	7590000	16:02:55	4	10	9.98249959945679	9.98600006103516	9.98499965667725	9.98999977111816	9.99249982833862	10.0037500858307	10.0012500286102	10.0075001716614	10.0199999809265	10.0175004005432	10.0150003433228	10.0175001621246	10.016250371933	10.0175004005433																																	
2024-08-06	2024-08-02	AAM	Aa Mission Acquisition Corp.	Sun Qing Bill	CEO, 10%	P - Purchase	10	759000	9,384,000	+9%	+$7,590,000	7590000	16:02:24	4	10	9.98249959945679	9.98600006103516	9.98499965667725	9.98999977111816	9.99249982833862	10.0037500858307	10.0012500286102	10.0075001716614	10.0199999809265	10.0175004005432	10.0150003433228	10.0175001621246	10.016250371933	10.0175004005433																																	
2024-08-02	2024-07-31	TTSH	Tile Shop Holdings, Inc.	Fund 1 Investments, LLC	10%	P - Purchase	7.09	71000	8,508,830	+1%	+$503,229	503390	16:37:22	2	7.09	7.08999991416931	6.61499989032745	6.18000006675721	6.12250006198883	6.08249986171723	6.01499998569489	6.05750000476837	5.99000000953675	5.98000001907349	5.9099999666214	6.09249997138977	6.14249992370606	6.1525000333786	6.04999995231629	5.96250009536743	5.85750007629395	5.97749996185303	6.11500000953674	5.97250008583069	6.00499999523163	6.08000004291534	6.18250012397766	6.16750001907349	5.92000007629395	5.85999989509582	5.92750000953674	5.92749989032745	6.02499997615815	6.12500011920929	6.23500001430512	6.32499992847443	6.37250006198883	6.51499998569489	6.60000002384186	6.73750007152558	6.61999988555908	6.67499995231628	6.62000000476837	6.55750000476837	6.51750004291535	6.59500002861023	6.56000006198883					
2024-08-01	2024-07-31	VCNX	Vaccinex, Inc.	Friedberg Albert	Dir, 10%	P - Purchase	6.15	2e+05	781,413	+34%	+$1,230,280	1230000	16:05:16	1	6.15	4.97750008106232	5.17750000953675	4.73749995231628	4.9099999666214	4.8400000333786	4.54999995231629	4.49249994754791	4.625	4.73000001907349	4.96000003814697	5.15500009059906	4.8400000333786	5.04999995231629	5.17999994754791	5.25249993801117	5.19000017642975	5.2775000333786	5.32999980449677	5.26000010967255	5.21749997138977	5.39499998092652	5.69000005722046	5.66499984264374	5.29750001430511	5.31250011920929	5.51249992847443	5.55500018596649	5.46750009059906	5.71750009059906	5.6800000667572	5.625	5.62000000476837	5.85000002384186	5.29750001430512	4.87750005722046	4.63000011444092	4.70500004291535	4.38749992847443	3.85500007867813	3.33999997377396	3.42999994754791						
2024-07-31	2024-07-29	APPN	Appian Corp	Abdiel Capital Advisors, LP	10%	P - Purchase	37.17	450000	16,061,694	+3%	+$16,724,782	16726500	19:59:42	2	37.17	36.6125001907349	36.6974992752075	32.6112494468689	28.9037499427796	28.1974997520447	28.2624998092651	27.6487503051758	27.8874998092651	28.2674999237061	28.2449998855591	29.1449999809265	30.1725001335144	30.8724999427796	30.772500038147	31.2645001411438	31.2699999809265	31.2287497520447	31.1450004577637	31.4550004005432	31.6600008010864	31.5650000572205	31.3900003433228	32.0475001335144	32.6550006866455	31.9324998855591	31.3800001144409	31.2600002288818	30.8324999809265	30.2204999923706	31.2125000953675	31.2362499237061	31.6087498664856	32.625	33.2025003433228	33.4349994659424	33.3755006790161	33.8924999237061	33.5675001144409	33.1374998092651	32.8849992752075	33.3275003433228	34.8784999847412	35.2799997329712				
2024-07-31	2024-07-30	ADVM	Adverum Biotechnologies, Inc.	Leonard Braden Michael	10%	P - Purchase	7.15	85800	2,372,864	+4%	+$613,470	613470	16:19:29	1	7.15	7.42250001430512	7.64250004291535	7.34500002861023	6.73999989032745	6.7024998664856	6.8050000667572	6.91250002384186	6.76750004291535	6.52749991416931	6.72000014781952	6.64999985694885	6.57125020027161	6.67750000953674	7.03250002861023	7.11499989032746	7.05500006675721	7.07000005245209	7.18750011920929	7.39499986171723	7.30499982833863	6.99500012397766	6.94500005245209	6.87999987602234	6.88250005245209	6.78125	6.83749997615814	6.73500001430512	6.8950001001358	7.0699999332428	7.0625	7.0625	7.1930000782013	7.28699994087219	7.35125017166138	7.17099988460541	7.34999990463257	7.49475002288818	7.1800000667572	6.95624995231628	6.78500008583069	6.63999998569488	6.85249996185303					
2024-07-31	2024-07-29	NEXT	Nextdecade Corp.	Hgc Next Inv LLC	10%	P - Purchase	7.5	11690909	40,947,211	+40%	+$87,681,818	87681817.5	16:17:03	2	7.5	7.90625	8.13499999046326	8.25125002861023	8.18474984169006	7.79500019550324	7.1674998998642	5.65000009536743	5.16875004768372	5.10749995708466	4.96000003814697	5.02049994468689	4.95875000953675	4.71749997138977	4.70500004291534	4.73124992847442	4.7224999666214	4.81375002861023	4.87749993801117	4.83624994754791	4.98374998569489	4.91000008583069	4.66125011444092	4.61950004100799	4.64749991893768	4.5074999332428	4.39625000953674	4.5862500667572	4.74125003814697	4.76599991321564	4.57249999046326	4.52499997615814	4.6525000333786	4.7775000333786	4.9612500667572	5.04624998569489	4.89250004291534	4.9099999666214	4.83249998092652	4.82000005245209	4.92500007152558	4.91500008106232	4.88750004768372	4.79374992847443				
2024-07-30	2024-07-30	MXL	Maxlinear, Inc	Seendripu Kishore	COB, Pres, CEO, 10%	P - Purchase	12.94	108303	4,954,999	+2%	+$1,401,592	1401440.82	19:55:22	0	12.94	13.8550000190735	13.7874999046326	12.6950001716614	11.6324999332428	11.5775003433228	11.5150001049042	11.5499999523163	11.6500000953674	11.5824999809265	11.8175001144409	11.6300001144409	12.0475001335144	12.5074999332428	12.5750000476837	12.6699998378754	12.664999961853	12.5525000095367	12.5675001144409	12.4575002193451	11.9050002098084	11.8074998855591	12.9474999904633	14.585000038147	14.2599999904633	14.045000076294	14.1100001335144	13.5750000476837	13.2650001049042	13.3725001811981	13.7550001144409	14.1924998760223	14.3974997997284	14.4025001525879	14.4874999523163	14.2925002574921	14.5700001716614	14.0650000572205	14.07000041008	14.6874997615814	14.8599998950958	15.3625001907349	15.3250000476837					
2024-07-29	2024-07-25	GRX	Gabelli Healthcare & Wellnessrx Trust	Saba Capital Management, L.P.	10%	P - Purchase	10.24	67105	1,735,475	+4%	+$686,873	687155.2	14:01:22	4	10.24	10.2699999809265	10.3550000190735	10.4075000286102	10.5025000572205	10.542500257492	10.4450001716614	10.1475002765655	10.1824998855591	10.1849999427795	10.309999704361	10.4500000476837	10.474999666214	10.5274996757507	10.5625002384186	10.6575000286102	10.6474997997284	10.7524998188019	10.8100001811981	10.7899999618531	10.7475001811982	10.7975001335144	10.8699998855591	10.9175000190735	11.022500038147	11.0975000858307	11.125	11.0074999332428	10.9525001049042	11.1225001811981	11.0900001525879	11.0899999141693	11.0424997806549	11.047500371933	11.0900001525879	11.0824999809265	11.0574998855591	11.1174998283387	11.1299998760224	11.1524999141693	11.102499961853	11.1499998569488	11.1449999809265	11.1349997520446	11.0625			
2024-07-29	2024-07-25	BIGZ	Blackrock Innovation & Growth Term Trust	Saba Capital Management, L.P.	10%	P - Purchase	7.22	248599	54,214,208	0%	+$1,794,983	1794884.78	13:52:16	4	7.22	7.26125001907349	7.27499997615814	7.25375008583069	7.33500003814697	7.30249989032745	7.0387499332428	6.76125001907349	6.86150014400482	6.94000005722046	7.00999999046326	7.10500001907349	7.16250002384186	7.23112511634827	7.25249993801117	7.25624990463257	7.22249984741211	7.20499992370606	7.23749995231629	7.26499998569489	7.28000020980835	7.32074999809265	7.33750009536743	7.38250005245209	7.37000000476837	7.38749992847443	7.49374997615814	7.43250012397766	7.34250009059906	7.3125	7.2425000667572	7.28862500190735	7.3237498998642	7.26874995231628	7.34750008583069	7.37999999523163	7.31000006198883	7.39374995231629	7.42752492427826	7.54177498817444	7.5275000333786	7.51942491531372	7.56250011920929	7.54002487659454	7.56375002861023			
2024-07-26	2024-07-24	APPN	Appian Corp	Abdiel Capital Advisors, LP	10%	P - Purchase	36.02	120200	15,310,474	+1%	+$4,329,925	4329604	18:34:57	2	36.02	36.7825002670288	37.732500076294	37.9812507629395	36.6125001907349	36.6974992752075	32.6112494468689	28.9037499427796	28.1974997520447	28.2624998092651	27.6487503051758	27.8874998092651	28.2674999237061	28.2449998855591	29.1449999809265	30.1725001335144	30.8724999427796	30.772500038147	31.2645001411438	31.2699999809265	31.2287497520447	31.1450004577637	31.4550004005432	31.6600008010864	31.5650000572205	31.3900003433228	32.0475001335144	32.6550006866455	31.9324998855591	31.3800001144409	31.2600002288818	30.8324999809265	30.2204999923706	31.2125000953675	31.2362499237061	31.6087498664856	32.625	33.2025003433228	33.4349994659424	33.3755006790161	33.8924999237061	33.5675001144409	33.1374998092651					
2024-07-26	2024-07-19	PDCC	Pearl Diver Credit Co Inc.	University of Wisconsin Foundation	10%	P - Purchase	19.99	1459221	5,725,964	+34%	+$29,173,861	29169827.79	15:14:37	7	19.99	20.130000114441	20.6049995422363	19.9324998855591	19.795000076294	19.9449996948242	20.0600004196167	20.0249996185303	20.2957496643066	20.2900009155273	20.0100002288818	19.8049993515015	19.6845002174378	19.8247494697571	19.7999992370605	19.8000001907349	19.6350002288819	19.4024996757507	19.2250003814697	19.295000076294	19.1499996185303	19.25	20.0147495269775	20.3500003814697	20.2950000762939	20.3499994277954	20.0050001144409	19.5374999046326	19.4000000953674	19.428750038147	19.2524995803833	19.0762495994568	18.949999332428	19.1999998092652	19.2250003814697	19.1499996185303	19.2650003433228	19.7175002098084	19.835000038147	19.7487502098084	19.5150003433228	20.0395002365112	19.9875001907349	20.2049999237061	20.574999332428	20.0999994277954		
2024-07-25	2024-07-24	MAV	Pioneer Municipal High Income Advantage Fund, Inc.	Saba Capital Management, L.P.	10%	P - Purchase	8.36	84069	2,990,058	+3%	+$702,616	702816.84	17:57:48	1	8.36	8.37250018119812	8.40749979019165	8.41750001907349	8.45439982414245	8.54500007629395	8.57500004768372	8.65510010719299	8.5550000667572	8.54299998283386	8.60749983787537	8.61999988555908	8.62849974632263	8.63499999046326	8.70002484321594	8.71162486076355	8.62750005722046	8.70124983787537	8.69249987602234	8.6875	8.6875	8.67125010490418	8.68249988555908	8.65250015258789	8.63749980926514	8.66392493247986	8.71250009536743	8.76749992370606	8.76250004768372	8.7962498664856	8.82224988937378	8.83500003814697	8.86742520332336	8.86999988555908	8.84500002861023	8.86249971389771	8.94314980506897	8.97874975204468	9.0149998664856	9.01999998092652	9.05945038795471	8.99557518959045						
2024-07-25	2024-07-23	BIGZ	Blackrock Innovation & Growth Term Trust	Saba Capital Management, L.P.	10%	P - Purchase	7.33	158864	53,965,609	0%	+$1,164,360	1164473.12	17:48:14	2	7.33	7.28125	7.23000001907349	7.26125001907349	7.27499997615814	7.25375008583069	7.33500003814697	7.30249989032745	7.0387499332428	6.76125001907349	6.86150014400482	6.94000005722046	7.00999999046326	7.10500001907349	7.16250002384186	7.23112511634827	7.25249993801117	7.25624990463257	7.22249984741211	7.20499992370606	7.23749995231629	7.26499998569489	7.28000020980835	7.32074999809265	7.33750009536743	7.38250005245209	7.37000000476837	7.38749992847443	7.49374997615814	7.43250012397766	7.34250009059906	7.3125	7.2425000667572	7.28862500190735	7.3237498998642	7.26874995231628	7.34750008583069	7.37999999523163	7.31000006198883	7.39374995231629	7.42752492427826	7.54177498817444	7.5275000333786					
2024-07-24	2024-07-22	ARTV	Artiva Biotherapeutics, Inc.	5Am Partners Vi, LLC	10%	P - Purchase	12	833333	2,353,304	+55%	+$9,999,996	9999996	16:15:09	2	12	12.5150001049042	12.1725001335144	11.8489999771118	11.8600001335144	11.7550001144409	11.6625001430511	11.6975002288819	11.6750001907349	11.5374999046326	11.1575002670288	11.1524999141693	11.164999961853	11.0712499618531	11.1062500476837	11.0800001621247	11.1475000381469	11.232500076294	11.2624998092651	11.4224998950958	11.0162501335144	10.3364999294281	10.1800000667572	10.0600001811981	9.95050001144409	10.4725003242493	10.6879999637604	10.7400000095368	11.2250001430511	10.9974999427795	11.2125000953674	11.2802500724793	11.6849999427795	11.8725001811982	11.9672498703003	11.977499961853	11.7637500762939	11.2974998950959	10.4500000476837	10.0625	10.5125000476837	11.5874998569489	11.7774999141693	11.9725000858307				
2024-07-24	2024-07-19	AREC	American Resources Corp	Golden Properties Ltd.	10%	P - Purchase	0.67	8e+05	14,389,960	+6%	+$536,000	536000	15:35:25	5	0.67	0.648500010371208	0.636250004172325	0.64724999666214	0.64800001680851	0.635750010609627	0.624250009655953	0.627749994397163	0.634749993681908	0.637999996542931	0.601750001311302	0.573249995708466	0.545749992132187	0.54399998486042	0.513999998569489	0.501249983906746	0.469499997794628	0.462499991059303	0.517499998211861	0.564250007271767	0.596750006079674	0.597499996423721	0.537750005722046	0.54449999332428	0.529500007629395	0.544999986886978	0.54399998486042	0.546250015497208	0.532499998807907	0.521000012755394	0.509499996900559	0.50025000423193	0.490000002086163	0.487499997019768	0.472999997437	0.456500001251698	0.436000004410744	0.451750002801419	0.478500001132488	0.493499994277954	0.490249998867512	0.501749992370606	0.592499986290932	0.612250000238419	0.610499992966652			
2024-07-23	2024-07-19	APPN	Appian Corp	Abdiel Capital Advisors, LP	10%	P - Purchase	35.31	190000	15,069,810	+1%	+$6,708,950	6708900	19:20:31	4	35.31	35.0349998474121	35.3647499084473	35.6825008392334	36.7825002670288	37.732500076294	37.9812507629395	36.6125001907349	36.6974992752075	32.6112494468689	28.9037499427796	28.1974997520447	28.2624998092651	27.6487503051758	27.8874998092651	28.2674999237061	28.2449998855591	29.1449999809265	30.1725001335144	30.8724999427796	30.772500038147	31.2645001411438	31.2699999809265	31.2287497520447	31.1450004577637	31.4550004005432	31.6600008010864	31.5650000572205	31.3900003433228	32.0475001335144	32.6550006866455	31.9324998855591	31.3800001144409	31.2600002288818	30.8324999809265	30.2204999923706	31.2125000953675	31.2362499237061	31.6087498664856	32.625	33.2025003433228	33.4349994659424	33.3755006790161	33.8924999237061	33.5675001144409			
2024-07-23	2024-07-19	PDCC	Pearl Diver Credit Co Inc.	University of Wisconsin Foundation	10%	P - Purchase	19.99	1459921	5,726,664	+34%	+$29,187,840	29183820.79	10:47:15	4	19.99	20.130000114441	20.6049995422363	19.9324998855591	19.795000076294	19.9449996948242	20.0600004196167	20.0249996185303	20.2957496643066	20.2900009155273	20.0100002288818	19.8049993515015	19.6845002174378	19.8247494697571	19.7999992370605	19.8000001907349	19.6350002288819	19.4024996757507	19.2250003814697	19.295000076294	19.1499996185303	19.25	20.0147495269775	20.3500003814697	20.2950000762939	20.3499994277954	20.0050001144409	19.5374999046326	19.4000000953674	19.428750038147	19.2524995803833	19.0762495994568	18.949999332428	19.1999998092652	19.2250003814697	19.1499996185303	19.2650003433228	19.7175002098084	19.835000038147	19.7487502098084	19.5150003433228	20.0395002365112	19.9875001907349	20.2049999237061	20.574999332428			
2024-07-22	2024-07-22	ARTV	Artiva Biotherapeutics, Inc.	Venbio Global Strategic Fund Iii, L.P.	10%	P - Purchase	12	416666	1,936,637	+27%	+$4,999,992	4999992	20:26:49	0	12	12.5150001049042	12.1725001335144	11.8489999771118	11.8600001335144	11.7550001144409	11.6625001430511	11.6975002288819	11.6750001907349	11.5374999046326	11.1575002670288	11.1524999141693	11.164999961853	11.0712499618531	11.1062500476837	11.0800001621247	11.1475000381469	11.232500076294	11.2624998092651	11.4224998950958	11.0162501335144	10.3364999294281	10.1800000667572	10.0600001811981	9.95050001144409	10.4725003242493	10.6879999637604	10.7400000095368	11.2250001430511	10.9974999427795	11.2125000953674	11.2802500724793	11.6849999427795	11.8725001811982	11.9672498703003	11.977499961853	11.7637500762939	11.2974998950959	10.4500000476837	10.0625	10.5125000476837	11.5874998569489	11.7774999141693					
2024-07-22	2024-07-22	ARTV	Artiva Biotherapeutics, Inc.	Gc Corp.	10%	P - Purchase	12	2083332	4,567,412	+84%	+$24,999,984	24999984	20:25:40	0	12	12.5150001049042	12.1725001335144	11.8489999771118	11.8600001335144	11.7550001144409	11.6625001430511	11.6975002288819	11.6750001907349	11.5374999046326	11.1575002670288	11.1524999141693	11.164999961853	11.0712499618531	11.1062500476837	11.0800001621247	11.1475000381469	11.232500076294	11.2624998092651	11.4224998950958	11.0162501335144	10.3364999294281	10.1800000667572	10.0600001811981	9.95050001144409	10.4725003242493	10.6879999637604	10.7400000095368	11.2250001430511	10.9974999427795	11.2125000953674	11.2802500724793	11.6849999427795	11.8725001811982	11.9672498703003	11.977499961853	11.7637500762939	11.2974998950959	10.4500000476837	10.0625	10.5125000476837	11.5874998569489	11.7774999141693					
2024-07-22	2024-07-18	BIGZ	Blackrock Innovation & Growth Term Trust	Saba Capital Management, L.P.	10%	P - Purchase	7.29	101851	53,786,491	0%	+$742,858	742493.79	10:33:34	4	7.29	7.30124998092652	7.35500001907349	7.38874983787537	7.28125	7.23000001907349	7.26125001907349	7.27499997615814	7.25375008583069	7.33500003814697	7.30249989032745	7.0387499332428	6.76125001907349	6.86150014400482	6.94000005722046	7.00999999046326	7.10500001907349	7.16250002384186	7.23112511634827	7.25249993801117	7.25624990463257	7.22249984741211	7.20499992370606	7.23749995231629	7.26499998569489	7.28000020980835	7.32074999809265	7.33750009536743	7.38250005245209	7.37000000476837	7.38749992847443	7.49374997615814	7.43250012397766	7.34250009059906	7.3125	7.2425000667572	7.28862500190735	7.3237498998642	7.26874995231628	7.34750008583069	7.37999999523163	7.31000006198883	7.39374995231629	7.42752492427826	7.54177498817444			
2024-07-19	2024-07-19	TWFG	Twfg, Inc.	Bunch Richard F. III	Pres, CEO, 10%	P - Purchase	17	202976	36,445,284	+1%	+$3,450,592	3450592	21:42:37	0	17	22.2224998474121	22.0100002288819	21.9574999809265	22.7824993133545	23.4124999046326	23.3600001335144	24.125	24.9000000953674	24.8912501335144	24.2550005912781	24.2882499694825	24.7125000953675	24.3775000572205	24.3199996948242	24.420000076294	24.3949999809265	24.5149993896484	24.0012497901916	24.3949999809265	24.5725002288818	25.4060001373291	25.8242497444153	25.5397500991821	25.4474997520447	25.7900004386902	25.7750000953675	26.4075002670288	25.8375000953674	27.0824999809265	28.1325001716614	29.0774998664856	30.2825002670288	30.8512496948242	29.9749994277954	28.6949996948242	27.4674997329712	27.6662502288819	28.5187497138977	27.8124995231629	27.0749998092652							
2024-07-19	2024-07-17	IVFH	Innovative Food Holdings Inc	Pappas James C	Dir, 10%	P - Purchase	1.2	1250000	9,752,917	+15%	+$1,500,000	1500000	20:09:02	2	1.2	1.22250002622605	1.21625003218651	1.37749999761581	1.375	1.36702498793602	1.37374997138977	1.42862498760223	1.45249998569489	1.47874999046326	1.53249996900558	1.53749999403954	1.49250000715256	1.46462497115135	1.44547498226166	1.4675000011921	1.47500002384186	1.4539999961853	1.40124997496605	1.40750002861023	1.37950000166893	1.3262500166893	1.29969999194145	1.28000000119209	1.29862499237061	1.28200000524521	1.34499999880791	1.41749998927117	1.40087500214577	1.41000002622605	1.39649999141693	1.41000002622605	1.37874999642372	1.37250000238419	1.36875003576279	1.38400000333786	1.35375002026558	1.41000002622605	1.34749999642372	1.32749998569489	1.35374996066093	1.33749997615814	1.30812501907349					
2024-07-18	2024-07-17	ADVM	Adverum Biotechnologies, Inc.	Leonard Braden Michael	10%	P - Purchase	8.26	216264	2,287,064	+10%	+$1,785,662	1786340.64	21:16:05	1	8.26	9.07999992370607	8.97175002098084	7.97075021266938	7.78250002861023	7.85249996185303	8.06950008869171	8.19500005245209	7.84500014781952	7.42599999904633	7.42250001430512	7.64250004291535	7.34500002861023	6.73999989032745	6.7024998664856	6.8050000667572	6.91250002384186	6.76750004291535	6.52749991416931	6.72000014781952	6.64999985694885	6.57125020027161	6.67750000953674	7.03250002861023	7.11499989032746	7.05500006675721	7.07000005245209	7.18750011920929	7.39499986171723	7.30499982833863	6.99500012397766	6.94500005245209	6.87999987602234	6.88250005245209	6.78125	6.83749997615814	6.73500001430512	6.8950001001358	7.0699999332428	7.0625	7.0625	7.1930000782013						
2024-07-18	2024-07-16	NYC	American Strategic Investment Co.	Schorsch Nicholas S	10%	P - Purchase	10.98	125864	1,458,284	+9%	+$1,382,039	1381986.72	20:50:29	2	10.98	8.73250007629394	8.25499999523163	8.49999976158142	8.75500011444091	8.65224981307983	8.54500007629395	8.49624991416931	8.34249997138977	8.44999980926514	8.41849994659424	8.68249988555908	8.39999961853027	8.4835000038147	8.40000009536744	8.58000016212463	8.22775030136108	8.74499988555908	8.86749982833863	8.57999992370606	8.51000022888184	8.60599994659424	8.62275004386902	8.85750007629395	9.08749985694885	9.05600023269653	9.23999977111816	9.10750007629395	9	8.94249963760376	8.9762499332428	8.54250001907349	9.11499977111816	9.5774998664856	9.37000012397766	9.22249984741211	8.92500019073486	8.96749997138977	8.76350021362305	8.85750007629395	8.9909999370575	9.17249965667725	9.3824999332428					
2024-07-18	2024-07-16	APPN	Appian Corp	Abdiel Capital Advisors, LP	10%	P - Purchase	35.31	3e+05	14,691,194	+2%	+$10,592,253	10593000	20:29:59	2	35.31	35.3575010299683	35.4925003051758	35.5299997329712	35.0349998474121	35.3647499084473	35.6825008392334	36.7825002670288	37.732500076294	37.9812507629395	36.6125001907349	36.6974992752075	32.6112494468689	28.9037499427796	28.1974997520447	28.2624998092651	27.6487503051758	27.8874998092651	28.2674999237061	28.2449998855591	29.1449999809265	30.1725001335144	30.8724999427796	30.772500038147	31.2645001411438	31.2699999809265	31.2287497520447	31.1450004577637	31.4550004005432	31.6600008010864	31.5650000572205	31.3900003433228	32.0475001335144	32.6550006866455	31.9324998855591	31.3800001144409	31.2600002288818	30.8324999809265	30.2204999923706	31.2125000953675	31.2362499237061	31.6087498664856	32.625					
2024-07-18	2024-07-16	DMA	Destra Multi-Alternative Fund	Saba Capital Management, L.P.	10%	P - Purchase	8.39	86745	1,682,757	+5%	+$727,881	727790.55	10:31:41	2	8.39	8.3899998664856	8.45249986648559	8.41875004768372	8.40999984741211	8.36999988555908	8.35250020027161	8.38749980926513	8.44000005722046	8.46000003814697	8.40700006484986	8.39000034332275	8.37000036239624	8.29349994659424	8.12024998664856	8.11249995231628	8.07700002193451	8.0750002861023	8.10625004768372	8.07000017166138	8.18749976158142	8.18999981880188	8.15999984741211	8.1100001335144	8.14000010490418	8.25250005722046	8.23749995231628	8.25	8.30250000953674	8.29250001907349	8.2350001335144	8.22749996185303	8.25375008583069	8.33599996566773	8.35450005531311	8.31000018119812	8.3125	8.31599998474121	8.32000017166138	8.39249992370606	8.40499973297119	8.41750001907349	8.43399977684021					
2024-07-17	2024-07-15	SSKN	Strata Skin Sciences, Inc.	Geiger Uri	Dir, 10%	P - Purchase	3.14	230573	1,441,835	+19%	+$723,999	723999.22	17:08:57	2	3.14	3.24500000476837	3.14999997615815	3.51999998092651	3.63250005245209	3.47750008106232	3.36750000715256	3.38749992847443	3.32999992370606	3.3474999666214	3.40750002861023	3.4549999833107	3.35500001907349	3.4099999666214	3.42250001430511	3.1700000166893	3.1424999833107	3.0349999666214	3.02249997854233	3.05499994754792	2.95249998569489	2.75249999761582	2.77749991416931	2.82499998807907	2.59250003099442	2.71999996900559	2.69499999284745	2.71250003576279	2.71000003814697	2.89999997615814	2.95500004291535	3.25249999761582	3.41499996185302	3.59249997138977	3.54250001907349	3.17999994754792	3.10000002384186	2.95999991893768	3.25999999046326	3.15499997138977	3.15500003099442	3.02749997377396	3.1875	3.08250004053116				
2024-07-17	2024-07-15	SSKN	Strata Skin Sciences, Inc.	Accelmed Partners, L.P.	10%	P - Purchase	3.14	230573	5,767,340	+4%	+$723,999	723999.22	17:08:11	2	3.14	3.24500000476837	3.14999997615815	3.51999998092651	3.63250005245209	3.47750008106232	3.36750000715256	3.38749992847443	3.32999992370606	3.3474999666214	3.40750002861023	3.4549999833107	3.35500001907349	3.4099999666214	3.42250001430511	3.1700000166893	3.1424999833107	3.0349999666214	3.02249997854233	3.05499994754792	2.95249998569489	2.75249999761582	2.77749991416931	2.82499998807907	2.59250003099442	2.71999996900559	2.69499999284745	2.71250003576279	2.71000003814697	2.89999997615814	2.95500004291535	3.25249999761582	3.41499996185302	3.59249997138977	3.54250001907349	3.17999994754792	3.10000002384186	2.95999991893768	3.25999999046326	3.15499997138977	3.15500003099442	3.02749997377396	3.1875	3.08250004053116				
2024-07-16	2024-07-12	TKNO	Alpha Teknova, Inc.	Telegraph Hill Partners Iv, L.P.	10%	P - Purchase	1.24	12096773	26,590,636	+83%	+$14,999,999	14999998.52	21:13:16	4	1.24	1.2674999833107	1.32499998807907	1.69249999523163	1.95250001549721	2.04750004410744	2.5	2.40299999713898	3.21250003576279	3.39750003814697	3.77999997138977	3.82249999046326	3.62250000238419	3.73050004243851	3.61749994754791	3.57749998569489	3.57749998569489	3.86150002479554	3.86999994516373	3.86750000715256	4.05250000953674	4.06249994039536	4.13999992609024	3.81000000238419	3.9375	4.4807500243187	4.95925009250641	4.88750004768372	5.02749991416931	4.96825003623963	4.90974986553192	4.95000004768372	4.90750002861023	4.6599999666214	4.74249994754792	4.85200011730194	4.69000005722046	4.47375011444092	4.51624989509583	4.49500000476837	4.4025000333786	4.29749989509582	4.5349999666214	4.59124994277954	4.50750005245209			
2024-07-16	2024-07-15	BIGZ	Blackrock Innovation & Growth Term Trust	Saba Capital Management, L.P.	10%	P - Purchase	7.49	382948	53,649,668	+1%	+$2,868,281	2868280.52	16:44:28	1	7.49	7.5275000333786	7.45125007629395	7.35750007629394	7.30124998092652	7.35500001907349	7.38874983787537	7.28125	7.23000001907349	7.26125001907349	7.27499997615814	7.25375008583069	7.33500003814697	7.30249989032745	7.0387499332428	6.76125001907349	6.86150014400482	6.94000005722046	7.00999999046326	7.10500001907349	7.16250002384186	7.23112511634827	7.25249993801117	7.25624990463257	7.22249984741211	7.20499992370606	7.23749995231629	7.26499998569489	7.28000020980835	7.32074999809265	7.33750009536743	7.38250005245209	7.37000000476837	7.38749992847443	7.49374997615814	7.43250012397766	7.34250009059906	7.3125	7.2425000667572	7.28862500190735	7.3237498998642	7.26874995231628	7.34750008583069	7.37999999523163				
2024-07-15	2024-07-11	DMA	Destra Multi-Alternative Fund	Saba Capital Management, L.P.	10%	P - Purchase	8.4	159849	1,536,844	+12%	+$1,343,334	1342731.6	17:48:48	4	8.4	8.41499972343445	8.41249966621399	8.46249985694885	8.3899998664856	8.45249986648559	8.41875004768372	8.40999984741211	8.36999988555908	8.35250020027161	8.38749980926513	8.44000005722046	8.46000003814697	8.40700006484986	8.39000034332275	8.37000036239624	8.29349994659424	8.12024998664856	8.11249995231628	8.07700002193451	8.0750002861023	8.10625004768372	8.07000017166138	8.18749976158142	8.18999981880188	8.15999984741211	8.1100001335144	8.14000010490418	8.25250005722046	8.23749995231628	8.25	8.30250000953674	8.29250001907349	8.2350001335144	8.22749996185303	8.25375008583069	8.33599996566773	8.35450005531311	8.31000018119812	8.3125	8.31599998474121	8.32000017166138	8.39249992370606	8.40499973297119	8.41750001907349			
2024-07-15	2024-07-11	BIGZ	Blackrock Innovation & Growth Term Trust	Saba Capital Management, L.P.	10%	P - Purchase	7.42	235148	53,266,720	0%	+$1,745,751	1744798.16	17:32:17	4	7.42	7.40749990940094	7.45000004768372	7.5275000333786	7.45125007629395	7.35750007629394	7.30124998092652	7.35500001907349	7.38874983787537	7.28125	7.23000001907349	7.26125001907349	7.27499997615814	7.25375008583069	7.33500003814697	7.30249989032745	7.0387499332428	6.76125001907349	6.86150014400482	6.94000005722046	7.00999999046326	7.10500001907349	7.16250002384186	7.23112511634827	7.25249993801117	7.25624990463257	7.22249984741211	7.20499992370606	7.23749995231629	7.26499998569489	7.28000020980835	7.32074999809265	7.33750009536743	7.38250005245209	7.37000000476837	7.38749992847443	7.49374997615814	7.43250012397766	7.34250009059906	7.3125	7.2425000667572	7.28862500190735	7.3237498998642	7.26874995231628	7.34750008583069			
2024-07-15	2024-07-12	SUNS	Sunrise Realty Trust, Inc.	Tannenbaum Leonard M	Exec COB, 10%	P - Purchase	12.8	56584	1,539,483	+4%	+$724,275	724275.2	16:43:26	3	12.8	12.1749999523163	11.7374999523163	11.4550001621246	11.1250002384186	10.8550000190735	10.9700000286102	11.3400003910065	11.5914998054505	11.6100001335144	11.5687499046326	11.3800001144409	11.4577503204346	11.7699999809265	11.9904997348785	11.8774998188019	11.6375000476837	12.0025000572205	11.8075001239777	11.178249835968	10.9950001239777	10.8849997520447	10.8100001811981	11.164999961853	12.0992500782013	11.9420001506805	11.893249988556	12.2474999427795	12.7695000171662	12.8725001811981	13.0169999599457	13.2674999237061	13.420000076294	13.6924998760224	14.1224999427796	14.0099999904633	14.4024999141693	14.6277499198914	14.09375	13.6575000286102	13.3450002670288	13.6619999408722	13.6542501449585	13.9975001811981				
2024-07-15	2024-07-11	NE	Noble Corp Plc	Apmh Invest A/S	10%	P - Purchase	45.32	638018	29,020,703	+2%	+$28,918,022	28914975.76	16:41:24	4	45.32	45.4899997711182	46.9425001144409	47.6700000762939	48.0425004959107	47.2987499237061	46.4499988555909	46.6274995803833	47.0874996185303	46.795000076294	46.857500076294	47.6374998092652	46.9300003051758	45.8512496948243	47.2600011825562	46.0699996948242	42.9049997329712	40.289999961853	39.7600002288819	40.5099992752075	40.3075008392334	39.9250001907349	39.7762498855591	39.3199996948242	38.8875007629395	39.2300004959107	38.7399997711182	38.7624998092651	37.8962497711182	37.3787488937378	36.7750005722046	37.2762508392334	38.6224994659424	38.0674991607666	37.5674991607666	38.0074996948242	37.9425001144409	36.795000076294	35.8737497329712	35.5337495803833	34.6262493133545	34.3224992752076	34.3549995422363	34.4825000762939	34.2537508010864			
2024-07-12	2024-07-10	APPN	Appian Corp	Abdiel Capital Advisors, LP	10%	P - Purchase	33.25	545121	14,090,350	+4%	+$18,127,291	18125273.25	20:35:55	2	33.25	33.1300005912781	33.2299995422363	34.4974994659424	35.1274995803833	35.3575010299683	35.4925003051758	35.5299997329712	35.0349998474121	35.3647499084473	35.6825008392334	36.7825002670288	37.732500076294	37.9812507629395	36.6125001907349	36.6974992752075	32.6112494468689	28.9037499427796	28.1974997520447	28.2624998092651	27.6487503051758	27.8874998092651	28.2674999237061	28.2449998855591	29.1449999809265	30.1725001335144	30.8724999427796	30.772500038147	31.2645001411438	31.2699999809265	31.2287497520447	31.1450004577637	31.4550004005432	31.6600008010864	31.5650000572205	31.3900003433228	32.0475001335144	32.6550006866455	31.9324998855591	31.3800001144409	31.2600002288818	30.8324999809265	30.2204999923706					
2024-07-12	2024-07-10	SUNS	Sunrise Realty Trust, Inc.	Tannenbaum Leonard M	Exec COB, 10%	P - Purchase	10.89	137044	1,423,941	+11%	+$1,492,205	1492409.16	19:49:03	2	10.89	12.7025001049042	12.9124999046326	12.1749999523163	11.7374999523163	11.4550001621246	11.1250002384186	10.8550000190735	10.9700000286102	11.3400003910065	11.5914998054505	11.6100001335144	11.5687499046326	11.3800001144409	11.4577503204346	11.7699999809265	11.9904997348785	11.8774998188019	11.6375000476837	12.0025000572205	11.8075001239777	11.178249835968	10.9950001239777	10.8849997520447	10.8100001811981	11.164999961853	12.0992500782013	11.9420001506805	11.893249988556	12.2474999427795	12.7695000171662	12.8725001811981	13.0169999599457	13.2674999237061	13.420000076294	13.6924998760224	14.1224999427796	14.0099999904633	14.4024999141693	14.6277499198914	14.09375	13.6575000286102	13.3450002670288					
2024-07-11	2024-07-10	DMA	Destra Multi-Alternative Fund	Saba Capital Management, L.P.	10%	P - Purchase	8.25	61251	1,376,995	+5%	+$505,321	505320.75	09:09:14	1	8.25	8.41500020027161	8.41499972343445	8.41249966621399	8.46249985694885	8.3899998664856	8.45249986648559	8.41875004768372	8.40999984741211	8.36999988555908	8.35250020027161	8.38749980926513	8.44000005722046	8.46000003814697	8.40700006484986	8.39000034332275	8.37000036239624	8.29349994659424	8.12024998664856	8.11249995231628	8.07700002193451	8.0750002861023	8.10625004768372	8.07000017166138	8.18749976158142	8.18999981880188	8.15999984741211	8.1100001335144	8.14000010490418	8.25250005722046	8.23749995231628	8.25	8.30250000953674	8.29250001907349	8.2350001335144	8.22749996185303	8.25375008583069	8.33599996566773	8.35450005531311	8.31000018119812	8.3125	8.31599998474121						
2024-07-11	2024-07-09	BIGZ	Blackrock Innovation & Growth Term Trust	Saba Capital Management, L.P.	10%	P - Purchase	7.36	277344	53,031,572	+1%	+$2,042,049	2041251.84	08:46:29	2	7.36	7.34750008583069	7.38250005245209	7.40749990940094	7.45000004768372	7.5275000333786	7.45125007629395	7.35750007629394	7.30124998092652	7.35500001907349	7.38874983787537	7.28125	7.23000001907349	7.26125001907349	7.27499997615814	7.25375008583069	7.33500003814697	7.30249989032745	7.0387499332428	6.76125001907349	6.86150014400482	6.94000005722046	7.00999999046326	7.10500001907349	7.16250002384186	7.23112511634827	7.25249993801117	7.25624990463257	7.22249984741211	7.20499992370606	7.23749995231629	7.26499998569489	7.28000020980835	7.32074999809265	7.33750009536743	7.38250005245209	7.37000000476837	7.38749992847443	7.49374997615814	7.43250012397766	7.34250009059906	7.3125	7.2425000667572					
2024-07-10	2024-07-08	BNED	Barnes & Noble Education, Inc.	Martin William C	Dir, 10%	P - Purchase	7.09	130000	11,144,143	+1%	+$921,834	921700	20:02:43	2	7.09	7.2497501373291	7.28100001811981	8.2350001335144	8.31249988079071	8.19750010967255	8.1399998664856	8.54250025749207	9.49250006675722	9.99999976158144	9.875	9.74499988555906	9.98750019073486	9.8050000667572	10	9.88500022888184	10.1200001239777	10.539999961853	11.0375001430511	10.6065001487732	9.9487500190735	10.3600001335144	10.8965001106262	10.9725000858307	10.8575000762939	10.8912498950958	11.0307497978211	11.099999666214	11.1000001430511	11.0025000572205	11.6299998760223	11.7824997901916	12.0854997634888	12.2315001487732	12.7087500095368	13.7775001525879	13.3199999332428	13.1275000572205	13.0950000286102	13.0450000762939	12.4499998092651	12.3762500286103	12.3975002765656	12.1275000572205				
2024-07-10	2024-07-08	BNED	Barnes & Noble Education, Inc.	Singer Eric	Dir, 10%	P - Purchase	6.97	87000	11,101,143	+1%	+$606,576	606390	20:02:32	2	6.97	7.2497501373291	7.28100001811981	8.2350001335144	8.31249988079071	8.19750010967255	8.1399998664856	8.54250025749207	9.49250006675722	9.99999976158144	9.875	9.74499988555906	9.98750019073486	9.8050000667572	10	9.88500022888184	10.1200001239777	10.539999961853	11.0375001430511	10.6065001487732	9.9487500190735	10.3600001335144	10.8965001106262	10.9725000858307	10.8575000762939	10.8912498950958	11.0307497978211	11.099999666214	11.1000001430511	11.0025000572205	11.6299998760223	11.7824997901916	12.0854997634888	12.2315001487732	12.7087500095368	13.7775001525879	13.3199999332428	13.1275000572205	13.0950000286102	13.0450000762939	12.4499998092651	12.3762500286103	12.3975002765656	12.1275000572205				
2024-07-10	2024-07-08	ASPI	Asp Isotopes Inc.	Ak Jensen Investment Management Ltd	10%	P - Purchase	3.18	161849	13,265,597	+1%	+$515,088	514679.82	17:59:47	2	3.18	3.03749996423721	3.32499992847443	3.63749998807907	3.19999998807907	3.6350000500679	3.67500001192093	3.2775000333786	3.12625002861023	2.92499995231628	2.86000001430512	2.94249999523163	3.0100000500679	2.78500002622605	2.7462500333786	2.70749998092651	2.55750006437302	2.65750002861023	2.56000006198883	2.24100005626679	2.10749998688698	2.2352499961853	2.20499992370606	2.15625	2.10000002384186	2.03999996185303	2.12250000238419	2.12500005960464	2.19225007295609	2.17124998569488	2.07500004768372	2.06499999761581	2.22749996185303	2.38525003194809	2.5275000333786	2.5900000333786	2.53749996423721	2.36874997615814	2.36624997854233	2.34624993801117	2.3924999833107	2.38499999046326	2.46125000715256	2.26574993133545				
2024-07-10	2024-07-10	VETZ	Tidal Etf Trust	State Farm Mutual Automobile Insurance Co	10%	P - Purchase	19.96	251000	771,000	+48%	+$5,009,960	5009960	14:44:53	0	19.96	20.0812497138977	20.1270008087158	20.0440006256104	20.1125001907349	20.1499996185303	20.125	20.0750007629395	20.0590000152588	20.066499710083	20.0400009155273	20.0625	20.107500076294	20.1599998474121	20.1450004577637	20.2600002288818	20.25	20.5349998474121	20.488000869751	20.3659992218018	20.3600006103515	20.2849998474121	20.3500003814697	20.375	20.4500007629395	20.4619998931885	20.4300003051758	20.4400005340576	20.4799995422363	20.5400009155273	20.5799999237061	20.5550003051758	20.6100006103516	20.5677499771118	20.5837502479553	20.5599994659424	20.5699996948242	20.5349998474121	20.4750003814697	20.5550003051758	20.6100006103516	20.6149997711182						
2024-07-09	2024-07-05	APPN	Appian Corp	Abdiel Capital Advisors, LP	10%	P - Purchase	31.04	610222	19,485,100	+3%	+$18,941,828	18941290.88	20:49:55	4	31.04	31.3724999427795	31.696249961853	33.022500038147	33.1300005912781	33.2299995422363	34.4974994659424	35.1274995803833	35.3575010299683	35.4925003051758	35.5299997329712	35.0349998474121	35.3647499084473	35.6825008392334	36.7825002670288	37.732500076294	37.9812507629395	36.6125001907349	36.6974992752075	32.6112494468689	28.9037499427796	28.1974997520447	28.2624998092651	27.6487503051758	27.8874998092651	28.2674999237061	28.2449998855591	29.1449999809265	30.1725001335144	30.8724999427796	30.772500038147	31.2645001411438	31.2699999809265	31.2287497520447	31.1450004577637	31.4550004005432	31.6600008010864	31.5650000572205	31.3900003433228	32.0475001335144	32.6550006866455	31.9324998855591	31.3800001144409	31.2600002288818	30.8324999809265			
2024-07-09	2024-07-08	BIGZ	Blackrock Innovation & Growth Term Trust	Saba Capital Management, L.P.	10%	P - Purchase	7.4	200706	52,754,228	0%	+$1,485,224	1485224.4	13:50:30	1	7.4	7.36625003814697	7.34750008583069	7.38250005245209	7.40749990940094	7.45000004768372	7.5275000333786	7.45125007629395	7.35750007629394	7.30124998092652	7.35500001907349	7.38874983787537	7.28125	7.23000001907349	7.26125001907349	7.27499997615814	7.25375008583069	7.33500003814697	7.30249989032745	7.0387499332428	6.76125001907349	6.86150014400482	6.94000005722046	7.00999999046326	7.10500001907349	7.16250002384186	7.23112511634827	7.25249993801117	7.25624990463257	7.22249984741211	7.20499992370606	7.23749995231629	7.26499998569489	7.28000020980835	7.32074999809265	7.33750009536743	7.38250005245209	7.37000000476837	7.38749992847443	7.49374997615814	7.43250012397766	7.34250009059906	7.3125	7.2425000667572				
2024-07-08	2024-07-03	TTSH	Tile Shop Holdings, Inc.	Fund 1 Investments, LLC	10%	P - Purchase	6.82	105000	8,276,830	+1%	+$716,190	716100	17:28:36	5	6.82	6.80249989032746	6.8199999332428	6.82999992370606	6.85249996185303	7.12749993801117	7.27999997138977	7.23000001907349	7.25249993801117	7.21749997138977	7.09249985218048	7.01999998092652	7.00499999523163	7.05499994754791	6.99749994277954	7	7.04750013351441	7.10749995708466	7.20250010490418	7.19749999046326	7.08999991416931	6.61499989032745	6.18000006675721	6.12250006198883	6.08249986171723	6.01499998569489	6.05750000476837	5.99000000953675	5.98000001907349	5.9099999666214	6.09249997138977	6.14249992370606	6.1525000333786	6.04999995231629	5.96250009536743	5.85750007629395	5.97749996185303	6.11500000953674	5.97250008583069	6.00499999523163	6.08000004291534	6.18250012397766	6.16750001907349	5.92000007629395	5.85999989509582			
2024-07-08	2024-07-03	AASP	Global Acquisitions Corp	Boreta Ronald S	Pres, CEO, Treasurer, 10%	P - Purchase	0.4	1495390	2,458,403	+155%	+$593,670	598156	17:03:05	5	0.4	0.209999993443489	0.170000001788139	0.429999992251396	0.379999995231628	0.489999994635582	0.550000011920929	0.550000011920929	0.512499980628491	0.509999990463257	0.519999980926514	0.519999980926514	0.519999980926514	0.509999990463257	0.5	0.349999994039536	0.349999994039536	0.349999994039536	0.349999994039536	0.349999994039536	0.349999994039536	0.349999994039536	0.349999994039536	0.349999994039536	0.349999994039536	0.349999994039536	0.349999994039536	0.509999990463257	0.349999994039536	0.509999990463257	0.509999990463257	0.509999990463257	0.5	0.5	0.5	0.5	0.5	0.639999985694885	0.61999998986721	0.639999985694885	0.639999985694885	0.639999985694885	0.639999985694885	0.639999985694885	0.629999995231628			
2024-07-08	2024-07-03	AASP	Global Acquisitions Corp	Boreta John Anthony	Dir, 10%	P - Purchase	0.4	1495390	2,447,909	+157%	+$593,670	598156	17:02:51	5	0.4	0.209999993443489	0.170000001788139	0.429999992251396	0.379999995231628	0.489999994635582	0.550000011920929	0.550000011920929	0.512499980628491	0.509999990463257	0.519999980926514	0.519999980926514	0.519999980926514	0.509999990463257	0.5	0.349999994039536	0.349999994039536	0.349999994039536	0.349999994039536	0.349999994039536	0.349999994039536	0.349999994039536	0.349999994039536	0.349999994039536	0.349999994039536	0.349999994039536	0.349999994039536	0.509999990463257	0.349999994039536	0.509999990463257	0.509999990463257	0.509999990463257	0.5	0.5	0.5	0.5	0.5	0.639999985694885	0.61999998986721	0.639999985694885	0.639999985694885	0.639999985694885	0.639999985694885	0.639999985694885	0.629999995231628			
2024-07-08	2024-07-05	REKR	Rekor Systems, Inc.	Arctis Global LLC	10%	P - Purchase	1.4	2275000	12,312,491	+23%	+$3,185,000	3185000	12:24:34	3	1.4	1.79250001907349	1.82124999165535	1.79499998688698	1.86500000953674	1.91250002384186	1.94900000095368	2	1.96624997258187	1.89000001549721	1.75499999523163	1.72124999761582	1.78750002384186	1.78875002264977	1.76625001430512	1.84499999880791	1.81749999523163	1.78499999642372	1.82875001430512	1.72500002384186	1.62125000357628	1.51125001907349	1.54624998569489	1.52250003814697	1.49125000834465	1.48999997973442	1.45749998092651	1.42250001430512	1.40500003099442	1.38249999284744	1.28074997663498	1.34749999642372	1.36249995231629	1.35749998688698	1.39500001072884	1.40000000596047	1.33124998211861	1.26899999380112	1.23875001072884	1.24500000476837	1.24749997258186	1.20999997854233	1.17425000667572	1.16374996304512				
2024-07-08	2024-07-03	PEO	Adams Natural Resources Fund, Inc.	Saba Capital Management, L.P.	10%	P - Purchase	23.6	23347	2,753,013	+1%	+$551,060	550989.2	11:58:00	5	23.6	23.5149998664856	23.227499961853	23.1275000572205	23.0824999809265	23.3499999046326	23.6250004768372	23.7950000762939	23.8774995803833	24.0725002288819	24.2549996376038	24.1449999809265	23.9274997711182	23.7824997901917	23.6049995422364	23.6775002479553	23.9349999427796	23.9400000572205	24.107500076294	24.3849997520447	24.1324996948242	23.5474996566773	22.5324997901917	22.5050005912781	22.6074995994568	22.732500076294	22.9375	23.0550003051758	22.857500076294	22.9474997520447	23.1399998664856	23.0949997901917	23.170000076294	22.9025001525879	22.8075003623963	22.7174997329712	22.9175004959106	23.3275003433228	23.3750004768372	23.0699996948243	23.2699999809265	23.364999294281	23.0275006294251	22.7250003814697	22.5075001716614			
2024-07-05	2024-07-02	NE	Noble Corp Plc	Apmh Invest A/S	10%	P - Purchase	44.15	3e+05	28,382,685	+1%	+$13,243,965	13245000	10:14:51	3	44.15	44.6012496948242	44.2349996566773	44.0612497329712	43.4862508773804	43.5699987411499	44.4225006103516	45.4899997711182	46.9425001144409	47.6700000762939	48.0425004959107	47.2987499237061	46.4499988555909	46.6274995803833	47.0874996185303	46.795000076294	46.857500076294	47.6374998092652	46.9300003051758	45.8512496948243	47.2600011825562	46.0699996948242	42.9049997329712	40.289999961853	39.7600002288819	40.5099992752075	40.3075008392334	39.9250001907349	39.7762498855591	39.3199996948242	38.8875007629395	39.2300004959107	38.7399997711182	38.7624998092651	37.8962497711182	37.3787488937378	36.7750005722046	37.2762508392334	38.6224994659424	38.0674991607666	37.5674991607666	38.0074996948242	37.9425001144409					
2024-07-03	2024-07-01	ALMS	Alumis Inc.	Foresite Labs, LLC	10%	P - Purchase	16	2500000	5,379,140	+87%	+$40,000,000	4e+07	21:31:39	2	16	12.1902499198914	11.8512496948242	11.6899998188019	12.0675001144409	12.2599999904633	12.3887498378754	12.7587497234344	11.6849999427795	11.0524997711182	11.1612498760224	11.8925001621247	12.5182499885559	12.5724999904633	12.6925001144409	13.0199999809265	12.7222499847412	12.8250000476837	12.7125000953674	12.6449999809265	12.3799998760224	12.3300001621246	12.5347499847412	12.7312498092651	12.147500038147	12.2099997997284	12.2359998226166	12.0824999809265	12.0950000286102	12.0562498569489	12.3400001525879	12.5150001049042	12.8125	12.732500076294	12.8387498855591	12.914999961853	12.8249998092651	12.8700001239777	12.7799999713898	12.8424999713898	12.8025002479553	12.772500038147	12.835000038147	12.7425000667572				
2024-07-03	2024-07-01	ALMS	Alumis Inc.	Foresite Capital Management V, LLC	10%	P - Purchase	16	2500000	5,379,140	+87%	+$40,000,000	4e+07	21:30:57	2	16	12.1902499198914	11.8512496948242	11.6899998188019	12.0675001144409	12.2599999904633	12.3887498378754	12.7587497234344	11.6849999427795	11.0524997711182	11.1612498760224	11.8925001621247	12.5182499885559	12.5724999904633	12.6925001144409	13.0199999809265	12.7222499847412	12.8250000476837	12.7125000953674	12.6449999809265	12.3799998760224	12.3300001621246	12.5347499847412	12.7312498092651	12.147500038147	12.2099997997284	12.2359998226166	12.0824999809265	12.0950000286102	12.0562498569489	12.3400001525879	12.5150001049042	12.8125	12.732500076294	12.8387498855591	12.914999961853	12.8249998092651	12.8700001239777	12.7799999713898	12.8424999713898	12.8025002479553	12.772500038147	12.835000038147	12.7425000667572				
2024-07-03	2024-07-01	ALMS	Alumis Inc.	Tananbaum James B.	Dir, 10%	P - Purchase	16	2500000	5,379,140	+87%	+$40,000,000	4e+07	21:30:10	2	16	12.1902499198914	11.8512496948242	11.6899998188019	12.0675001144409	12.2599999904633	12.3887498378754	12.7587497234344	11.6849999427795	11.0524997711182	11.1612498760224	11.8925001621247	12.5182499885559	12.5724999904633	12.6925001144409	13.0199999809265	12.7222499847412	12.8250000476837	12.7125000953674	12.6449999809265	12.3799998760224	12.3300001621246	12.5347499847412	12.7312498092651	12.147500038147	12.2099997997284	12.2359998226166	12.0824999809265	12.0950000286102	12.0562498569489	12.3400001525879	12.5150001049042	12.8125	12.732500076294	12.8387498855591	12.914999961853	12.8249998092651	12.8700001239777	12.7799999713898	12.8424999713898	12.8025002479553	12.772500038147	12.835000038147	12.7425000667572				
2024-07-03	2024-07-01	ADCT	Adc Therapeutics Sa	Redmile Group, LLC	10%	P - Purchase	2.81	8e+05	28,664,257	+3%	+$2,248,000	2248000	20:00:13	2	2.81	3.57250005006791	3.28749996423721	3.22874999046326	3.18999999761582	3.10374999046326	3.16750001907349	3.52500003576279	3.8262500166893	3.91250014305115	4.03250014781952	3.89874994754791	3.73000001907349	3.5900000333786	3.52250003814698	3.74500000476838	3.82550007104874	3.86250001192093	3.72750008106232	3.57500004768372	3.45999997854233	3.42124998569489	3.1949999332428	2.9200000166893	2.73374998569489	2.92125004529953	2.82600003480912	2.78749996423721	2.71749997138977	2.61500000953675	2.71999990940094	2.84124994277954	2.9549999833107	2.85000002384186	2.85500001907349	2.87250000238419	2.90500003099442	2.91249996423722	2.96499997377396	3.17750000953674	3.14499998092651	2.9724999666214	2.93249994516373	2.89750003814698				
2024-07-03	2024-07-01	ACHR	Archer Aviation Inc.	Stellantis N.V.	10%	P - Purchase	3.16	17401153	56,752,873	+44%	+$54,999,824	54987643.48	16:20:35	2	3.16	3.61750000715256	4.03999996185302	4.54250001907349	4.52999997138977	4.30750000476837	4.32500004768372	4.47750008106232	4.89999997615814	5.15875017642975	5.2462500333786	5.17250001430512	4.98000001907349	4.71000003814697	4.625	4.58749997615814	4.45250010490418	4.37999999523163	4.61500000953674	4.60625004768372	4.29000008106232	4.22924995422363	4.0799999833107	3.88250005245209	3.73750001192093	3.97699999809265	3.95249992609024	3.97750008106232	3.6075000166893	3.625	3.55749994516373	3.56000000238419	3.6599999666214	3.78249996900559	3.7950000166893	3.71499991416931	3.73874998092652	3.75749999284744	3.7674999833107	3.88625001907349	3.84500002861023	3.6599999666214	3.59499996900559	3.49249994754791				
2024-07-03	2024-07-02	TLYS	Tilly'S, Inc.	Fund 1 Investments, LLC	10%	P - Purchase	5.56	116675	8,094,379	+1%	+$649,067	648713	15:13:37	1	5.56	5.5699999332428	5.57500004768372	5.54749989509583	5.48000001907349	5.51749992370606	5.82250010967255	5.98500001430512	5.91500008106232	5.92250001430512	6.03500008583069	5.94249987602234	5.46750009059906	5.38749992847443	5.28999996185303	5.16750001907349	5.42749989032745	5.55249989032745	5.43250012397767	5.59499990940094	5.82499992847443	5.70999991893769	5.3199999332428	4.99499988555908	4.88999998569489	4.62250006198883	4.56500005722046	4.66750001907349	4.62499988079071	4.64750003814697	4.64000010490418	4.83750009536743	4.98249995708466	5.06749999523163	4.92750012874603	4.88250005245209	5.02250003814697	5.61000013351441	5.66999983787537	5.39250016212464	5.44249999523163	5.55499982833862	5.36999988555908					
2024-07-03	2024-07-02	BIGZ	Blackrock Innovation & Growth Term Trust	Saba Capital Management, L.P.	10%	P - Purchase	7.3	155137	52,511,286	0%	+$1,132,500	1132500.1	13:13:25	1	7.3	7.37255012989044	7.39499998092651	7.39750003814697	7.36625003814697	7.34750008583069	7.38250005245209	7.40749990940094	7.45000004768372	7.5275000333786	7.45125007629395	7.35750007629394	7.30124998092652	7.35500001907349	7.38874983787537	7.28125	7.23000001907349	7.26125001907349	7.27499997615814	7.25375008583069	7.33500003814697	7.30249989032745	7.0387499332428	6.76125001907349	6.86150014400482	6.94000005722046	7.00999999046326	7.10500001907349	7.16250002384186	7.23112511634827	7.25249993801117	7.25624990463257	7.22249984741211	7.20499992370606	7.23749995231629	7.26499998569489	7.28000020980835	7.32074999809265	7.33750009536743	7.38250005245209	7.37000000476837	7.38749992847443	7.49374997615814					
2024-07-03	2024-07-02	AESI	Atlas Energy Solutions Inc.	Shepard Gregory M	Member of 10% Owner Group	P - Purchase	19.6	30013	7,499,949	0%	+$588,255	588254.8	11:31:20	1	19.6	19.7799997329712	20.3634991645813	20.2999997138977	19.8924999237061	20.1587495803833	20.7900004386902	21.0525002479553	21.2049999237061	21.6525001525879	21.9300003051758	21.6150002479553	20.8824996948243	20.5374999046326	20.5325002670288	20.3899998664856	20.4825000762939	20.8412504196167	20.6512503623962	20.7287497520447	21.2500004768372	20.7862496376038	19.4675002098084	17.9987497329712	18.7912497520447	19.512499332428	19.5650000572205	19.7562499046325	19.7650003433228	19.6424999237061	19.616250038147	19.9075002670288	20.1204996109009	20.2550001144409	20.0112500190735	20.1075005531311	20.1200003623963	20.6950001716614	21.4924998283386	21.4124999046326	20.9962496757508	20.9225001335144	20.9387497901917					
2024-07-02	2024-06-28	TBN	Tamboran Resources Corp	Sheffield Bryan	10%	P - Purchase	24	5e+05	2,234,980	+29%	+$12,000,000	1.2e+07	20:33:02	4	24	23.8099999427795	23.4524998664856	23.8702502250672	23.8362498283386	23.5274996757507	23.446249961853	23.6374998092652	23.5075001716614	23.9324998855591	24.5349998474121	24.789999961853	24.3680000305176	24.4324998855591	24.3849997520447	24.4425001144409	24.1624994277954	24.1199998855591	23.7162504196167	23.8775000572205	24.045000076294	24.0937504768371	23.8425002098084	23.4074997901917	23.0399999618531	22.8260002136231	22.1799998283386	21.4454998970032	21.8324999809265	21.8274998664856	20.927499294281	21.0924997329712	21.9839997291565	22.5524997711182	23.227499961853	23.25	22.7424998283386	22.4725003242493	21.597499370575	20.482500076294	19.7700004577637	20.0050001144409	19.4637503623963	18.6512503623962	19.210000038147			
2024-07-02	2024-06-28	TTSH	Tile Shop Holdings, Inc.	Fund 1 Investments, LLC	10%	P - Purchase	6.86	82529	8,171,830	+1%	+$566,475	566148.94	17:14:29	4	6.86	6.86500000953674	6.8199999332428	6.92499995231629	6.80249989032746	6.8199999332428	6.82999992370606	6.85249996185303	7.12749993801117	7.27999997138977	7.23000001907349	7.25249993801117	7.21749997138977	7.09249985218048	7.01999998092652	7.00499999523163	7.05499994754791	6.99749994277954	7	7.04750013351441	7.10749995708466	7.20250010490418	7.19749999046326	7.08999991416931	6.61499989032745	6.18000006675721	6.12250006198883	6.08249986171723	6.01499998569489	6.05750000476837	5.99000000953675	5.98000001907349	5.9099999666214	6.09249997138977	6.14249992370606	6.1525000333786	6.04999995231629	5.96250009536743	5.85750007629395	5.97749996185303	6.11500000953674	5.97250008583069	6.00499999523163	6.08000004291534	6.18250012397766			
2024-07-02	2024-07-01	PEO	Adams Natural Resources Fund, Inc.	Saba Capital Management, L.P.	10%	P - Purchase	23.59	26730	2,725,297	+1%	+$630,561	630560.7	13:18:08	1	23.59	23.5100002288818	23.5424995422364	23.5149998664856	23.227499961853	23.1275000572205	23.0824999809265	23.3499999046326	23.6250004768372	23.7950000762939	23.8774995803833	24.0725002288819	24.2549996376038	24.1449999809265	23.9274997711182	23.7824997901917	23.6049995422364	23.6775002479553	23.9349999427796	23.9400000572205	24.107500076294	24.3849997520447	24.1324996948242	23.5474996566773	22.5324997901917	22.5050005912781	22.6074995994568	22.732500076294	22.9375	23.0550003051758	22.857500076294	22.9474997520447	23.1399998664856	23.0949997901917	23.170000076294	22.9025001525879	22.8075003623963	22.7174997329712	22.9175004959106	23.3275003433228	23.3750004768372	23.0699996948243	23.2699999809265	23.364999294281				
2024-07-02	2024-07-01	BIGZ	Blackrock Innovation & Growth Term Trust	Saba Capital Management, L.P.	10%	P - Purchase	7.25	252855	52,356,149	0%	+$1,833,199	1833198.75	12:49:11	1	7.25	7.29250013828278	7.37255012989044	7.39499998092651	7.39750003814697	7.36625003814697	7.34750008583069	7.38250005245209	7.40749990940094	7.45000004768372	7.5275000333786	7.45125007629395	7.35750007629394	7.30124998092652	7.35500001907349	7.38874983787537	7.28125	7.23000001907349	7.26125001907349	7.27499997615814	7.25375008583069	7.33500003814697	7.30249989032745	7.0387499332428	6.76125001907349	6.86150014400482	6.94000005722046	7.00999999046326	7.10500001907349	7.16250002384186	7.23112511634827	7.25249993801117	7.25624990463257	7.22249984741211	7.20499992370606	7.23749995231629	7.26499998569489	7.28000020980835	7.32074999809265	7.33750009536743	7.38250005245209	7.37000000476837	7.38749992847443	7.49374997615814				
2024-07-01	2024-06-27	TLYS	Tilly'S, Inc.	Fund 1 Investments, LLC	10%	P - Purchase	5.48	299559	7,977,704	+4%	+$1,643,041	1641583.32	17:09:27	4	5.48	5.67500007152558	5.71749997138977	5.50000011920929	5.5699999332428	5.57500004768372	5.54749989509583	5.48000001907349	5.51749992370606	5.82250010967255	5.98500001430512	5.91500008106232	5.92250001430512	6.03500008583069	5.94249987602234	5.46750009059906	5.38749992847443	5.28999996185303	5.16750001907349	5.42749989032745	5.55249989032745	5.43250012397767	5.59499990940094	5.82499992847443	5.70999991893769	5.3199999332428	4.99499988555908	4.88999998569489	4.62250006198883	4.56500005722046	4.66750001907349	4.62499988079071	4.64750003814697	4.64000010490418	4.83750009536743	4.98249995708466	5.06749999523163	4.92750012874603	4.88250005245209	5.02250003814697	5.61000013351441	5.66999983787537	5.39250016212464	5.44249999523163	5.55499982833862			
2024-07-01	2024-06-28	DMAC	Diamedica Therapeutics Inc.	Von Koch Thomas	10%	P - Purchase	2.5	1200000	5,526,435	+28%	+$3,000,000	3e+06	16:27:16	3	2.5	2.87500005960465	2.91999995708465	2.86250001192093	2.89257502555847	3.01902502775192	3.06999999284745	3.01875001192093	3.11120003461838	3.32099997997284	3.53347498178482	3.47750002145767	3.37999999523163	3.36000001430511	3.27249997854233	3.41482496261597	3.45250004529953	3.57390004396439	3.68500000238419	3.68250000476837	3.65749996900558	3.6774999499321	3.43250000476837	3.49750000238419	3.36747497320175	3.36250001192093	3.37999999523163	3.3357999920845	3.32252496480942	3.49742501974106	3.59779995679855	3.58499997854233	3.52999997138977	3.50999999046326	3.52999997138977	3.56749999523163	3.63169997930527	3.66500002145767	3.88002496957779	3.9650000333786	4.00000011920929	3.9724999666214	3.99124997854233	3.97000002861023				
2024-07-01	2024-06-28	DMAC	Diamedica Therapeutics Inc.	Stahlberg Jan	10%	P - Purchase	2.5	1200000	5,221,608	+30%	+$3,000,000	3e+06	16:24:38	3	2.5	2.87500005960465	2.91999995708465	2.86250001192093	2.89257502555847	3.01902502775192	3.06999999284745	3.01875001192093	3.11120003461838	3.32099997997284	3.53347498178482	3.47750002145767	3.37999999523163	3.36000001430511	3.27249997854233	3.41482496261597	3.45250004529953	3.57390004396439	3.68500000238419	3.68250000476837	3.65749996900558	3.6774999499321	3.43250000476837	3.49750000238419	3.36747497320175	3.36250001192093	3.37999999523163	3.3357999920845	3.32252496480942	3.49742501974106	3.59779995679855	3.58499997854233	3.52999997138977	3.50999999046326	3.52999997138977	3.56749999523163	3.63169997930527	3.66500002145767	3.88002496957779	3.9650000333786	4.00000011920929	3.9724999666214	3.99124997854233	3.97000002861023				
2024-07-01	2024-06-27	PEO	Adams Natural Resources Fund, Inc.	Saba Capital Management, L.P.	10%	P - Purchase	23.53	28486	2,698,567	+1%	+$670,376	670275.58	16:07:10	4	23.53	23.5475001335144	23.5775003433228	23.5100002288818	23.5424995422364	23.5149998664856	23.227499961853	23.1275000572205	23.0824999809265	23.3499999046326	23.6250004768372	23.7950000762939	23.8774995803833	24.0725002288819	24.2549996376038	24.1449999809265	23.9274997711182	23.7824997901917	23.6049995422364	23.6775002479553	23.9349999427796	23.9400000572205	24.107500076294	24.3849997520447	24.1324996948242	23.5474996566773	22.5324997901917	22.5050005912781	22.6074995994568	22.732500076294	22.9375	23.0550003051758	22.857500076294	22.9474997520447	23.1399998664856	23.0949997901917	23.170000076294	22.9025001525879	22.8075003623963	22.7174997329712	22.9175004959106	23.3275003433228	23.3750004768372	23.0699996948243	23.2699999809265			
2024-07-01	2024-06-27	ACRS	Aclaris Therapeutics, Inc.	Leonard Braden Michael	10%	P - Purchase	1.13	1543434	24,882,706	+7%	+$1,742,075	1744080.42	13:39:08	4	1.13	1.12250000238419	1.15500000119209	1.15749999880791	1.16124996542931	1.17750000953674	1.25	1.28249999880791	1.26249998807907	1.27749997377396	1.29000002145767	1.33750000596046	1.34750002622604	1.375	1.31000000238419	1.31749999523163	1.34000000357628	1.37999999523163	1.38749998807907	1.36625000834465	1.37000000476837	1.36250001192093	1.32124999165535	1.32874998450279	1.35249999165535	1.29499998688698	1.23400002717972	1.25249999761582	1.22874999046326	1.18500000238419	1.16999998688698	1.16375002264977	1.16625002026558	1.19249999523163	1.19749999046326	1.17750000953675	1.23499998450279	1.25999999046326	1.25749999284744	1.23000001907349	1.21750003099442	1.21000003814698	1.19750002026558	1.1875	1.1875			
2024-07-01	2024-06-28	GSAT	Globalstar, Inc.	Monroe James III	Dir, 10%	P - Purchase	1.06	4510855	1,097,262,285	0%	+$4,800,001	4781506.3	10:30:12	3	1.06	16.4624996185303	16.3125	16.5374999046326	17.8875002861023	19.2374997138977	19.4249997138977	19.125	19.6500000953674	19.3125	19.4625000953674	19.7625002861023	19.0875000953675	18.4124999046326	17.8875002861023	18.0374994277954	18.5624995231629	18.3375000953674	18.2250003814697	18.5625	18.1500000953674	17.8125	18.2249999046326	17.8125004768372	16.6875	16.0125000476837	16.4625000953674	16.7249999046326	17.4375	17.7374997138977	17.7375001907349	18.0374999046326	18.0749998092651	18.5625	18.7124996185303	19.5000004768372	19.6124997138977	20.6625003814698	21.8249998092652	21.7875003814698	21.8625001907349	20.8875002861023	19.6875	19.0874996185303				
2024-07-01	2024-06-27	TSHA	Taysha Gene Therapies, Inc.	Manning Paul B	10%	P - Purchase	2.25	1333333	24,851,111	+6%	+$2,999,999	2999999.25	08:00:07	4	2.25	2.19749999046326	2.309750020504	2.22750002145767	2.20625001192093	2.10000002384186	2.15874999761581	2.25749999284744	2.26999998092651	2.40125000476837	2.42999994754791	2.46000003814698	2.47000002861023	2.35500001907349	2.29000008106232	2.20149999856949	2.16000002622604	2.20499992370605	2.25499999523163	2.27275002002716	2.29124993085861	2.26249998807907	2.27499997615814	2.24375003576279	2.20500004291535	2.08749997615814	2.00749996304512	2.0900000333786	2.0662499666214	2.06874996423722	2.10125005245209	2.09750002622604	2.16749995946884	2.28249996900558	2.30499994754791	2.26499998569489	2.26999998092652	2.25999999046326	2.27375000715256	2.23725003004074	2.22500002384186	2.19500005245208	2.18000000715255	2.10249996185303	2.14125001430511			
2024-06-28	2024-06-26	AGAE	Allied Gaming & Entertainment Inc.	Choi Roy	10%	P - Purchase	1.28	608000	11,418,092	+6%	+$778,160	778240	21:08:15	2	1.28	1.28000000119209	1.24500000476837	1.28499999642372	1.25	1.23249998688698	1.34000000357628	1.36375001072883	1.43024998903275	1.47750002145767	1.49250000715256	1.44200000166893	1.33524999022484	1.30824995040894	1.34874999523163	1.35875001549721	1.36500000953674	1.39000004529953	1.41249999403954	1.36249998211861	1.32649996876717	1.41099995374679	1.41374999284744	1.4099999666214	1.46749997138977	1.47224998474121	1.30499997735023	1.21374997496605	1.23225000500679	1.2362499833107	1.26999998092651	1.26250001788139	1.24250000715256	1.29350000619889	1.2775000333786	1.25499999523163	1.31749999523163	1.42250001430512	1.27575001120567	1.25025001168251	1.19750002026558	1.27499997615814	1.29499998688698					
2024-06-28	2024-06-28	TXO	Txo Partners, L.P.	Hutton Keith A	Pres  of Prod, Develop, 10%	P - Purchase	20	878000	4,000,215	+28%	+$17,560,000	17560000	18:39:55	0	20	20.8949999809265	20.7974996566772	20.9574995040894	21.1724996566772	21.2049999237061	20.7800002098084	21.0324997901917	21.1399993896484	21.2574996948242	20.875	20.9124994277954	20.9625000953674	21.0949997901917	20.9849996566773	21.0050005912781	20.9250001907348	20.5824999809265	20.3725004196167	20.2249999046326	19.9524998664856	20.2624998092651	20.4185004234314	20.5240001678467	19.7775001525879	19.2862501144409	19.6624994277954	20.3250002861023	20.2482500076294	20.3700003623963	20.5199999809265	20.5782499313354	20.4362497329712	20.4249997138977	20.4025006294251	20.6887497901917	19.8849997520447	19.5859994888306	19.2125000953674	19.3200001716614	19.5900001525879							
2024-06-28	2024-06-28	TXO	Txo Partners, L.P.	Simpson Bob R	COB, CEO, 10%	P - Purchase	20	1e+05	4,500,000	+2%	+$2,000,000	2e+06	18:38:07	0	20	20.8949999809265	20.7974996566772	20.9574995040894	21.1724996566772	21.2049999237061	20.7800002098084	21.0324997901917	21.1399993896484	21.2574996948242	20.875	20.9124994277954	20.9625000953674	21.0949997901917	20.9849996566773	21.0050005912781	20.9250001907348	20.5824999809265	20.3725004196167	20.2249999046326	19.9524998664856	20.2624998092651	20.4185004234314	20.5240001678467	19.7775001525879	19.2862501144409	19.6624994277954	20.3250002861023	20.2482500076294	20.3700003623963	20.5199999809265	20.5782499313354	20.4362497329712	20.4249997138977	20.4025006294251	20.6887497901917	19.8849997520447	19.5859994888306	19.2125000953674	19.3200001716614	19.5900001525879							
2024-06-28	2024-06-26	CTRN	Citi Trends Inc	Fund 1 Investments, LLC	10%	P - Purchase	21.4	61500	2,541,986	+2%	+$1,315,940	1316100	17:56:34	2	21.4	21.5649995803833	21.4974999427796	20.5325002670288	19.4074997901917	19.3849997520447	19.3625001907349	19.4375	19.0675001144409	18.8924999237061	19.1524996757508	19.1174998283387	20.2750000953674	20.4474997520447	20.534999370575	20.2224998474121	19.4225001335144	19.5475001335144	19.9125003814697	19.4400000572205	18.8075003623962	18.8799996376037	18.7525000572205	18.9050002098084	19.3750004768372	18.8625001907349	17.1849999427795	16.2625002861023	16.5374994277954	16.2424998283386	16.4549999237061	16.4450001716614	15.8800003528595	16.1450002193451	16.1850001811981	16.2275002002716	16.19500041008	15.8525004386902	15.3650002479553	15.5325002670288	15.3899998664856	15.6124999523163	16.2650001049042					
2024-06-27	2024-06-25	RH	Rh	Friedman Gary G	COB, CEO, 10%	P - Purchase	216.1	46274	3,351,337	+1%	+$9,999,978	9999811.4	19:47:18	2	216.1	217.540004730225	235.702499389649	243.412498474121	240.51250076294	245.237499237061	244.729995727539	241.095001220703	242.3125	239.317497253418	242.850002288819	262.314994812012	273.012496948242	274.55249786377	286.930007934571	288.889999389648	280.915000915528	273.720001220703	264.797496795654	257.604999542237	257.064998626709	257.137496948242	273.714996337891	285.327499389648	287.055000305176	289.577499389649	279.627502441406	258.67749786377	242.057498931885	249.702499389648	255.240001678467	249.0625	254.752494812012	248.382495880127	253.592502593994	259.265003204346	270.527496337891	267.769996643067	270.140007019043	264.815002441407	269.322502136231	265.669998168946	274.982498168945					
2024-06-27	2024-06-25	TTSH	Tile Shop Holdings, Inc.	Fund 1 Investments, LLC	10%	P - Purchase	6.87	78956	8,089,301	+1%	+$542,298	542427.72	17:03:50	2	6.87	6.83749997615814	6.83999991416931	6.89999997615814	6.86500000953674	6.8199999332428	6.92499995231629	6.80249989032746	6.8199999332428	6.82999992370606	6.85249996185303	7.12749993801117	7.27999997138977	7.23000001907349	7.25249993801117	7.21749997138977	7.09249985218048	7.01999998092652	7.00499999523163	7.05499994754791	6.99749994277954	7	7.04750013351441	7.10749995708466	7.20250010490418	7.19749999046326	7.08999991416931	6.61499989032745	6.18000006675721	6.12250006198883	6.08249986171723	6.01499998569489	6.05750000476837	5.99000000953675	5.98000001907349	5.9099999666214	6.09249997138977	6.14249992370606	6.1525000333786	6.04999995231629	5.96250009536743	5.85750007629395	5.97749996185303					
2024-06-27	2024-06-27	AUID	Authid Inc.	Garchik Stephen Jeffrey	10%	P - Purchase	7.5	150000	1,446,391	+12%	+$1,125,000	1125000	16:30:14	0	7.5	10.0474998950958	10.1214997768402	9.61250019073486	9.88375020027161	9.90249991416932	9.92249989509584	9.51099991798401	9.35500001907349	9.05975008010864	9.24499988555908	10.3400001525879	10.6812498569489	10.3962500095367	10.0325000286102	9.68250036239624	9.84050011634827	9.50499987602234	9.20749998092651	9.15249991416931	9.33999991416931	9.36249995231628	9.16649985313416	9.33375000953674	9.44624996185303	8.81124997138977	8.32249999046326	8.35875010490418	8.22374987602234	8.13750004768372	8.32500004768372	8.17999982833862	8.43499994277955	9.01749992370605	9.56500005722045	9.61749982833863	8.88324999809265	8.59100008010864	8.38824987411499	8.0974999666214	7.85375022888184							
2024-06-27	2024-06-26	AESI	Atlas Energy Solutions Inc.	Shepard Gregory M	Member of 10% Owner Group	P - Purchase	19.64	40872	7,445,069	+1%	+$802,726	802726.08	15:19:02	1	19.64	19.7075004577637	19.9537496566773	20.0550003051758	19.6662502288818	19.7799997329712	20.3634991645813	20.2999997138977	19.8924999237061	20.1587495803833	20.7900004386902	21.0525002479553	21.2049999237061	21.6525001525879	21.9300003051758	21.6150002479553	20.8824996948243	20.5374999046326	20.5325002670288	20.3899998664856	20.4825000762939	20.8412504196167	20.6512503623962	20.7287497520447	21.2500004768372	20.7862496376038	19.4675002098084	17.9987497329712	18.7912497520447	19.512499332428	19.5650000572205	19.7562499046325	19.7650003433228	19.6424999237061	19.616250038147	19.9075002670288	20.1204996109009	20.2550001144409	20.0112500190735	20.1075005531311	20.1200003623963	20.6950001716614						
2024-06-27	2024-06-26	VCRDX	Versus Capital Infrastructure Income Fund	Versus Capital Advisors LLC	Investment Adviser, 10%	P - Purchase	10.24	2441406	5,451,007	+81%	+$25,000,000	24999997.44	14:21:20	1	10.24	10.25	10.2600002288818	10.2600002288818	10.2700004577637	10.2799997329712	10.2799997329712	10.289999961853	10.289999961853	10.289999961853	10.289999961853	10.3000001907349	10.3000001907349	10.3000001907349	10.3100004196167	10.3100004196167	10.3199996948242	10.3199996948242	10.3199996948242	10.3199996948242	10.3199996948242	10.3299999237061	10.3299999237061	10.3299999237061	10.3400001525879	10.3299999237061	10.3400001525879	10.3299999237061	10.3400001525879	10.3400001525879	10.3500003814697	10.3599996566772	10.3599996566772	10.3599996566772	10.1000003814697	10.1000003814697	10.1099996566772	10.1099996566772	10.1199998855591	10.1300001144409	10.1300001144409	10.1400003433228						
2024-06-27	2024-06-25	PEO	Adams Natural Resources Fund, Inc.	Saba Capital Management, L.P.	10%	P - Purchase	23.34	33097	2,670,081	+1%	+$772,612	772483.98	14:04:33	2	23.34	23.4475002288819	23.4275002479553	23.5475001335144	23.5775003433228	23.5100002288818	23.5424995422364	23.5149998664856	23.227499961853	23.1275000572205	23.0824999809265	23.3499999046326	23.6250004768372	23.7950000762939	23.8774995803833	24.0725002288819	24.2549996376038	24.1449999809265	23.9274997711182	23.7824997901917	23.6049995422364	23.6775002479553	23.9349999427796	23.9400000572205	24.107500076294	24.3849997520447	24.1324996948242	23.5474996566773	22.5324997901917	22.5050005912781	22.6074995994568	22.732500076294	22.9375	23.0550003051758	22.857500076294	22.9474997520447	23.1399998664856	23.0949997901917	23.170000076294	22.9025001525879	22.8075003623963	22.7174997329712	22.9175004959106					
2024-06-26	2024-06-24	CLIR	Clearsign Technologies Corp	Hoffman Robert Thurston Sr	10%	P - Purchase	0.91	3350000	9,887,840	+51%	+$3,048,500	3048500	20:04:00	2	0.91	0.647499993443489	0.727500006556511	0.882500007748604	0.879999995231629	0.852500006556511	0.882500007748604	0.884999990463257	0.867499992251396	0.897499993443489	0.910000011324883	0.882500007748604	0.829999998211861	0.837500005960465	0.840000003576279	0.85249999165535	0.897499993443489	0.877500012516976	0.877500012516975	0.899999991059303	0.892499998211861	0.887500002980233	0.869999989867211	0.875	0.890000000596047	0.872500002384186	0.862499997019768	0.827500000596046	0.792499989271164	0.742499992251396	0.737499997019768	0.732500001788139	0.695000007748604	0.69250001013279	0.692499995231629	0.717500001192093	0.732500001788139	0.735000014305115	0.734999999403954	0.734999999403954	0.717500016093254	0.717500001192093	0.714999988675118	0.760000005364418				
2024-06-25	2024-06-21	CTRN	Citi Trends Inc	Fund 1 Investments, LLC	10%	P - Purchase	21.29	97000	2,480,486	+4%	+$2,065,568	2065130	17:11:24	4	21.29	21.3024997711182	21.0949997901917	21.5625	21.5649995803833	21.4974999427796	20.5325002670288	19.4074997901917	19.3849997520447	19.3625001907349	19.4375	19.0675001144409	18.8924999237061	19.1524996757508	19.1174998283387	20.2750000953674	20.4474997520447	20.534999370575	20.2224998474121	19.4225001335144	19.5475001335144	19.9125003814697	19.4400000572205	18.8075003623962	18.8799996376037	18.7525000572205	18.9050002098084	19.3750004768372	18.8625001907349	17.1849999427795	16.2625002861023	16.5374994277954	16.2424998283386	16.4549999237061	16.4450001716614	15.8800003528595	16.1450002193451	16.1850001811981	16.2275002002716	16.19500041008	15.8525004386902	15.3650002479553	15.5325002670288	15.3899998664856	15.6124999523163			
2024-06-25	2024-06-20	MCFT	Mastercraft Boat Holdings, Inc.	Coliseum Capital Management, LLC	10%	P - Purchase	19.49	107516	6,661,878	+2%	+$2,095,411	2095486.84	08:33:29	5	19.49	19.4224996566773	19.7324995994568	19.5550003051758	19.0274996757507	18.8295001983643	18.8764996528626	18.4249997138977	17.8444995880127	17.7675004005433	17.5224995613098	17.6129999160767	17.7477502822876	17.6875004768372	18.504499912262	19.0174999237061	19.1575002670288	19.9577503204346	20.414999961853	20.5199999809265	20.3137502670288	20.232500076294	20.0237498283386	19.6199998855591	19.9832496643066	21.0262503623963	21.1050000190735	20.9400000572205	21.6012496948242	20.9312500953674	20.1024994850159	19.4007506370545	19.7300000190735	19.7600002288818	19.7925004959107	20.2325000762939	20.0475001335144	19.7874994277954	19.3674998283386	19.5875000953675	19.7039995193482	19.6050004959107	19.4549999237061	19.6912493705749	19.5862503051758	20.0349998474121		
2024-06-24	2024-06-20	AESI	Atlas Energy Solutions Inc.	Shepard Gregory M	Member of 10% Owner Group	P - Purchase	19.1	79525	7,402,150	+1%	+$1,518,778	1518927.5	20:48:42	4	19.1	19.3925004005432	19.7587494850159	20.1100001335144	19.7774996757507	19.7075004577637	19.9537496566773	20.0550003051758	19.6662502288818	19.7799997329712	20.3634991645813	20.2999997138977	19.8924999237061	20.1587495803833	20.7900004386902	21.0525002479553	21.2049999237061	21.6525001525879	21.9300003051758	21.6150002479553	20.8824996948243	20.5374999046326	20.5325002670288	20.3899998664856	20.4825000762939	20.8412504196167	20.6512503623962	20.7287497520447	21.2500004768372	20.7862496376038	19.4675002098084	17.9987497329712	18.7912497520447	19.512499332428	19.5650000572205	19.7562499046325	19.7650003433228	19.6424999237061	19.616250038147	19.9075002670288	20.1204996109009	20.2550001144409	20.0112500190735	20.1075005531311	20.1200003623963			
2024-06-24	2024-06-20	NN	Nextnav Inc.	Samberg Joseph D	10%	P - Purchase	7.46	315200	12,580,200	+3%	+$2,350,862	2351392	20:16:11	4	7.46	7.57125008106232	7.80774998664856	8.37250018119812	8.06000006198883	7.9225001335144	8.07249999046326	8.05750024318695	7.98249995708466	7.91000008583069	8.18250012397766	8.33500003814697	8.38749980926514	8.33750009536743	8.55374979972839	8.52750015258789	8.95124983787537	9.30325007438659	9.15100002288818	8.83224987983704	8.20249974727631	8.15750026702881	8.47050023078919	8.49450016021729	8.36524987220764	8.33375024795532	8.26824986934662	8.07249999046326	8.22750020027161	8.06000018119812	7.4375	6.93999993801117	7.60750007629395	7.80250012874603	7.3474999666214	7.3474999666214	7.2700001001358	7.42749989032745	7.4375	7.77125000953674	7.56000018119812	7.26749992370606	7.09124994277954	7.0625	6.80874991416931			
2024-06-24	2024-06-20	TTSH	Tile Shop Holdings, Inc.	Fund 1 Investments, LLC	10%	P - Purchase	6.95	174700	8,010,345	+2%	+$1,214,253	1214165	17:00:43	4	6.95	6.92750000953674	6.93249988555908	6.91250002384186	6.83749997615814	6.83999991416931	6.89999997615814	6.86500000953674	6.8199999332428	6.92499995231629	6.80249989032746	6.8199999332428	6.82999992370606	6.85249996185303	7.12749993801117	7.27999997138977	7.23000001907349	7.25249993801117	7.21749997138977	7.09249985218048	7.01999998092652	7.00499999523163	7.05499994754791	6.99749994277954	7	7.04750013351441	7.10749995708466	7.20250010490418	7.19749999046326	7.08999991416931	6.61499989032745	6.18000006675721	6.12250006198883	6.08249986171723	6.01499998569489	6.05750000476837	5.99000000953675	5.98000001907349	5.9099999666214	6.09249997138977	6.14249992370606	6.1525000333786	6.04999995231629	5.96250009536743	5.85750007629395			
2024-06-24	2024-06-21	BEN	Franklin Resources Inc	Johnson Charles B	10%	P - Purchase	22.8	2e+05	92,786,533	0%	+$4,559,040	4560000	12:48:19	3	22.8	23.0524997711182	22.9400000572205	22.710000038147	22.6175003051758	22.3425002098083	22.2774996757508	22.1974997520447	22.4225001335144	22.2049999237061	22.1624999046325	22.039999961853	22.2824997901917	22.9974999427796	23.2150001525879	23.2649998664856	23.6174998283386	23.9375	23.7950000762939	23.5175004005432	23.4525008201599	23.3899998664856	23.0999999046326	23.3299999237061	23.5374999046326	22.7449998855591	22.7324995994568	22.857500076294	22.6474995613098	21.8224997520447	21.2949995994568	21.675000667572	21.8150000572205	21.7900004386902	22.0075001716614	21.8499999046326	21.8375000953675	21.9800000190735	22.397500038147	22.5724997520447	22.7375001907349	22.6574997901917	21.1725001335144	20.3474998474121				
2024-06-21	2024-06-18	CRMT	Americas Carmart Inc	Peterson Adam K	10%	P - Purchase	57.74	26410	768,410	+4%	+$1,524,913	1524913.4	16:32:21	3	57.74	58.9974994659424	59.5999994277954	60.9099998474121	59.9949998855591	60.022500038147	59.9899988174439	60.4074993133545	60.170000076294	59.7224988937378	60.420000076294	59.0900001525879	60.4525003433228	60.2349996566773	60.0799999237061	63.8175001144409	67.1049995422364	68.5174999237061	69.9274997711182	69.0025005340576	66.9274978637696	64.8749990463257	64.7575006484986	66.2274990081787	66.6625003814698	66.6424980163574	68.5375003814697	68.5925006866455	68.3250007629395	69.1475009918213	67.6025009155273	62.1374998092652	60.6949996948242	60.9599990844727	59.9050006866455	59.6024999618531	58.8900003433228	58.4474992752076	58.7074995040894	58.6925001144409	59.9950008392334	61.3249998092651	60.7550001144409					
2024-06-21	2024-06-18	RMAX	Re/max Holdings, Inc.	Peterson Adam K	10%	P - Purchase	8.31	60629	3,098,472	+2%	+$503,801	503826.99	16:25:01	3	8.31	8.34749984741211	8.37250018119812	8.29250001907349	8.02750015258789	8.06000006198883	8.16499996185303	8.19250011444092	8.09499990940094	8.09500002861023	8.14499998092652	8.09500002861023	8.20749998092652	8.17750000953675	8.17750000953674	8.57500004768372	8.72749996185303	9.00249981880188	9.60249996185303	9.76749992370604	9.7024998664856	9.33249998092651	9.31250023841858	9.46499991416931	9.34750008583069	9.25000023841858	9.47749996185303	9.59250020980835	9.50000023841858	9.6674997806549	9.43499970436096	8.90000033378601	8.69000005722046	8.75249981880188	8.63750004768372	8.60750007629395	9.46499967575073	9.17999982833862	9.44249987602234	9.8325002193451	10.1025002002716	10.190000295639	10.5300002098084					
2024-06-21	2024-06-20	FSHP	Flag Ship Acquisition Corp	Whale Management Corp	10%	P - Purchase	10	238000	1,963,000	+14%	+$2,380,000	2380000	16:23:09	1	10	10	10																																													
2024-06-20	2024-06-17	CTRN	Citi Trends Inc	Fund 1 Investments, LLC	10%	P - Purchase	21.75	74190	2,383,486	+3%	+$1,613,791	1613632.5	17:56:05	3	21.75	21.9099998474121	21.7525000572205	21.6100001335144	21.3024997711182	21.0949997901917	21.5625	21.5649995803833	21.4974999427796	20.5325002670288	19.4074997901917	19.3849997520447	19.3625001907349	19.4375	19.0675001144409	18.8924999237061	19.1524996757508	19.1174998283387	20.2750000953674	20.4474997520447	20.534999370575	20.2224998474121	19.4225001335144	19.5475001335144	19.9125003814697	19.4400000572205	18.8075003623962	18.8799996376037	18.7525000572205	18.9050002098084	19.3750004768372	18.8625001907349	17.1849999427795	16.2625002861023	16.5374994277954	16.2424998283386	16.4549999237061	16.4450001716614	15.8800003528595	16.1450002193451	16.1850001811981	16.2275002002716	16.19500041008					
2024-06-20	2024-06-18	PYYX	Pyxus International, Inc.	Owl Creek Asset Management, L.P.	10%	P - Purchase	2.8	325374	3,054,205	+12%	+$911,047	911047.2	16:15:11	2	2.8	3.29999995231628	3.11000001430511	3.02500003576279	3.125	3.25	2.95000004768372	2.88999998569489	3.00999999046326	2.86000001430511	3	3.00499999523163	2.8125	2.75	2.80500000715256	2.75499999523163	2.73750001192093	2.75	2.75	2.72000002861023	2.6700000166893	2.74000000953674	2.62000000476837	2.74000000953674	2.5550000667572	2.73000001907349	2.48500001430511	2.46000003814697	2.46000003814697	3	3	2.48000001907349	2.48000001907349	2.875	2.87749999761582	2.87999999523163	2.91999995708466	2.89500010013581	2.75	2.67499995231629	2.88499999046326	3						
2024-06-20	2024-06-17	CLOV	Clover Health Investments, Corp. /de	Garipalli Vivek	Dir, 10%	P - Purchase	1.14	877567	877,567	New	+$1,000,426	1000426.38	16:03:32	3	1.14	1.12250000238419	1.05500000715256	1.23749998211861	1.2950000166893	1.29999998211861	1.29999998211861	1.29499998688698	1.27500000596047	1.21999999880791	1.21000000834465	1.24000000953674	1.25999999046326	1.30500000715256	1.33250001072883	1.33500000834465	1.40625002980232	1.49000000953675	1.55250000953674	1.65500003099442	1.71500000357628	1.70750001072884	1.65000000596046	1.64749997854233	1.67750000953674	1.6375000178814	1.63000002503395	1.70624998211861	1.76000002026558	1.86374998092652	1.91249999403953	1.84499996900558	1.68250000476837	1.69749999046326	1.90775001049042	1.75650000572205	1.75499999523163	1.86125001311302	1.86250001192093	1.94249999523163	2.31999999284745	2.57624995708466	2.75000005960465					
2024-06-20	2024-06-18	BEN	Franklin Resources Inc	Johnson Charles B	10%	P - Purchase	22.29	1e+05	92,586,533	0%	+$2,229,000	2229000	07:43:19	2	22.29	22.5700006484985	22.6900000572204	23.0524997711182	22.9400000572205	22.710000038147	22.6175003051758	22.3425002098083	22.2774996757508	22.1974997520447	22.4225001335144	22.2049999237061	22.1624999046325	22.039999961853	22.2824997901917	22.9974999427796	23.2150001525879	23.2649998664856	23.6174998283386	23.9375	23.7950000762939	23.5175004005432	23.4525008201599	23.3899998664856	23.0999999046326	23.3299999237061	23.5374999046326	22.7449998855591	22.7324995994568	22.857500076294	22.6474995613098	21.8224997520447	21.2949995994568	21.675000667572	21.8150000572205	21.7900004386902	22.0075001716614	21.8499999046326	21.8375000953675	21.9800000190735	22.397500038147	22.5724997520447						
2024-06-18	2024-06-14	PRTH	Priority Technology Holdings, Inc.	Priore Thomas Charles	Pres, CEO, COB, 10%	P - Purchase	3.56	598187	46,819,476	+1%	+$2,129,546	2129545.72	17:08:54	4	3.56	4.31025004386902	4.47000002861023	4.72000002861023	4.67250001430512	4.75	4.85500013828278	4.80750000476837	4.8824999332428	5.08850002288818	5.02875006198883	4.85724997520447	4.96749997138977	4.97824990749359	5.01049995422364	5.12500011920929	5.10250008106232	5.03250002861023	5.10999989509583	5.36500012874603	5.55124986171722	5.64250004291535	5.66450011730194	5.43374991416932	5.35500001907349	5.94000005722046	6.2024998664856	6.39124989509582	6.22750008106231	5.77250003814697	5.43500006198883	5.80199992656708	5.53124988079071	4.78999996185303	4.51824986934662	4.75875008106232	4.97000002861023	5.04999995231628	5.13224995136261	4.78000009059906	4.5774998664856	4.74500000476837	4.90750002861023	4.98499989509583				
2024-06-18	2024-06-14	TTSH	Tile Shop Holdings, Inc.	Fund 1 Investments, LLC	10%	P - Purchase	6.83	233700	7,835,645	+3%	+$1,595,655	1596171	17:06:25	4	6.83	6.76750004291534	6.9099999666214	6.93999993801117	6.92750000953674	6.93249988555908	6.91250002384186	6.83749997615814	6.83999991416931	6.89999997615814	6.86500000953674	6.8199999332428	6.92499995231629	6.80249989032746	6.8199999332428	6.82999992370606	6.85249996185303	7.12749993801117	7.27999997138977	7.23000001907349	7.25249993801117	7.21749997138977	7.09249985218048	7.01999998092652	7.00499999523163	7.05499994754791	6.99749994277954	7	7.04750013351441	7.10749995708466	7.20250010490418	7.19749999046326	7.08999991416931	6.61499989032745	6.18000006675721	6.12250006198883	6.08249986171723	6.01499998569489	6.05750000476837	5.99000000953675	5.98000001907349	5.9099999666214	6.09249997138977	6.14249992370606				
2024-06-18	2024-06-14	FBYD	Falcon'S Beyond Global, Inc.	Katmandu Ventures, LLC	10%	P - Purchase	3.62	1745906	1,759,542	>999%	+$6,316,862	6320179.72	16:30:05	4	3.62	9.24791646003723	9.79791688919067	9.65208315849305	9.27500009536743	9.27083325386048	9.11249995231629	8.90020847320557	8.72916626930237	8.87291669845581	8.74375009536743	8.13958334922791	7.84750008583069	7.75625002384186	7.97708296775818	8.53749966621399	8.50416660308838	9.05416679382325	9.13958334922791	9.2666666507721	9.21395802497864	9.15833330154419	9.15416669845581	9.32500028610229	9.23958325386048	9.25812482833862	8.98750019073487	9.08125019073487	9.0166666507721	8.97375011444092	8.91666698455811	9.0354163646698	8.72645807266236	8.6520836353302	8.57187485694885	8.72083282470704	8.55416655540467	8.52499985694886	8.51874995231628	8.50833368301392	8.50708341598511	8.75499963760376	8.73958325386048	9.00624990463257				
2024-06-18	2024-06-14	ACRS	Aclaris Therapeutics, Inc.	Leonard Braden Michael	10%	P - Purchase	1.15	545000	22,904,268	+2%	+$628,206	626750	16:04:29	4	1.15	1.15625002980233	1.13624998927116	1.13874998688698	1.13749998807907	1.21749997138977	1.27499997615814	1.19624999165535	1.12749999761581	1.12250000238419	1.15500000119209	1.15749999880791	1.16124996542931	1.17750000953674	1.25	1.28249999880791	1.26249998807907	1.27749997377396	1.29000002145767	1.33750000596046	1.34750002622604	1.375	1.31000000238419	1.31749999523163	1.34000000357628	1.37999999523163	1.38749998807907	1.36625000834465	1.37000000476837	1.36250001192093	1.32124999165535	1.32874998450279	1.35249999165535	1.29499998688698	1.23400002717972	1.25249999761582	1.22874999046326	1.18500000238419	1.16999998688698	1.16375002264977	1.16625002026558	1.19249999523163	1.19749999046326	1.17750000953675				
2024-06-18	2024-06-14	PEO	Adams Natural Resources Fund, Inc.	Saba Capital Management, L.P.	10%	P - Purchase	22.77	48873	2,604,860	+2%	+$1,112,884	1112838.21	14:43:38	4	22.77	22.7024998664856	22.8050003051758	22.9325003623962	22.8550000190735	23.0274996757507	23.3874998092651	23.4475002288819	23.4275002479553	23.5475001335144	23.5775003433228	23.5100002288818	23.5424995422364	23.5149998664856	23.227499961853	23.1275000572205	23.0824999809265	23.3499999046326	23.6250004768372	23.7950000762939	23.8774995803833	24.0725002288819	24.2549996376038	24.1449999809265	23.9274997711182	23.7824997901917	23.6049995422364	23.6775002479553	23.9349999427796	23.9400000572205	24.107500076294	24.3849997520447	24.1324996948242	23.5474996566773	22.5324997901917	22.5050005912781	22.6074995994568	22.732500076294	22.9375	23.0550003051758	22.857500076294	22.9474997520447	23.1399998664856	23.0949997901917				
2024-06-18	2024-06-14	NRDY	Nerdy Inc.	Cohn Charles K.	CEO, 10%	P - Purchase	1.93	347275	22,752,811	+2%	+$670,241	670240.75	09:28:54	4	1.93	1.875	1.81999996304512	1.79875001311302	1.69499999284745	1.65749999880791	1.65500000119209	1.63249999284744	1.63499999046326	1.66999998688698	1.63749998807907	1.58500000834465	1.60500001907349	1.57749998569488	1.5799999833107	1.54749998450279	1.54749998450279	1.66250002384186	1.69499999284745	1.70375001430512	1.77125003933907	1.82250002026558	1.74624997377396	1.67750000953675	1.67250001430512	1.71999996900559	1.71499997377396	1.71625000238419	1.78750002384186	1.78500002622605	1.78649997711182	1.76750001311303	1.69249999523163	1.61249995231628	1.55024999380112	1.60124999284744	1.54375001788139	1.53750002384186	0.976499989628793	0.801750004291534	0.814249992370606	0.876500010490418	0.868499994277954	0.903749987483024				
2024-06-17	2024-06-13	OXY	Occidental Petroleum Corp /De/	Berkshire Hathaway Inc	10%	P - Purchase	59.7	2947611	255,366,421	+1%	+$175,976,799	175972376.7	20:22:11	4	59.7	59.6724996566773	59.9850006103516	61.1799993515015	62.189998626709	61.7749996185303	62.4025011062622	62.9849996566773	62.7650003433228	62.9650001525879	63.107500076294	63.0600004196167	62.7849998474121	62.2650003433228	61.9974994659424	61.3150005340576	60.8725004196167	61.2025003433228	61.3024997711182	61.4849996566773	61.8050012588501	61.8175001144409	62.9000005722046	63.7400007247925	63.2700004577637	61.8549995422364	60.710000038147	60.3725004196167	60.2999992370606	60.4649991989136	60.3100004196167	60.1450004577637	61.0399990081787	59.9975004196167	57.8824996948243	55.8524999618531	56.3150005340576	56.6400003433228	58.1099996566773	58.3675003051758	58.8125	57.5650005340576	57.2650003433228	57.5300006866455				
2024-06-17	2024-06-13	MCFT	Mastercraft Boat Holdings, Inc.	Coliseum Capital Management, LLC	10%	P - Purchase	19.89	191181	6,402,727	+3%	+$3,803,255	3802590.09	20:08:42	4	19.89	19.856999874115	19.7825002670288	19.7537503242493	19.3499999046326	19.4224996566773	19.7324995994568	19.5550003051758	19.0274996757507	18.8295001983643	18.8764996528626	18.4249997138977	17.8444995880127	17.7675004005433	17.5224995613098	17.6129999160767	17.7477502822876	17.6875004768372	18.504499912262	19.0174999237061	19.1575002670288	19.9577503204346	20.414999961853	20.5199999809265	20.3137502670288	20.232500076294	20.0237498283386	19.6199998855591	19.9832496643066	21.0262503623963	21.1050000190735	20.9400000572205	21.6012496948242	20.9312500953674	20.1024994850159	19.4007506370545	19.7300000190735	19.7600002288818	19.7925004959107	20.2325000762939	20.0475001335144	19.7874994277954	19.3674998283386	19.5875000953675				
2024-06-17	2024-06-13	MPAA	Motorcar Parts of America Inc	Bison Capital Partners Vi-A, L.P.	Dir, 10%	P - Purchase	5.83	150000	250,000	+150%	+$874,000	874500	15:44:16	4	5.83	5.75	5.73249995708466	6.40000009536743	6.31500005722046	6.44000005722046	6.4025000333786	6.10249996185303	5.97000014781952	5.98499989509582	6.0475001335144	6.18250012397766	6.00499999523163	5.9724999666214	5.90250015258789	5.80000007152558	5.96249997615814	6.14249992370606	6.2849999666214	6.4375	6.38749992847443	6.34499990940094	6.51750004291535	6.38749992847443	6.23249995708466	6.19249999523163	6.2150000333786	5.96499979496002	5.83500003814697	5.97500002384186	5.96749985218048	6.07249999046326	6.06000006198883	6.00999999046326	5.91250002384186	5.83749985694885	5.94000005722046	5.94750010967255	5.91250002384186	5.96249997615814	6.20249998569489	6.24249994754791	6.13500010967255	6.24749994277954				
2024-06-17	2024-06-13	MPAA	Motorcar Parts of America Inc	Bison Capital Partners Vi, L.P.	Dir, 10%	P - Purchase	5.83	150000	250,000	+150%	+$874,000	874500	15:40:33	4	5.83	5.75	5.73249995708466	6.40000009536743	6.31500005722046	6.44000005722046	6.4025000333786	6.10249996185303	5.97000014781952	5.98499989509582	6.0475001335144	6.18250012397766	6.00499999523163	5.9724999666214	5.90250015258789	5.80000007152558	5.96249997615814	6.14249992370606	6.2849999666214	6.4375	6.38749992847443	6.34499990940094	6.51750004291535	6.38749992847443	6.23249995708466	6.19249999523163	6.2150000333786	5.96499979496002	5.83500003814697	5.97500002384186	5.96749985218048	6.07249999046326	6.06000006198883	6.00999999046326	5.91250002384186	5.83749985694885	5.94000005722046	5.94750010967255	5.91250002384186	5.96249997615814	6.20249998569489	6.24249994754791	6.13500010967255	6.24749994277954				
2024-06-17	2024-06-13	MPAA	Motorcar Parts of America Inc	Trussler Douglas B	Dir, 10%	P - Purchase	5.83	150000	250,000	+150%	+$874,000	874500	15:34:58	4	5.83	5.75	5.73249995708466	6.40000009536743	6.31500005722046	6.44000005722046	6.4025000333786	6.10249996185303	5.97000014781952	5.98499989509582	6.0475001335144	6.18250012397766	6.00499999523163	5.9724999666214	5.90250015258789	5.80000007152558	5.96249997615814	6.14249992370606	6.2849999666214	6.4375	6.38749992847443	6.34499990940094	6.51750004291535	6.38749992847443	6.23249995708466	6.19249999523163	6.2150000333786	5.96499979496002	5.83500003814697	5.97500002384186	5.96749985218048	6.07249999046326	6.06000006198883	6.00999999046326	5.91250002384186	5.83749985694885	5.94000005722046	5.94750010967255	5.91250002384186	5.96249997615814	6.20249998569489	6.24249994754791	6.13500010967255	6.24749994277954				
2024-06-17	2024-06-13	NRDY	Nerdy Inc.	Cohn Charles K.	CEO, 10%	P - Purchase	1.88	347275	22,405,536	+2%	+$652,877	652877	09:06:56	4	1.88	1.94499999284744	1.875	1.81999996304512	1.79875001311302	1.69499999284745	1.65749999880791	1.65500000119209	1.63249999284744	1.63499999046326	1.66999998688698	1.63749998807907	1.58500000834465	1.60500001907349	1.57749998569488	1.5799999833107	1.54749998450279	1.54749998450279	1.66250002384186	1.69499999284745	1.70375001430512	1.77125003933907	1.82250002026558	1.74624997377396	1.67750000953675	1.67250001430512	1.71999996900559	1.71499997377396	1.71625000238419	1.78750002384186	1.78500002622605	1.78649997711182	1.76750001311303	1.69249999523163	1.61249995231628	1.55024999380112	1.60124999284744	1.54375001788139	1.53750002384186	0.976499989628793	0.801750004291534	0.814249992370606	0.876500010490418	0.868499994277954				
2024-06-17	2024-06-13	GLSI	Greenwich Lifesciences, Inc.	Patel Snehal	CEO, CFO, 10%	P - Purchase	14.3	174825	5,525,602	+3%	+$2,499,998	2499997.5	06:10:09	4	14.3	14.9512500762939	16.4700002670288	16.9125003814697	15.6625001430512	15.8125	16.1099996566773	15.8800001144409	16.3125	17.0924997329712	17.0274996757507	16.8700003623963	17.2375001907349	16.9867506027222	16.6449995040894	16.6332502365113	15.9150004386902	15.6875002384186	15.9535000324249	15.8650000095368	15.7450001239777	15.8700001239777	15.8312499523163	16.0202498435974	15.227499961853	15.2599999904633	15.9475002288818	15.8987503051758	16.2350001335144	16.4587495326996	15.9047501087189	15.8004999160767	15.9725000858307	15.6260001659393	14.7025001049042	13.3775000572205	13.7125000953674	14.0599999427796	14.0775001049042	13.8032500743866	13.4324998855591	13.5192501544952	13.3150000572205	13.6370000839234				
2024-06-14	2024-06-14	FOUR	Shift4 Payments, Inc.	Isaacman Jared	COB, CEO, 10%	P - Purchase	69.4	14486	666,117	+2%	+$1,005,310	1005328.4	18:15:58	0	69.4	70.8724994659424	69.4492511749268	70.001501083374	70.4287490844726	70.8589992523194	70.5325012207032	70.7224998474121	72.3702487945557	73.4749984741211	73.3749980926513	73.4650001525879	73.1749992370606	72.7357501983643	73.7900009155274	72.6499996185303	69.8174991607666	69.0374984741211	70.2994995117188	70.9699993133545	72.5125007629395	71.9950008392334	68.8857498168946	66.3425006866455	67.862497329712	68.9799995422363	67.4362506866455	67.3950004577637	69.3924999237061	69.3337497711182	68.8975009918213	69.1324996948242	66.4624996185303	62.4849996566773	59.6549997329712	62.1525001525879	64.1449995040894	69.4224967956543	70.9124984741211	72.1774997711182								
2024-06-14	2024-06-12	CTRN	Citi Trends Inc	Fund 1 Investments, LLC	10%	P - Purchase	21.74	75015	2,309,296	+3%	+$1,631,027	1630826.1	17:14:48	2	21.74	21.9525003433228	21.7075004577637	21.7199997901917	21.9099998474121	21.7525000572205	21.6100001335144	21.3024997711182	21.0949997901917	21.5625	21.5649995803833	21.4974999427796	20.5325002670288	19.4074997901917	19.3849997520447	19.3625001907349	19.4375	19.0675001144409	18.8924999237061	19.1524996757508	19.1174998283387	20.2750000953674	20.4474997520447	20.534999370575	20.2224998474121	19.4225001335144	19.5475001335144	19.9125003814697	19.4400000572205	18.8075003623962	18.8799996376037	18.7525000572205	18.9050002098084	19.3750004768372	18.8625001907349	17.1849999427795	16.2625002861023	16.5374994277954	16.2424998283386	16.4549999237061	16.4450001716614	15.8800003528595						
2024-06-14	2024-06-13	PROK	Prokidney Corp.	Legorreta Pablo G.	Dir, 10%	P - Purchase	2.42	22617909	22,617,909	New	+$54,735,340	54735339.78	16:05:17	1	2.42	2.85799998044968	2.88375002145767	2.8252500295639	2.61924999952316	2.52999997138977	2.3924999833107	2.31625002622605	2.31375002861023	2.36000001430512	2.43949997425079	2.49500000476837	2.32499998807907	2.30749994516373	2.28749996423721	2.25	2.33500003814698	2.51249998807907	2.4825000166893	2.41499996185303	2.375	2.39250004291534	2.3400000333786	2.26500004529953	2.16749995946884	2.10250002145767	2.23249995708465	2.20249992609024	2.25999999046326	2.45275002717972	2.40749996900558	2.30250006914139	2.28250002861023	2.19824999570847	2.08999997377396	1.79549998044968	1.81624999642372	1.84250000119209	1.98574995994568	2.18000000715256	2.17499995231628							
2024-06-14	2024-06-14	FOUR	Shift4 Payments, Inc.	Isaacman Jared	COB, CEO, 10%	P - Purchase	69.4	14486	666,117	+2%	+$1,005,310	1005328.4	16:05:04	0	69.4	70.8724994659424	69.4492511749268	70.001501083374	70.4287490844726	70.8589992523194	70.5325012207032	70.7224998474121	72.3702487945557	73.4749984741211	73.3749980926513	73.4650001525879	73.1749992370606	72.7357501983643	73.7900009155274	72.6499996185303	69.8174991607666	69.0374984741211	70.2994995117188	70.9699993133545	72.5125007629395	71.9950008392334	68.8857498168946	66.3425006866455	67.862497329712	68.9799995422363	67.4362506866455	67.3950004577637	69.3924999237061	69.3337497711182	68.8975009918213	69.1324996948242	66.4624996185303	62.4849996566773	59.6549997329712	62.1525001525879	64.1449995040894	69.4224967956543	70.9124984741211	72.1774997711182								
2024-06-14	2024-06-12	NRDY	Nerdy Inc.	Cohn Charles K.	CEO, 10%	P - Purchase	1.8	5e+05	22,058,261	+2%	+$900,000	9e+05	08:44:43	2	1.8	1.88500002026558	1.94499999284744	1.875	1.81999996304512	1.79875001311302	1.69499999284745	1.65749999880791	1.65500000119209	1.63249999284744	1.63499999046326	1.66999998688698	1.63749998807907	1.58500000834465	1.60500001907349	1.57749998569488	1.5799999833107	1.54749998450279	1.54749998450279	1.66250002384186	1.69499999284745	1.70375001430512	1.77125003933907	1.82250002026558	1.74624997377396	1.67750000953675	1.67250001430512	1.71999996900559	1.71499997377396	1.71625000238419	1.78750002384186	1.78500002622605	1.78649997711182	1.76750001311303	1.69249999523163	1.61249995231628	1.55024999380112	1.60124999284744	1.54375001788139	1.53750002384186	0.976499989628793	0.801750004291534						
2024-06-13	2024-06-11	ACRS	Aclaris Therapeutics, Inc.	Leonard Braden Michael	10%	P - Purchase	1.11	1611200	11,007,134	+17%	+$1,781,897	1788432	18:04:27	2	1.11	1.13124999403953	1.16500002145767	1.19499999284744	1.15625002980233	1.13624998927116	1.13874998688698	1.13749998807907	1.21749997138977	1.27499997615814	1.19624999165535	1.12749999761581	1.12250000238419	1.15500000119209	1.15749999880791	1.16124996542931	1.17750000953674	1.25	1.28249999880791	1.26249998807907	1.27749997377396	1.29000002145767	1.33750000596046	1.34750002622604	1.375	1.31000000238419	1.31749999523163	1.34000000357628	1.37999999523163	1.38749998807907	1.36625000834465	1.37000000476837	1.36250001192093	1.32124999165535	1.32874998450279	1.35249999165535	1.29499998688698	1.23400002717972	1.25249999761582	1.22874999046326	1.18500000238419	1.16999998688698						
2024-06-13	2024-06-11	NRDY	Nerdy Inc.	Cohn Charles K.	CEO, 10%	P - Purchase	1.68	569976	21,558,261	+3%	+$957,560	957559.68	14:23:16	2	1.68	1.79750001430512	1.88500002026558	1.94499999284744	1.875	1.81999996304512	1.79875001311302	1.69499999284745	1.65749999880791	1.65500000119209	1.63249999284744	1.63499999046326	1.66999998688698	1.63749998807907	1.58500000834465	1.60500001907349	1.57749998569488	1.5799999833107	1.54749998450279	1.54749998450279	1.66250002384186	1.69499999284745	1.70375001430512	1.77125003933907	1.82250002026558	1.74624997377396	1.67750000953675	1.67250001430512	1.71999996900559	1.71499997377396	1.71625000238419	1.78750002384186	1.78500002622605	1.78649997711182	1.76750001311303	1.69249999523163	1.61249995231628	1.55024999380112	1.60124999284744	1.54375001788139	1.53750002384186	0.976499989628793						
2024-06-13	2024-06-11	PYYX	Pyxus International, Inc.	Glendon Capital Management LP	Dir, 10%	P - Purchase	2.8	376456	8,315,159	+5%	+$1,054,077	1054076.8	12:27:07	2	2.8	3.59999990463257	3.75000000000001	3.5	3.5	3.22500002384186	3.29999995231628	3.11000001430511	3.02500003576279	3.125	3.25	2.95000004768372	2.88999998569489	3.00999999046326	2.86000001430511	3	3.00499999523163	2.8125	2.75	2.80500000715256	2.75499999523163	2.73750001192093	2.75	2.75	2.72000002861023	2.6700000166893	2.74000000953674	2.62000000476837	2.74000000953674	2.5550000667572	2.73000001907349	2.48500001430511	2.46000003814697	2.46000003814697	3	3	2.48000001907349	2.48000001907349	2.875	2.87749999761582	2.87999999523163	2.91999995708466						
2024-06-12	2024-06-10	OXY	Occidental Petroleum Corp /De/	Berkshire Hathaway Inc	10%	P - Purchase	60.3	1750308	252,418,810	+1%	+$105,550,532	105543572.4	20:41:29	2	60.3	60.4224996566773	60.667498588562	59.9700002670288	59.6724996566773	59.9850006103516	61.1799993515015	62.189998626709	61.7749996185303	62.4025011062622	62.9849996566773	62.7650003433228	62.9650001525879	63.107500076294	63.0600004196167	62.7849998474121	62.2650003433228	61.9974994659424	61.3150005340576	60.8725004196167	61.2025003433228	61.3024997711182	61.4849996566773	61.8050012588501	61.8175001144409	62.9000005722046	63.7400007247925	63.2700004577637	61.8549995422364	60.710000038147	60.3725004196167	60.2999992370606	60.4649991989136	60.3100004196167	60.1450004577637	61.0399990081787	59.9975004196167	57.8824996948243	55.8524999618531	56.3150005340576	56.6400003433228	58.1099996566773	58.3675003051758					
2024-06-12	2024-06-10	NRDY	Nerdy Inc.	Cohn Charles K.	CEO, 10%	P - Purchase	1.59	353000	20,988,285	+2%	+$561,270	561270	19:02:04	2	1.59	1.67500001192093	1.79750001430512	1.88500002026558	1.94499999284744	1.875	1.81999996304512	1.79875001311302	1.69499999284745	1.65749999880791	1.65500000119209	1.63249999284744	1.63499999046326	1.66999998688698	1.63749998807907	1.58500000834465	1.60500001907349	1.57749998569488	1.5799999833107	1.54749998450279	1.54749998450279	1.66250002384186	1.69499999284745	1.70375001430512	1.77125003933907	1.82250002026558	1.74624997377396	1.67750000953675	1.67250001430512	1.71999996900559	1.71499997377396	1.71625000238419	1.78750002384186	1.78500002622605	1.78649997711182	1.76750001311303	1.69249999523163	1.61249995231628	1.55024999380112	1.60124999284744	1.54375001788139	1.53750002384186	0.976499989628793					
2024-06-11	2024-06-07	UHG	United Homes Group, Inc.	Nieri Pennington W.	Co-EVP - Construction, 10%	P - Purchase	5	1403019	1,486,351	>999%	+$7,015,095	7015095	21:19:01	4	5	5.875	5.7299998998642	6.43000006675721	7.10000014305115	7.13999998569489	6.95249998569489	6.61099994182586	6.19375002384186	5.95400011539459	5.63499999046326	5.63749980926514	6.04250001907349	6.28750002384186	6.09750008583069	5.80000007152558	5.78000009059906	5.83050000667572	5.71000003814697	5.87999999523163	5.92475008964539	6.09750008583069	6.2299998998642	6.31249988079071	6.32924997806549	6.34874999523163	6.31749999523163	6.33299994468689	6.36900007724762	6.3585000038147	6.41724979877472	6.23249995708466	6.04499995708466	6.02625000476837	5.80250000953675	5.92725002765656	6.0275000333786	6.21249997615814	5.93250000476837	5.75499999523163	5.6875	5.76525008678436	6.0149998664856	5.87249994277954				
2024-06-11	2024-06-07	UHG	United Homes Group, Inc.	Nieri Patrick Michael	10%	P - Purchase	5	278149	361,481	+334%	+$1,390,745	1390745	21:05:08	4	5	5.875	5.7299998998642	6.43000006675721	7.10000014305115	7.13999998569489	6.95249998569489	6.61099994182586	6.19375002384186	5.95400011539459	5.63499999046326	5.63749980926514	6.04250001907349	6.28750002384186	6.09750008583069	5.80000007152558	5.78000009059906	5.83050000667572	5.71000003814697	5.87999999523163	5.92475008964539	6.09750008583069	6.2299998998642	6.31249988079071	6.32924997806549	6.34874999523163	6.31749999523163	6.33299994468689	6.36900007724762	6.3585000038147	6.41724979877472	6.23249995708466	6.04499995708466	6.02625000476837	5.80250000953675	5.92725002765656	6.0275000333786	6.21249997615814	5.93250000476837	5.75499999523163	5.6875	5.76525008678436	6.0149998664856	5.87249994277954				
2024-06-11	2024-06-07	UHG	United Homes Group, Inc.	Lincks Maigan Nieri	10%	P - Purchase	5	278150	361,482	+334%	+$1,390,750	1390750	20:41:54	4	5	5.875	5.7299998998642	6.43000006675721	7.10000014305115	7.13999998569489	6.95249998569489	6.61099994182586	6.19375002384186	5.95400011539459	5.63499999046326	5.63749980926514	6.04250001907349	6.28750002384186	6.09750008583069	5.80000007152558	5.78000009059906	5.83050000667572	5.71000003814697	5.87999999523163	5.92475008964539	6.09750008583069	6.2299998998642	6.31249988079071	6.32924997806549	6.34874999523163	6.31749999523163	6.33299994468689	6.36900007724762	6.3585000038147	6.41724979877472	6.23249995708466	6.04499995708466	6.02625000476837	5.80250000953675	5.92725002765656	6.0275000333786	6.21249997615814	5.93250000476837	5.75499999523163	5.6875	5.76525008678436	6.0149998664856	5.87249994277954				
2024-06-11	2024-06-10	UHG	United Homes Group, Inc.	Nieri Michael P.	COB, CEO, 10%	P - Purchase	5	621328	621,328	New	+$3,106,640	3106640	20:20:51	1	5	5.7299998998642	6.43000006675721	7.10000014305115	7.13999998569489	6.95249998569489	6.61099994182586	6.19375002384186	5.95400011539459	5.63499999046326	5.63749980926514	6.04250001907349	6.28750002384186	6.09750008583069	5.80000007152558	5.78000009059906	5.83050000667572	5.71000003814697	5.87999999523163	5.92475008964539	6.09750008583069	6.2299998998642	6.31249988079071	6.32924997806549	6.34874999523163	6.31749999523163	6.33299994468689	6.36900007724762	6.3585000038147	6.41724979877472	6.23249995708466	6.04499995708466	6.02625000476837	5.80250000953675	5.92725002765656	6.0275000333786	6.21249997615814	5.93250000476837	5.75499999523163	5.6875	5.76525008678436	6.0149998664856	5.87249994277954					
2024-06-10	2024-06-06	MCFT	Mastercraft Boat Holdings, Inc.	Coliseum Capital Management, LLC	10%	P - Purchase	20.39	124451	6,121,941	+2%	+$2,537,586	2537555.89	19:25:00	4	20.39	20.460000038147	20.5	20.7087497711182	21.1175003051758	20.4650001525879	19.856999874115	19.7825002670288	19.7537503242493	19.3499999046326	19.4224996566773	19.7324995994568	19.5550003051758	19.0274996757507	18.8295001983643	18.8764996528626	18.4249997138977	17.8444995880127	17.7675004005433	17.5224995613098	17.6129999160767	17.7477502822876	17.6875004768372	18.504499912262	19.0174999237061	19.1575002670288	19.9577503204346	20.414999961853	20.5199999809265	20.3137502670288	20.232500076294	20.0237498283386	19.6199998855591	19.9832496643066	21.0262503623963	21.1050000190735	20.9400000572205	21.6012496948242	20.9312500953674	20.1024994850159	19.4007506370545	19.7300000190735	19.7600002288818	19.7925004959107				
2024-06-10	2024-06-06	TTSH	Tile Shop Holdings, Inc.	Fund 1 Investments, LLC	10%	P - Purchase	6.6	109194	7,527,642	+1%	+$720,450	720680.4	17:47:53	4	6.6	6.67499995231629	6.59000003337861	6.55500006675721	6.59249997138977	6.61500000953675	6.61000001430512	6.76750004291534	6.9099999666214	6.93999993801117	6.92750000953674	6.93249988555908	6.91250002384186	6.83749997615814	6.83999991416931	6.89999997615814	6.86500000953674	6.8199999332428	6.92499995231629	6.80249989032746	6.8199999332428	6.82999992370606	6.85249996185303	7.12749993801117	7.27999997138977	7.23000001907349	7.25249993801117	7.21749997138977	7.09249985218048	7.01999998092652	7.00499999523163	7.05499994754791	6.99749994277954	7	7.04750013351441	7.10749995708466	7.20250010490418	7.19749999046326	7.08999991416931	6.61499989032745	6.18000006675721	6.12250006198883	6.08249986171723	6.01499998569489				
2024-06-07	2024-06-05	OXY	Occidental Petroleum Corp /De/	Berkshire Hathaway Inc	10%	P - Purchase	59.75	2565477	250,668,502	+1%	+$153,292,504	153287250.75	21:09:08	2	59.75	59.8650007247925	59.7225008010864	60.1925001144409	60.4224996566773	60.667498588562	59.9700002670288	59.6724996566773	59.9850006103516	61.1799993515015	62.189998626709	61.7749996185303	62.4025011062622	62.9849996566773	62.7650003433228	62.9650001525879	63.107500076294	63.0600004196167	62.7849998474121	62.2650003433228	61.9974994659424	61.3150005340576	60.8725004196167	61.2025003433228	61.3024997711182	61.4849996566773	61.8050012588501	61.8175001144409	62.9000005722046	63.7400007247925	63.2700004577637	61.8549995422364	60.710000038147	60.3725004196167	60.2999992370606	60.4649991989136	60.3100004196167	60.1450004577637	61.0399990081787	59.9975004196167	57.8824996948243	55.8524999618531						
2024-06-07	2024-06-05	BOC	Boston Omaha Corp	Peterson Adam K	CEO, 10%	P - Purchase	14.17	42900	6,735,818	+1%	+$607,849	607893	18:15:54	2	14.17	13.8650000095368	13.9699997901917	14.0924999713898	14.0040001869202	14.0067501068115	13.9324998855591	13.7825000286102	13.8149998188019	14.0017499923706	13.8775000572205	13.9224998950958	13.8949999809265	13.8375000953675	13.4750001430512	13.4150002002716	13.4325001239777	13.1425001621246	12.9574999809265	12.9424998760223	12.7950000762939	12.6537501811981	12.7625000476837	12.7149999141693	13.0550000667572	13.3825001716614	13.5675001144409	13.9400000572205	14.0550000667572	13.9525001049042	13.710000038147	13.571249961853	13.6749999523163	13.6650002002716	13.7124998569489	14.5637500286103	14.5724997520447	14.5724999904633	14.7400000095367	14.4837503433228	13.8700001239777	13.2627501487732						
2024-06-07	2024-06-05	CTRN	Citi Trends Inc	Fund 1 Investments, LLC	10%	P - Purchase	22.79	54335	2,205,862	+3%	+$1,238,429	1238294.65	16:54:07	2	22.79	23.619999408722	22.6449999809265	22.4175000190735	22.1375002861023	22.3399996757507	21.9525003433228	21.7075004577637	21.7199997901917	21.9099998474121	21.7525000572205	21.6100001335144	21.3024997711182	21.0949997901917	21.5625	21.5649995803833	21.4974999427796	20.5325002670288	19.4074997901917	19.3849997520447	19.3625001907349	19.4375	19.0675001144409	18.8924999237061	19.1524996757508	19.1174998283387	20.2750000953674	20.4474997520447	20.534999370575	20.2224998474121	19.4225001335144	19.5475001335144	19.9125003814697	19.4400000572205	18.8075003623962	18.8799996376037	18.7525000572205	18.9050002098084	19.3750004768372	18.8625001907349	17.1849999427795	16.2625002861023						
2024-06-06	2024-06-04	RSVR	Reservoir Media, Inc.	Khosrowshahi Hassan	10%	P - Purchase	8.01	350000	28,776,573	+1%	+$2,804,905	2803500	19:18:10	2	8.01	8.04499983787537	7.93749988079071	7.70875000953675	7.73250007629394	7.58749985694886	7.39024996757507	7.16875004768371	7.20249998569489	7.17874991893768	7.1525000333786	6.99499988555908	6.95249998569489	7.08499991893769	6.98249995708466	7.00249981880188	7.08000004291534	7.6100002527237	7.82250010967255	7.66500008106232	7.6049998998642	7.4837498664856	7.40425002574921	7.24249994754791	7.20625007152558	7.4650000333786	7.59624993801117	7.72500002384186	7.99749994277954	8.08749973773957	7.83124995231628	7.73500001430512	7.75250005722046	8.0237500667572	8.21000003814698	8.3899998664856	8.65374994277954	8.48874998092651	8.37749981880188	7.90000009536743	7.66349995136261	7.3400000333786						
2024-06-06	2024-06-05	AFCG	Afc Gamma, Inc.	Tannenbaum Leonard M	Exec COB; CIO, 10%	P - Purchase	12.01	88835	4,028,568	+2%	+$1,066,790	1066908.35	16:42:31	1	12.01	8.19695401191711	8.2700207233429	8.2871322631836	8.23819255828857	8.33162236213684	8.43258047103882	8.46338129043579	8.54551672935486	8.57118391990662	8.56262826919556	8.58658432960511	8.09890460968018	7.9893913269043	7.9500344991684	8.04414772987366	8.23408627510071	8.31451058387757	8.32135510444641	8.34017825126648	8.30937671661377	8.30766606330872	8.08436000347137	8.38375020027161	8.52750015258789	8.57124996185303	8.90750026702881	9.2975001335144	9.64250016212463	9.56000018119812	9.46375012397766	9.375	9.37250018119812	9.18699979782104	9.17499995231628	9.25149989128113	9.08500003814697	8.99000000953674	9.01000022888184	8.85999989509583	8.7975001335144							
2024-06-06	2024-06-06	FOUR	Shift4 Payments, Inc.	Isaacman Jared	COB, CEO, 10%	P - Purchase	69.23	29669	651,631	+5%	+$2,053,931	2053984.87	16:15:03	0	69.23	72.3800010681153	72.2974987030029	73.0825004577637	73.7600002288819	72.5474987030029	70.4125003814698	70.8724994659424	69.4492511749268	70.001501083374	70.4287490844726	70.8589992523194	70.5325012207032	70.7224998474121	72.3702487945557	73.4749984741211	73.3749980926513	73.4650001525879	73.1749992370606	72.7357501983643	73.7900009155274	72.6499996185303	69.8174991607666	69.0374984741211	70.2994995117188	70.9699993133545	72.5125007629395	71.9950008392334	68.8857498168946	66.3425006866455	67.862497329712	68.9799995422363	67.4362506866455	67.3950004577637	69.3924999237061	69.3337497711182	68.8975009918213	69.1324996948242	66.4624996185303	62.4849996566773								
2024-06-05	2024-06-03	WGS	Genedx Holdings Corp.	Casdin Capital, LLC	Dir, 10%	P - Purchase	21.21	130000	3,862,697	+3%	+$2,757,117	2757300	20:45:06	2	21.21	22.6624999046326	25.6975002288818	26.905749797821	25.4725003242493	25.3025002479554	26.2075004577637	27.5325002670288	27.8200001716614	28.7050004005432	28.0874996185303	27.7624998092651	27.3374996185303	27.0774998664856	27.7492504119873	27.3375000953675	27.1125001907349	26.1217494010925	26.347499370575	27.3474998474121	28.7925000190735	28.0939998626709	28.2649998664856	28.795000076294	28.986499786377	31.3512506484985	33.1225004196167	33.0924987792969	33.5412497520447	33.6487507820129	32.3049993515015	33.1500000953675	32.4850001335144	32.4875001907349	33.1947507858277	33.517749786377	33.0175004005432	33.7025003433228	33.6975002288819	32.1175003051758	33.0999999046326	32.4037499427795	30.4949998855591					
2024-06-05	2024-06-04	HQL	Abrdn Life Sciences Investors	Saba Capital Management, L.P.	10%	P - Purchase	13.61	59440	3,380,108	+2%	+$809,222	808978.4	17:09:17	1	13.61	13.6550002098084	13.7775001525879	13.7399997711182	13.7599999904633	13.7625000476837	13.9175000190735	13.8924996852875	13.8375000953675	13.8375000953674	13.7500002384186	13.7074997425079	13.7575001716614	13.9925000667572	14.2049999237061	14.102499961853	14.1099998950958	14.1749999523163	14.2200002670288	14.3025000095368	14.3224999904633	14.2900002002716	14.3299999237061	14.4325001239777	14.5325000286103	14.7099997997284	14.9700000286102	15.2050001621247	15.4225001335144	15.4175000190735	15.210000038147	15.1775000095367	15.4100000858307	15.3750002384186	15.2675001621246	15.3150000572205	15.4574999809265	15.4124999046326	15.3550000190735	15.4025001525879	15.4250001907349	15.1200001239777						
2024-06-04	2024-05-31	CTRN	Citi Trends Inc	Fund 1 Investments, LLC	10%	P - Purchase	24.69	32508	2,151,527	+2%	+$802,618	802622.52	17:23:10	4	24.69	24.6425004005432	25.1525001525879	24.1350002288818	23.619999408722	22.6449999809265	22.4175000190735	22.1375002861023	22.3399996757507	21.9525003433228	21.7075004577637	21.7199997901917	21.9099998474121	21.7525000572205	21.6100001335144	21.3024997711182	21.0949997901917	21.5625	21.5649995803833	21.4974999427796	20.5325002670288	19.4074997901917	19.3849997520447	19.3625001907349	19.4375	19.0675001144409	18.8924999237061	19.1524996757508	19.1174998283387	20.2750000953674	20.4474997520447	20.534999370575	20.2224998474121	19.4225001335144	19.5475001335144	19.9125003814697	19.4400000572205	18.8075003623962	18.8799996376037	18.7525000572205	18.9050002098084	19.3750004768372	18.8625001907349	17.1849999427795				
2024-06-03	2024-05-31	LTH	Life Time Group Holdings, Inc.	Akradi Bahram	Founder, CEO, 10%	P - Purchase	16.76	39000	13,819,073	0%	+$653,507	653640	13:42:57	3	16.76	17.0795001983643	17.1275000572205	17.383749961853	17.397500038147	17.357500076294	17.6102495193482	17.5050001144409	18.102499961853	18.0057501792908	17.9075002670288	18.1812505722046	18.3299999237061	18.2975001335144	18.3025002479553	18.2874999046326	18.3049998283386	18.5829997062683	18.8875002861023	18.9387497901917	18.7237496376038	18.7690000534058	18.8125	18.6925001144409	18.9749994277954	18.887499332428	18.7537503242493	19.0050001144409	19.3125	19.710000038147	20.2424998283386	20.6150002479554	20.7249999046326	21.0200004577637	20.920000076294	21.1149997711182	20.8874998092652	20.7550001144409	20.8125	20.6550002098083	20.545000076294	20.8074998855591	22.4700002670288					
2024-05-31	2024-05-29	WGS	Genedx Holdings Corp.	Casdin Capital, LLC	Dir, 10%	P - Purchase	21.07	40000	3,732,697	+1%	+$842,604	842800	17:37:30	2	21.07	20.8474998474121	20.2475004196167	20.8875002861023	22.6624999046326	25.6975002288818	26.905749797821	25.4725003242493	25.3025002479554	26.2075004577637	27.5325002670288	27.8200001716614	28.7050004005432	28.0874996185303	27.7624998092651	27.3374996185303	27.0774998664856	27.7492504119873	27.3375000953675	27.1125001907349	26.1217494010925	26.347499370575	27.3474998474121	28.7925000190735	28.0939998626709	28.2649998664856	28.795000076294	28.986499786377	31.3512506484985	33.1225004196167	33.0924987792969	33.5412497520447	33.6487507820129	32.3049993515015	33.1500000953675	32.4850001335144	32.4875001907349	33.1947507858277	33.517749786377	33.0175004005432	33.7025003433228	33.6975002288819						
2024-05-31	2024-05-28	MEGI	Mainstay Cbre Global Infrastructure Megatrends Term Fund	Saba Capital Management, L.P.	10%	P - Purchase	12.72	47527	5,704,310	+1%	+$604,304	604543.44	15:12:58	3	12.72	12.6875	12.6899998188019	12.9500002861023	13.0237498283386	13.0730001926422	13.1755001544952	13.1707501411438	13.0012500286102	13.0050001144409	12.8500001430512	12.8450002670288	12.7174999713898	12.5549995899201	12.477499961853	12.3500003814698	12.4319999217987	12.4650001525879	12.5950000286102	12.6074998378754	12.5425000190735	12.6774997711181	12.7775001525879	12.8549997806549	12.7750000953674	12.7300000190735	12.7799999713898	12.789999961853	12.8574998378754	12.8900001049042	13.0874998569489	13.2962501049042	13.3949999809265	13.3407502174378	13.2874999046326	13.3274998664856	13.3125	13.4197497367859	13.4849998950958	13.4675002098084	13.3214998245239	13.3304998874664	13.2974998950958					
2024-05-31	2024-05-28	HQL	Abrdn Life Sciences Investors	Saba Capital Management, L.P.	10%	P - Purchase	13.14	47416	3,299,299	+1%	+$623,176	623046.24	15:08:21	3	13.14	13.0700001716614	13.0900001525879	13.2699999809265	13.4075000286103	13.4900000095368	13.6550002098084	13.7775001525879	13.7399997711182	13.7599999904633	13.7625000476837	13.9175000190735	13.8924996852875	13.8375000953675	13.8375000953674	13.7500002384186	13.7074997425079	13.7575001716614	13.9925000667572	14.2049999237061	14.102499961853	14.1099998950958	14.1749999523163	14.2200002670288	14.3025000095368	14.3224999904633	14.2900002002716	14.3299999237061	14.4325001239777	14.5325000286103	14.7099997997284	14.9700000286102	15.2050001621247	15.4225001335144	15.4175000190735	15.210000038147	15.1775000095367	15.4100000858307	15.3750002384186	15.2675001621246	15.3150000572205	15.4574999809265	15.4124999046326					
2024-05-30	2024-05-28	ACDC	Profrac Holding Corp.	Thrc Holdings, LP	10%	P - Purchase	9.39	1e+06	76,200,545	+1%	+$9,394,837	9390000	17:46:13	2	9.39	9.45749998092651	9.36500024795532	9.55749988555908	9.36499977111816	8.87000012397766	8.79499983787537	8.74749994277954	8.73749971389771	8.85000014305115	8.75250005722046	8.94500017166138	8.5224997997284	7.8950001001358	7.62250006198884	7.57499992847443	7.38750004768372	7.29124999046326	7.34500002861023	7.44249999523163	7.27500009536743	7.30375003814697	7.42750000953675	7.39750003814697	7.28250002861023	7.47000002861023	7.49250006675721	7.28250014781952	7.20624995231629	7.52874994277954	7.86374986171723	8.01499998569489	7.93999993801117	8.25	8.62749981880188	8.36250019073487	7.75250005722046	7.51749992370606	7.45000004768372	7.42749989032746	7.82250022888184	8.38499999046326						
2024-05-28	2024-05-23	WGS	Genedx Holdings Corp.	Casdin Capital, LLC	Dir, 10%	P - Purchase	20.15	170000	3,692,697	+5%	+$3,424,989	3425500	20:40:42	5	20.15	20.1975002288819	20.5987501144409	21.1867499351501	20.8474998474121	20.2475004196167	20.8875002861023	22.6624999046326	25.6975002288818	26.905749797821	25.4725003242493	25.3025002479554	26.2075004577637	27.5325002670288	27.8200001716614	28.7050004005432	28.0874996185303	27.7624998092651	27.3374996185303	27.0774998664856	27.7492504119873	27.3375000953675	27.1125001907349	26.1217494010925	26.347499370575	27.3474998474121	28.7925000190735	28.0939998626709	28.2649998664856	28.795000076294	28.986499786377	31.3512506484985	33.1225004196167	33.0924987792969	33.5412497520447	33.6487507820129	32.3049993515015	33.1500000953675	32.4850001335144	32.4875001907349	33.1947507858277	33.517749786377	33.0175004005432	33.7025003433228				
2024-05-28	2024-05-23	MCFT	Mastercraft Boat Holdings, Inc.	Coliseum Capital Management, LLC	10%	P - Purchase	20.27	83982	2,949,522	+3%	+$1,702,315	1702315.14	19:47:44	5	20.27	21.0750002861023	21.4412498474122	20.6900000572205	20.5749998092652	21.0795001983643	21.3924999237061	21.1092495918274	20.8537502288819	20.6449999809265	20.460000038147	20.5	20.7087497711182	21.1175003051758	20.4650001525879	19.856999874115	19.7825002670288	19.7537503242493	19.3499999046326	19.4224996566773	19.7324995994568	19.5550003051758	19.0274996757507	18.8295001983643	18.8764996528626	18.4249997138977	17.8444995880127	17.7675004005433	17.5224995613098	17.6129999160767	17.7477502822876	17.6875004768372	18.504499912262	19.0174999237061	19.1575002670288	19.9577503204346	20.414999961853	20.5199999809265	20.3137502670288	20.232500076294	20.0237498283386	19.6199998855591	19.9832496643066	21.0262503623963				
2024-05-28	2024-05-23	ACDC	Profrac Holding Corp.	Thrc Holdings, LP	10%	P - Purchase	9.41	460000	75,200,545	+1%	+$4,327,219	4328600	16:50:26	5	9.41	9.3512499332428	9.52250003814697	9.45749998092651	9.36500024795532	9.55749988555908	9.36499977111816	8.87000012397766	8.79499983787537	8.74749994277954	8.73749971389771	8.85000014305115	8.75250005722046	8.94500017166138	8.5224997997284	7.8950001001358	7.62250006198884	7.57499992847443	7.38750004768372	7.29124999046326	7.34500002861023	7.44249999523163	7.27500009536743	7.30375003814697	7.42750000953675	7.39750003814697	7.28250002861023	7.47000002861023	7.49250006675721	7.28250014781952	7.20624995231629	7.52874994277954	7.86374986171723	8.01499998569489	7.93999993801117	8.25	8.62749981880188	8.36250019073487	7.75250005722046	7.51749992370606	7.45000004768372	7.42749989032746	7.82250022888184	8.38499999046326				
2024-05-24	2024-05-24	VSTS	Vestis Corp	Corvex Management LP	10%	P - Purchase	12.02	1e+05	17,007,877	+1%	+$1,202,000	1202000	18:34:49	0	12.02	11.8272500038147	11.5474996566773	12.0350000858307	12.1675000190735	12.3614997863769	12.3949997425079	12.4087498188019	12.4025003910065	12.2825000286102	11.9925003051758	11.9574999809265	12.2762498855591	12.0699996948242	11.7237501144409	11.7699999809265	11.7162501811981	11.7774999141693	11.9375002384186	12.1225001811981	12.0149998664856	12.0450000762939	12.1462500095367	12.1537499427795	12.0399999618531	11.6237499713898	11.4574999809265	11.2750000953674	11.4300000667572	11.9300000667572	12.3000001907349	12.1749999523163	12.3999998569489	12.3287501335144	12.602499961853	12.6424999237061	12.2262501716614	12.2100000381469	12.4900000095368									
2024-05-24	2024-05-22	NE	Noble Corp Plc	Apmh Invest A/S	10%	P - Purchase	46.45	192156	28,082,685	+1%	+$8,925,185	8925646.2	16:31:09	2	46.45	46.2299995422364	45.6650009155274	46.6275005340576	46.295000076294	45.7550001144409	46	45.2174997329712	43.3012504577637	42.8850002288818	42.4225006103516	42.8125	44.2249994277954	44.460000038147	45.6875009536743	45.2312498092651	43.7650003433228	43.2974996566773	43.8050003051758	44.4675006866455	44.4062509536743	44.8875007629395	44.5975008010864	44.6362504959107	45.0675001144409	45.1350011825562	44.1100006103516	44.0724992752075	44.6012496948242	44.2349996566773	44.0612497329712	43.4862508773804	43.5699987411499	44.4225006103516	45.4899997711182	46.9425001144409	47.6700000762939	48.0425004959107	47.2987499237061	46.4499988555909	46.6274995803833							
2024-05-24	2024-05-23	LUXH	Luxurban Hotels Inc.	Ferdinand Brian	Dir, 10%	P - Purchase	0.25	6e+06	14,626,377	+70%	+$1,500,000	1500000	16:24:53	1	0.25	24.3809995651245	26.2674989700317	23.4569988250732	22.4717493057251	21.3359990119934	21.0174989700317	19.5474982261658	17.7747492790222	17.9252490997315	17.0239987373352	16.3922488689423	16.080748796463	15.6904988288879	16.0877485275268	16.2417488098145	16.4919991493225	16.7597491741181	18.7284989356995	18.2577495574951	17.8814992904663	16.9382486343384	16.435998916626	16.5917489528656	16.3764991760254	16.5409989356995	16.1612491607666	15.7219986915589	15.8007485866547	14.1382486820221	12.4774990081787	12.6752490997315	12.8075489997864	12.7137491703034	12.9062490463257	13.4189989566803	14.020998954773	13.0987491607666	11.4904992580414	10.627748966217								
2024-05-23	2024-05-21	AFB	Alliancebernstein National Municipal Income Fund	Saba Capital Management, L.P.	10%	P - Purchase	10.89	61282	3,100,896	+2%	+$667,111	667360.98	19:39:27	2	10.89	10.8700001239776	10.8500001430511	10.8550000190735	10.8325002193451	10.7724997997284	10.7224998474121	10.7374999523163	10.7900002002716	10.8349997997284	10.8675000667572	10.8725001811981	10.8475000858307	10.8775000572205	10.8874998092652	10.9449999332428	10.9900000095368	10.9900000095368	11.0199999809265	11.1050002574921	11.0700001716614	11.0724999904632	11.0475001335144	11.0399999618531	11.0124998092651	11.0725002288818	11.1049997806549	11.0625	11.0725002288818	11.0875000953674	11.1300001144409	11.1500000953675	11.1324999332428	11.164999961853	11.1974999904633	11.2599999904633	11.2675001621246	11.2649998664856	11.2349996566772	11.247499704361	11.2425000667572							
2024-05-23	2024-05-23	FOUR	Shift4 Payments, Inc.	Isaacman Jared	COB, CEO, 10%	P - Purchase	64.04	39135	621,962	+7%	+$2,506,108	2506205.4	19:08:59	0	64.04	66.9475002288819	67.7999992370606	66.0875015258789	66.2799987792969	66.4600009918213	69	70.2975025177002	70.9850006103516	69.595251083374	72.3800010681153	72.2974987030029	73.0825004577637	73.7600002288819	72.5474987030029	70.4125003814698	70.8724994659424	69.4492511749268	70.001501083374	70.4287490844726	70.8589992523194	70.5325012207032	70.7224998474121	72.3702487945557	73.4749984741211	73.3749980926513	73.4650001525879	73.1749992370606	72.7357501983643	73.7900009155274	72.6499996185303	69.8174991607666	69.0374984741211	70.2994995117188	70.9699993133545	72.5125007629395	71.9950008392334	68.8857498168946	66.3425006866455									
2024-05-23	2024-05-23	VSTS	Vestis Corp	Corvex Management LP	10%	P - Purchase	12.17	1e+05	16,907,877	+1%	+$1,217,000	1217000	18:43:29	0	12.17	12.1350002288818	11.8272500038147	11.5474996566773	12.0350000858307	12.1675000190735	12.3614997863769	12.3949997425079	12.4087498188019	12.4025003910065	12.2825000286102	11.9925003051758	11.9574999809265	12.2762498855591	12.0699996948242	11.7237501144409	11.7699999809265	11.7162501811981	11.7774999141693	11.9375002384186	12.1225001811981	12.0149998664856	12.0450000762939	12.1462500095367	12.1537499427795	12.0399999618531	11.6237499713898	11.4574999809265	11.2750000953674	11.4300000667572	11.9300000667572	12.3000001907349	12.1749999523163	12.3999998569489	12.3287501335144	12.602499961853	12.6424999237061	12.2262501716614	12.2100000381469									
2024-05-23	2024-05-21	CTRN	Citi Trends Inc	Fund 1 Investments, LLC	10%	P - Purchase	22.27	50406	2,119,019	+2%	+$1,122,748	1122541.62	17:33:33	2	22.27	22.4000000953675	22.2849998474121	22.7774996757507	23.6424999237061	23.3650002479553	23.6374998092652	23.2250003814697	24.6425004005432	25.1525001525879	24.1350002288818	23.619999408722	22.6449999809265	22.4175000190735	22.1375002861023	22.3399996757507	21.9525003433228	21.7075004577637	21.7199997901917	21.9099998474121	21.7525000572205	21.6100001335144	21.3024997711182	21.0949997901917	21.5625	21.5649995803833	21.4974999427796	20.5325002670288	19.4074997901917	19.3849997520447	19.3625001907349	19.4375	19.0675001144409	18.8924999237061	19.1524996757508	19.1174998283387	20.2750000953674	20.4474997520447	20.534999370575	20.2224998474121	19.4225001335144							
2024-05-23	2024-05-21	ACDC	Profrac Holding Corp.	Thrc Holdings, LP	10%	P - Purchase	9.45	856070	74,740,545	+1%	+$8,085,879	8089861.5	15:36:20	2	9.45	9.52750015258789	9.40249991416931	9.3512499332428	9.52250003814697	9.45749998092651	9.36500024795532	9.55749988555908	9.36499977111816	8.87000012397766	8.79499983787537	8.74749994277954	8.73749971389771	8.85000014305115	8.75250005722046	8.94500017166138	8.5224997997284	7.8950001001358	7.62250006198884	7.57499992847443	7.38750004768372	7.29124999046326	7.34500002861023	7.44249999523163	7.27500009536743	7.30375003814697	7.42750000953675	7.39750003814697	7.28250002861023	7.47000002861023	7.49250006675721	7.28250014781952	7.20624995231629	7.52874994277954	7.86374986171723	8.01499998569489	7.93999993801117	8.25	8.62749981880188	8.36250019073487	7.75250005722046							
2024-05-23	2024-05-22	CADEX	Cion Ares Diversified Credit Fund	Thrivent Financial For Lutherans	10%	P - Purchase	25	8e+05	3,400,000	+31%	+$20,000,000	2e+07	10:49:54	1	25	25.1200008392334	25.1200008392334	25.1299991607666	25.1200008392334	25.1200008392334	25.1200008392334	25.1800003051758	25.1800003051758	25.1800003051758	25.1800003051758	25.1800003051758	25.1599998474121	25.1599998474121	25.1800003051758	25.1800003051758	25.1800003051758	25.1399993896484	25.1499996185303	25.1299991607666	25.1299991607666	25.1200008392334	25.1200008392334	25.1000003814697	25.1200008392334	25.1200008392334	25.0900001525879	25.0799999237061	25.0900001525879	25.0799999237061	25.0900001525879	25.0799999237061	25.0799999237061	25.1000003814697	25.1000003814697	25.1000003814697	25.1000003814697	25.1000003814697	25.0900001525879	25.0900001525879								
2024-05-22	2024-05-20	SOC	Sable Offshore Corp.	Flores James C	COB, CEO, 10%	P - Purchase	13.74	1e+05	10,588,750	+1%	+$1,374,150	1374000	20:36:41	2	13.74	13.3750002384186	12.9499998092652	13.4099996089935	14.1837499141693	14.6999998092652	14.8800001144409	14.8900001049042	15.2474999427796	15.0499999523163	14.420000076294	14.5799999237061	14.8724999427795	14.8575000762939	15.1674997806549	15.0199997425079	14.8500001430511	14.7549998760223	14.8900001049042	14.8525002002716	15.2072501182556	15.107500076294	14.2474999427796	14.6599998474121	14.5924999713898	14.2650001049042	14.6474997997284	14.9275000095368	15.1374998092652	15.5199999809265	15.7599997520447	15.607500076294	15.8800001144409	15.6899998188019	15.2355000972748	16.190000295639	15.9624998569488	16.2750000953674	16.0949997901917	15.8175001144409	16.0075001716614	16.0425000190735						
2024-05-22	2024-05-20	MCFT	Mastercraft Boat Holdings, Inc.	Coliseum Capital Management, LLC	10%	P - Purchase	20.87	347804	5,488,276	+7%	+$7,257,188	7258669.48	19:59:14	2	20.87	20.7424998283386	20.991250038147	20.9990000724792	21.0750002861023	21.4412498474122	20.6900000572205	20.5749998092652	21.0795001983643	21.3924999237061	21.1092495918274	20.8537502288819	20.6449999809265	20.460000038147	20.5	20.7087497711182	21.1175003051758	20.4650001525879	19.856999874115	19.7825002670288	19.7537503242493	19.3499999046326	19.4224996566773	19.7324995994568	19.5550003051758	19.0274996757507	18.8295001983643	18.8764996528626	18.4249997138977	17.8444995880127	17.7675004005433	17.5224995613098	17.6129999160767	17.7477502822876	17.6875004768372	18.504499912262	19.0174999237061	19.1575002670288	19.9577503204346	20.414999961853	20.5199999809265	20.3137502670288						
2024-05-22	2024-05-20	LAB	Standard Biotools Inc.	Casdin Partners Master Fund, L.P.	Dir, 10%	P - Purchase	2.57	6e+05	71,511,233	+1%	+$1,541,795	1542000	19:53:19	2	2.57	2.57249993085861	2.59499996900558	2.63499999046326	2.57749998569489	2.55749994516373	2.55749994516373	2.59249997138977	2.52499997615814	2.48500001430511	2.49500000476837	2.52749997377396	2.54999995231628	2.40499997138977	2.3575000166893	2.36750000715256	2.375	2.29249995946884	2.1975000500679	2.14499998092651	2.07749992609024	1.96999996900559	1.91249999403954	1.87249997258186	1.72749999165535	1.6875	1.74750003218651	1.77500000596046	1.74750000238419	1.75499999523163	1.81999999284744	1.84499999880791	1.84999999403953	1.84499999880791	1.78750002384186	1.875	1.99999997019768	2.06249994039536	2.21249997615814	2.29999995231629	2.23500001430511	2.18250000476837						
2024-05-22	2024-05-20	TTSH	Tile Shop Holdings, Inc.	Fund 1 Investments, LLC	10%	P - Purchase	6.26	150775	7,292,429	+2%	+$944,435	943851.5	17:05:06	2	6.26	6.30000007152558	6.36000001430512	6.40000009536743	6.48249995708466	6.57249999046326	6.44500017166138	6.38750004768372	6.51249992847442	6.71749997138977	6.65499985218048	6.7150000333786	6.69749987125397	6.67499995231629	6.59000003337861	6.55500006675721	6.59249997138977	6.61500000953675	6.61000001430512	6.76750004291534	6.9099999666214	6.93999993801117	6.92750000953674	6.93249988555908	6.91250002384186	6.83749997615814	6.83999991416931	6.89999997615814	6.86500000953674	6.8199999332428	6.92499995231629	6.80249989032746	6.8199999332428	6.82999992370606	6.85249996185303	7.12749993801117	7.27999997138977	7.23000001907349	7.25249993801117	7.21749997138977	7.09249985218048	7.01999998092652						
2024-05-22	2024-05-20	SOC	Sable Offshore Corp.	Flores James Caldwell	COB, CEO, 10%	P - Purchase	13.74	1e+05	10,588,750	+1%	+$1,374,150	1374000	16:30:13	2	13.74	13.3750002384186	12.9499998092652	13.4099996089935	14.1837499141693	14.6999998092652	14.8800001144409	14.8900001049042	15.2474999427796	15.0499999523163	14.420000076294	14.5799999237061	14.8724999427795	14.8575000762939	15.1674997806549	15.0199997425079	14.8500001430511	14.7549998760223	14.8900001049042	14.8525002002716	15.2072501182556	15.107500076294	14.2474999427796	14.6599998474121	14.5924999713898	14.2650001049042	14.6474997997284	14.9275000095368	15.1374998092652	15.5199999809265	15.7599997520447	15.607500076294	15.8800001144409	15.6899998188019	15.2355000972748	16.190000295639	15.9624998569488	16.2750000953674	16.0949997901917	15.8175001144409	16.0075001716614	16.0425000190735						
2024-05-21	2024-05-21	VSTS	Vestis Corp	Corvex Management LP	10%	P - Purchase	12.5	1e+05	16,807,877	+1%	+$1,250,000	1250000	19:28:39	0	12.5	12.5475001335144	12.3600001335144	12.1350002288818	11.8272500038147	11.5474996566773	12.0350000858307	12.1675000190735	12.3614997863769	12.3949997425079	12.4087498188019	12.4025003910065	12.2825000286102	11.9925003051758	11.9574999809265	12.2762498855591	12.0699996948242	11.7237501144409	11.7699999809265	11.7162501811981	11.7774999141693	11.9375002384186	12.1225001811981	12.0149998664856	12.0450000762939	12.1462500095367	12.1537499427795	12.0399999618531	11.6237499713898	11.4574999809265	11.2750000953674	11.4300000667572	11.9300000667572	12.3000001907349	12.1749999523163	12.3999998569489	12.3287501335144	12.602499961853	12.6424999237061	12.2262501716614	12.2100000381469							
2024-05-21	2024-05-20	AFB	Alliancebernstein National Municipal Income Fund	Saba Capital Management, L.P.	10%	P - Purchase	10.9	67460	3,039,614	+2%	+$735,314	735314	14:17:31	1	10.9	10.8999998569489	10.8700001239776	10.8500001430511	10.8550000190735	10.8325002193451	10.7724997997284	10.7224998474121	10.7374999523163	10.7900002002716	10.8349997997284	10.8675000667572	10.8725001811981	10.8475000858307	10.8775000572205	10.8874998092652	10.9449999332428	10.9900000095368	10.9900000095368	11.0199999809265	11.1050002574921	11.0700001716614	11.0724999904632	11.0475001335144	11.0399999618531	11.0124998092651	11.0725002288818	11.1049997806549	11.0625	11.0725002288818	11.0875000953674	11.1300001144409	11.1500000953675	11.1324999332428	11.164999961853	11.1974999904633	11.2599999904633	11.2675001621246	11.2649998664856	11.2349996566772	11.247499704361	11.2425000667572						
2024-05-20	2024-05-20	VSTS	Vestis Corp	Corvex Management LP	10%	P - Purchase	12.59	116044	16,707,877	+1%	+$1,460,994	1460993.96	19:58:42	0	12.59	12.5524997711182	12.5475001335144	12.3600001335144	12.1350002288818	11.8272500038147	11.5474996566773	12.0350000858307	12.1675000190735	12.3614997863769	12.3949997425079	12.4087498188019	12.4025003910065	12.2825000286102	11.9925003051758	11.9574999809265	12.2762498855591	12.0699996948242	11.7237501144409	11.7699999809265	11.7162501811981	11.7774999141693	11.9375002384186	12.1225001811981	12.0149998664856	12.0450000762939	12.1462500095367	12.1537499427795	12.0399999618531	11.6237499713898	11.4574999809265	11.2750000953674	11.4300000667572	11.9300000667572	12.3000001907349	12.1749999523163	12.3999998569489	12.3287501335144	12.602499961853	12.6424999237061	12.2262501716614							
2024-05-20	2024-05-17	EAF	Graftech International Ltd	Colonial House Capital Ltd	10%	P - Purchase	1.72	332770	31,358,061	+1%	+$572,897	572364.4	17:54:01	3	1.72	18.2000002861023	19.9124999046326	20.4625000953674	19.4249997138977	18.375	18.0749998092652	17.6500005722046	17.5625	16.8874998092652	15.875	14.6249997615814	14.2750000953674	14.2750000953674	14.2249999046326	13.7749998569489	13.6375000476837	13.5000002384185	12.3624999523163	11.3750002384186	10.5999999046326	10.4375002384186	10.7999997138977	10.7000000476837	10.2874999046326	10.2025001049042	10.3250000476837	9.92000007629395	9.54749989509582	9.91000008583068	9.81750011444091	10.1124999523163	10.3899998664856	10.2699999809265	10.2249999046326	9.90000009536741	10.6425001621246	11.625	11.6500000953674	10.9749999046326	10.4224998950958	9.47749996185302						
2024-05-20	2024-05-16	CTRN	Citi Trends Inc	Fund 1 Investments, LLC	10%	P - Purchase	22.85	41450	2,068,613	+2%	+$946,940	947132.5	17:09:10	4	22.85	22.8774995803833	23.3049998283387	23.1349997520447	22.4000000953675	22.2849998474121	22.7774996757507	23.6424999237061	23.3650002479553	23.6374998092652	23.2250003814697	24.6425004005432	25.1525001525879	24.1350002288818	23.619999408722	22.6449999809265	22.4175000190735	22.1375002861023	22.3399996757507	21.9525003433228	21.7075004577637	21.7199997901917	21.9099998474121	21.7525000572205	21.6100001335144	21.3024997711182	21.0949997901917	21.5625	21.5649995803833	21.4974999427796	20.5325002670288	19.4074997901917	19.3849997520447	19.3625001907349	19.4375	19.0675001144409	18.8924999237061	19.1524996757508	19.1174998283387	20.2750000953674	20.4474997520447	20.534999370575	20.2224998474121					
2024-05-20	2024-05-17	TMCI	Treace Medical Concepts, Inc.	Treace John T.	CEO, 10%	P - Purchase	5.56	1e+05	11,667,224	+1%	+$556,170	556000	16:30:11	3	5.56	4.98750007152557	5.15750002861023	5.1875	5.2224999666214	5.14749979972839	5.13300001621246	5.125	5.65249991416931	5.90249991416931	5.69999992847443	5.5974999666214	5.75249993801117	6.05499994754791	5.94000005722046	5.74500000476837	5.74500000476837	6.20650005340576	6.03999996185303	5.97000002861023	5.98749995231629	6.01499998569489	5.92575001716614	5.89499998092651	5.78750002384186	5.78749990463257	6.04999995231629	6.46249997615814	6.66425001621246	6.57774996757507	6.53875005245209	6.62500011920929	6.62999987602234	6.79499995708466	6.6875	7.12049996852875	7.97250008583069	8.22249984741211	8.18500006198883	8.3899998664856	8.43499994277954	8.17374992370606						
2024-05-20	2024-05-14	BCTX	Briacell Therapeutics Corp.	Lustig Marc	Dir, 10%	P - Purchase	2.22	902935	2,542,935	+55%	+$2,000,001	2004515.7	16:00:14	6	2.22	18.2249999046326	15.2000000476837	14.1999998092652	14.849999666214	15.4499995708466	15.2250001430511	14.7250001430512	14.1749997138977	14.0499999523163	14.4499998092652	15.2749998569489	16.3499999046326	16.25	14.7000000476837	14.8499999046326	14.375	13.9000000953675	13.75	13.3499999046326	13.2249999046325	13.2250001430512	13.7999999523163	14.4249999523163	14.125	13.0249998569489	12.4249999523163	11.6249997615814	10.4250001907349	10.4750001430512	10.5249998569489	11.0249998569489	11.2499997615814	10.5499999523163	10.125	10.3000001907348	10.4500000476837	10.4750001430512	10.125	9.55000019073487	8.95000004768372	9.09999990463257	9.54999995231628	9.34999990463257	8.35000002384186			
2024-05-17	2024-05-15	LAB	Standard Biotools Inc.	Casdin Partners Master Fund, L.P.	Dir, 10%	P - Purchase	2.56	1352072	70,911,233	+2%	+$3,455,544	3461304.32	20:11:59	2	2.56	2.52749997377396	2.53999996185303	2.65499997138977	2.57249993085861	2.59499996900558	2.63499999046326	2.57749998569489	2.55749994516373	2.55749994516373	2.59249997138977	2.52499997615814	2.48500001430511	2.49500000476837	2.52749997377396	2.54999995231628	2.40499997138977	2.3575000166893	2.36750000715256	2.375	2.29249995946884	2.1975000500679	2.14499998092651	2.07749992609024	1.96999996900559	1.91249999403954	1.87249997258186	1.72749999165535	1.6875	1.74750003218651	1.77500000596046	1.74750000238419	1.75499999523163	1.81999999284744	1.84499999880791	1.84999999403953	1.84499999880791	1.78750002384186	1.875	1.99999997019768	2.06249994039536							
2024-05-17	2024-05-15	AFB	Alliancebernstein National Municipal Income Fund	Saba Capital Management, L.P.	10%	P - Purchase	10.91	54893	2,972,154	+2%	+$598,994	598882.63	12:32:26	2	10.91	10.9100000858307	10.9000000953674	10.8925001621246	10.8999998569489	10.8700001239776	10.8500001430511	10.8550000190735	10.8325002193451	10.7724997997284	10.7224998474121	10.7374999523163	10.7900002002716	10.8349997997284	10.8675000667572	10.8725001811981	10.8475000858307	10.8775000572205	10.8874998092652	10.9449999332428	10.9900000095368	10.9900000095368	11.0199999809265	11.1050002574921	11.0700001716614	11.0724999904632	11.0475001335144	11.0399999618531	11.0124998092651	11.0725002288818	11.1049997806549	11.0625	11.0725002288818	11.0875000953674	11.1300001144409	11.1500000953675	11.1324999332428	11.164999961853	11.1974999904633	11.2599999904633	11.2675001621246							
2024-05-16	2024-05-14	IZEA	Izea Worldwide, Inc.	Gp Investments, Ltd.	10%	P - Purchase	3.13	1106444	3,002,036	+58%	+$3,463,939	3463169.72	20:45:30	2	3.13	3.34925001859665	2.96749997138977	2.94724994897843	2.78000003099442	2.65749996900558	2.60524994134903	2.68500000238419	2.75674998760224	2.76249998807907	2.73000001907349	2.45249998569489	2.39499998092652	2.46075004339218	2.49449998140335	2.51999998092652	2.49000000953674	2.36749994754791	2.27649998664856	2.31224995851517	2.3400000333786	2.27249997854233	2.23750001192093	2.18749994039535	2.13499999046326	2.0349999666214	2.04749995470047	2.05999994277954	2.10500001907349	2.12999999523163	2.16500002145768	2.32749998569489	2.30124998092652	2.29499995708466	2.20000004768372	2.25450003147125	2.24000000953674	2.26150000095367	2.25499999523163	2.24624997377396	2.30499994754792							
2024-05-15	2024-05-13	WGS	Genedx Holdings Corp.	Casdin Capital, LLC	Dir, 10%	P - Purchase	23.31	50000	3,522,697	+1%	+$1,165,295	1165500	18:16:34	2	23.31	22.4950003623962	21.4149999618531	23.039999961853	23.227499961853	21.8949999809265	21.2400002479553	20.4542503356934	19.96875	20.1975002288819	20.5987501144409	21.1867499351501	20.8474998474121	20.2475004196167	20.8875002861023	22.6624999046326	25.6975002288818	26.905749797821	25.4725003242493	25.3025002479554	26.2075004577637	27.5325002670288	27.8200001716614	28.7050004005432	28.0874996185303	27.7624998092651	27.3374996185303	27.0774998664856	27.7492504119873	27.3375000953675	27.1125001907349	26.1217494010925	26.347499370575	27.3474998474121	28.7925000190735	28.0939998626709	28.2649998664856	28.795000076294	28.986499786377	31.3512506484985	33.1225004196167	33.0924987792969						
2024-05-15	2024-05-13	CTRN	Citi Trends Inc	Fund 1 Investments, LLC	10%	P - Purchase	23.96	25266	2,027,163	+1%	+$605,433	605373.36	17:03:42	2	23.96	24.0099997520447	24.295000076294	23.4474997520447	22.8774995803833	23.3049998283387	23.1349997520447	22.4000000953675	22.2849998474121	22.7774996757507	23.6424999237061	23.3650002479553	23.6374998092652	23.2250003814697	24.6425004005432	25.1525001525879	24.1350002288818	23.619999408722	22.6449999809265	22.4175000190735	22.1375002861023	22.3399996757507	21.9525003433228	21.7075004577637	21.7199997901917	21.9099998474121	21.7525000572205	21.6100001335144	21.3024997711182	21.0949997901917	21.5625	21.5649995803833	21.4974999427796	20.5325002670288	19.4074997901917	19.3849997520447	19.3625001907349	19.4375	19.0675001144409	18.8924999237061	19.1524996757508	19.1174998283387						
2024-05-14	2024-05-14	TMCI	Treace Medical Concepts, Inc.	Treace John T.	CEO, 10%	P - Purchase	5.12	150000	11,567,224	+1%	+$767,805	768000	18:19:20	0	5.12	5.72749996185303	5.70150017738342	5.32249999046326	4.98750007152557	5.15750002861023	5.1875	5.2224999666214	5.14749979972839	5.13300001621246	5.125	5.65249991416931	5.90249991416931	5.69999992847443	5.5974999666214	5.75249993801117	6.05499994754791	5.94000005722046	5.74500000476837	5.74500000476837	6.20650005340576	6.03999996185303	5.97000002861023	5.98749995231629	6.01499998569489	5.92575001716614	5.89499998092651	5.78750002384186	5.78749990463257	6.04999995231629	6.46249997615814	6.66425001621246	6.57774996757507	6.53875005245209	6.62500011920929	6.62999987602234	6.79499995708466	6.6875	7.12049996852875	7.97250008583069	8.22249984741211							
2024-05-14	2024-05-14	FOUR	Shift4 Payments, Inc.	Isaacman Jared	COB, CEO, 10%	P - Purchase	67.09	85916	582,827	+17%	+$5,764,465	5764104.44	17:00:13	0	67.09	70.3649997711182	70.2675018310547	68.3127498626709	68.4462490081787	67.9575004577637	67.3150005340576	65.6050004959107	66.9475002288819	67.7999992370606	66.0875015258789	66.2799987792969	66.4600009918213	69	70.2975025177002	70.9850006103516	69.595251083374	72.3800010681153	72.2974987030029	73.0825004577637	73.7600002288819	72.5474987030029	70.4125003814698	70.8724994659424	69.4492511749268	70.001501083374	70.4287490844726	70.8589992523194	70.5325012207032	70.7224998474121	72.3702487945557	73.4749984741211	73.3749980926513	73.4650001525879	73.1749992370606	72.7357501983643	73.7900009155274	72.6499996185303	69.8174991607666	69.0374984741211	70.2994995117188							
2024-05-14	2024-05-10	PSEC	Prospect Capital Corp	Barry John F	CEO, 10%	P - Purchase	5.48	798901	66,095,837	+1%	+$4,377,477	4377977.48	16:01:37	4	5.48	5.46999990940094	5.54250001907349	5.64499998092651	5.60750007629394	5.63999998569489	5.63499987125397	5.6525000333786	5.67749989032745	5.63499999046326	5.64499998092652	5.68250000476837	5.58500003814697	5.57000005245209	5.60749995708466	5.61000001430512	5.63749992847443	5.62999999523163	5.59500002861023	5.56500005722046	5.56000006198883	5.52250003814697	5.59249997138977	5.55499994754792	5.55750000476838	5.57500004768372	5.60500001907349	5.60000002384186	5.57249999046326	5.6049998998642	5.61250007152558	5.53000009059906	5.51750004291535	5.53250002861023	5.50999999046326	5.48500001430512	5.50999999046326	5.50250005722046	5.50249993801117	5.50750005245209	5.55250000953675	5.58500003814697	5.58749997615814					
2024-05-14	2024-05-10	HQL	Abrdn Life Sciences Investors	Saba Capital Management, L.P.	10%	P - Purchase	13.86	57862	3,215,825	+2%	+$801,967	801967.32	13:50:01	4	13.86	13.875	14.0050001144409	14.1675002574921	14.2525002956391	14.1800000667572	14.1800000667572	14.1600000858307	13.6449999809265	13.5349998474121	13.4899997711182	13.3299999237061	13.0700001716614	13.0900001525879	13.2699999809265	13.4075000286103	13.4900000095368	13.6550002098084	13.7775001525879	13.7399997711182	13.7599999904633	13.7625000476837	13.9175000190735	13.8924996852875	13.8375000953675	13.8375000953674	13.7500002384186	13.7074997425079	13.7575001716614	13.9925000667572	14.2049999237061	14.102499961853	14.1099998950958	14.1749999523163	14.2200002670288	14.3025000095368	14.3224999904633	14.2900002002716	14.3299999237061	14.4325001239777	14.5325000286103	14.7099997997284	14.9700000286102					
2024-05-14	2024-05-09	CDLX	Cardlytics, Inc.	Sosin Clifford	10%	P - Purchase	8.75	328746	6,464,859	+5%	+$2,875,889	2876527.5	12:53:29	5	8.75	9.1012499332428	9.11475014686584	9.65750002861022	9.54499983787537	9.41250014305115	9.01250004768372	8.875	8.95274996757507	8.86249995231628	8.82249999046326	9.14625000953674	9.6175000667572	9.49749994277954	9.29500007629395	8.96250009536743	8.65000009536743	8.65999984741211	9.21749997138977	9.46499991416931	8.8824999332428	8.71250009536743	8.92750000953674	9.43499970436096	9.02500009536743	8.60624980926514	8.26500010490418	8.39625000953675	8.01999986171722	8.05749988555908	8.0349999666214	8.10999977588654	8.0277498960495	8.125	8.20749998092652	8.09249973297119	7.9724999666214	8.04500019550324	8.2937502861023	8.33875012397766	8.12500011920929	8.09899997711182	8.28749990463257	8.14250016212463				
2024-05-13	2024-05-09	CDLX	Cardlytics, Inc.	Sosin Clifford	10%	P - Purchase	8.75	328746	6,464,859	+5%	+$2,875,889	2876527.5	18:13:51	4	8.75	9.1012499332428	9.11475014686584	9.65750002861022	9.54499983787537	9.41250014305115	9.01250004768372	8.875	8.95274996757507	8.86249995231628	8.82249999046326	9.14625000953674	9.6175000667572	9.49749994277954	9.29500007629395	8.96250009536743	8.65000009536743	8.65999984741211	9.21749997138977	9.46499991416931	8.8824999332428	8.71250009536743	8.92750000953674	9.43499970436096	9.02500009536743	8.60624980926514	8.26500010490418	8.39625000953675	8.01999986171722	8.05749988555908	8.0349999666214	8.10999977588654	8.0277498960495	8.125	8.20749998092652	8.09249973297119	7.9724999666214	8.04500019550324	8.2937502861023	8.33875012397766	8.12500011920929	8.09899997711182	8.28749990463257					
2024-05-13	2024-05-10	TMCI	Treace Medical Concepts, Inc.	Treace John T.	CEO, 10%	P - Purchase	4.57	3e+05	11,417,224	+3%	+$1,370,370	1371000	18:07:34	3	4.57	4.44875013828278	5.2849999666214	5.72749996185303	5.70150017738342	5.32249999046326	4.98750007152557	5.15750002861023	5.1875	5.2224999666214	5.14749979972839	5.13300001621246	5.125	5.65249991416931	5.90249991416931	5.69999992847443	5.5974999666214	5.75249993801117	6.05499994754791	5.94000005722046	5.74500000476837	5.74500000476837	6.20650005340576	6.03999996185303	5.97000002861023	5.98749995231629	6.01499998569489	5.92575001716614	5.89499998092651	5.78750002384186	5.78749990463257	6.04999995231629	6.46249997615814	6.66425001621246	6.57774996757507	6.53875005245209	6.62500011920929	6.62999987602234	6.79499995708466	6.6875	7.12049996852875	7.97250008583069						
2024-05-13	2024-05-10	EAF	Graftech International Ltd	Colonial House Capital Ltd	10%	P - Purchase	1.74	5e+05	31,025,291	+2%	+$870,250	870000	16:07:41	3	1.74	18.0250000953674	18.5750002861023	18.9000000953674	18.2999997138977	17.5499997138977	18.2000002861023	19.9124999046326	20.4625000953674	19.4249997138977	18.375	18.0749998092652	17.6500005722046	17.5625	16.8874998092652	15.875	14.6249997615814	14.2750000953674	14.2750000953674	14.2249999046326	13.7749998569489	13.6375000476837	13.5000002384185	12.3624999523163	11.3750002384186	10.5999999046326	10.4375002384186	10.7999997138977	10.7000000476837	10.2874999046326	10.2025001049042	10.3250000476837	9.92000007629395	9.54749989509582	9.91000008583068	9.81750011444091	10.1124999523163	10.3899998664856	10.2699999809265	10.2249999046326	9.90000009536741	10.6425001621246						
2024-05-13	2024-05-09	CMPO	Composecure, Inc.	Bleichroeder LP	10%	P - Purchase	6.5	8e+05	3,797,550	+27%	+$5,200,000	5200000	09:40:57	4	6.5	5.60838878154755	5.50249147415161	5.44850504398346	5.46719253063202	5.44642841815949	5.4401992559433	5.55232548713684	5.55024921894073	5.51079750061035	5.44642865657807	5.44642877578735	5.45888721942902	5.44019937515259	5.47861289978028	5.32599675655365	5.18168580532074	5.09406137466431	5.11627900600433	5.26058971881867	5.26578056812287	5.21179401874542	5.1868771314621	5.26474213600159	5.22217583656311	5.16403639316559	5.26578092575074	5.36129570007325	5.33430242538452	5.25996673107147	5.22632896900177	5.25373721122742	5.2450168132782	5.46303999423981	5.60838901996613	5.75269913673401	5.77450156211853	5.83887028694153	5.77034878730774	5.98421907424927	6.15344667434693	6.24377107620239	6.26038205623627					
2024-05-10	2024-05-08	MCFT	Mastercraft Boat Holdings, Inc.	Coliseum Capital Management, LLC	10%	P - Purchase	19.87	160330	4,922,642	+3%	+$3,185,114	3185757.1	21:27:38	2	19.87	19.9412498474121	20.3275003433228	21.1149997711182	20.9399995803833	20.664999961853	20.5425000190735	20.3924999237061	20.6787505149842	20.7424998283386	20.991250038147	20.9990000724792	21.0750002861023	21.4412498474122	20.6900000572205	20.5749998092652	21.0795001983643	21.3924999237061	21.1092495918274	20.8537502288819	20.6449999809265	20.460000038147	20.5	20.7087497711182	21.1175003051758	20.4650001525879	19.856999874115	19.7825002670288	19.7537503242493	19.3499999046326	19.4224996566773	19.7324995994568	19.5550003051758	19.0274996757507	18.8295001983643	18.8764996528626	18.4249997138977	17.8444995880127	17.7675004005433	17.5224995613098	17.6129999160767							
2024-05-08	2024-05-06	RM	Regional Management Corp.	Basswood Capital Management, L.L.C.	Director-by-Deputization, 10%	P - Purchase	30.25	72546	537,182	+16%	+$2,194,348	2194516.5	20:15:38	2	30.25	30.3200001716614	29.7999997138977	29.9949998855591	30.1750001907349	29.9675002098084	30.1525001525879	30.0199995040893	29.6524996757508	29.9175000190735	29.3074998855591	28.2325005531311	28.0849995613098	27.3099994659424	27.2175002098084	27.4375	27.1099996566773	27.2674999237061	27.4549999237061	27.9349999427796	28.2800002098083	28.4325003623963	28.2250003814697	27.9349999427795	28.0299997329712	28.0425004959106	28.2699999809265	27.8924999237061	27.1975002288818	26.9025001525879	27.0875000953675	27.2449998855591	27.625	27.5100002288819	27.0799999237061	26.4124999046326	26.7249999046326	27.8574995994568	28.6624994277954	28.6975002288819	28.4699997901917	27.5874996185303						
2024-05-08	2024-05-06	VSTS	Vestis Corp	Corvex Management LP	10%	P - Purchase	9.96	3446655	32,561,320	+12%	+$34,321,684	34328683.8	18:43:20	2	9.96	10.3474998474121	10.3637502193451	11.4324998855591	11.644999742508	11.9762499332428	12.5	12.7725002765656	12.7600002288819	12.7025001049042	12.5369999408722	12.5524997711182	12.5475001335144	12.3600001335144	12.1350002288818	11.8272500038147	11.5474996566773	12.0350000858307	12.1675000190735	12.3614997863769	12.3949997425079	12.4087498188019	12.4025003910065	12.2825000286102	11.9925003051758	11.9574999809265	12.2762498855591	12.0699996948242	11.7237501144409	11.7699999809265	11.7162501811981	11.7774999141693	11.9375002384186	12.1225001811981	12.0149998664856	12.0450000762939	12.1462500095367	12.1537499427795	12.0399999618531	11.6237499713898	11.4574999809265	11.2750000953674						
2024-05-08	2024-05-06	EYPT	Eyepoint Pharmaceuticals, Inc.	Cormorant Asset Management, LP	10%	P - Purchase	11.86	850000	8,325,000	+11%	+$10,081,721	10081000	16:23:14	2	11.86	11.4024999141693	11.7775001525879	12.4275000095367	12.4400000572205	12.2174999713898	12.5599999427796	12.9375	12.6825001239777	12.1575000286102	12.0250000953674	11.7974998950958	11.602499961853	11.2774999141693	11.1599998474121	11.0724997520447	10.8775000572205	10.8875000476837	10.7174999713898	10.3024997711182	9.49500012397766	9.42750000953674	9.51500034332276	9.11250019073486	8.99749994277954	9.17000007629395	9.5	9.29999995231628	9.30250000953674	9.19749975204468	8.86749982833862	8.47999978065491	8.29250001907349	8.52499985694885	8.41499996185303	8.35749983787536	8.45500016212464	8.8050000667572	8.45750021934509	8.12000024318695	8.32249975204468	8.46999979019165						
2024-05-08	2024-04-30	ZONE	Cleancore Solutions, Inc.	Ansari Mohammad Jawad	10%	P - Purchase	4.01	125000	1,461,207	+9%	+$501,250	501250	16:09:38	8	4.01	3.1949999332428	3.08199995756149	3.12999999523163	3.19099998474121	3.15875005722046	3.13999998569489	3.17250001430512	3.18249994516373	3.26549994945526	3.2997499704361	3.37875002622605	3.41299998760224	3.375	3.33149999380112	3.2849999666214	3.14749997854233	3.06000000238419	3.03999996185303	3.00999999046326	3.00249999761582	3.09525001049042	3.03999996185303	3.02249997854233	2.95500004291535	2.9650000333786	3.02199995517731	2.9825000166893	3.00499999523163	3.02050006389618	2.99500000476837	3.05750000476837	3.05800008773804	2.82800006866455	2.86249995231629	2.74250000715256	2.83499997854233	2.77999997138977	2.79750001430512	2.84750002622605	2.79250001907349	2.5524999499321	2.48749995231628	2.38300001621246	2.32125002145767	2.35674995183945		
2024-05-07	2024-05-06	HQL	Abrdn Life Sciences Investors	Saba Capital Management, L.P.	10%	P - Purchase	13.74	60874	3,129,604	+2%	+$836,126	836408.76	17:07:07	1	13.74	13.707499742508	13.707499742508	13.7774999141693	13.8750002384186	13.875	14.0050001144409	14.1675002574921	14.2525002956391	14.1800000667572	14.1800000667572	14.1600000858307	13.6449999809265	13.5349998474121	13.4899997711182	13.3299999237061	13.0700001716614	13.0900001525879	13.2699999809265	13.4075000286103	13.4900000095368	13.6550002098084	13.7775001525879	13.7399997711182	13.7599999904633	13.7625000476837	13.9175000190735	13.8924996852875	13.8375000953675	13.8375000953674	13.7500002384186	13.7074997425079	13.7575001716614	13.9925000667572	14.2049999237061	14.102499961853	14.1099998950958	14.1749999523163	14.2200002670288	14.3025000095368	14.3224999904633	14.2900002002716						
2024-05-06	2024-05-02	RXO	Rxo, Inc.	Mfn Partners, LP	10%	P - Purchase	20.13	135065	17,310,434	+1%	+$2,718,555	2718858.45	16:34:35	4	20.13	20.4325003623962	20.6050004959107	20.7449998855591	20.5574998855591	20.6549997329712	20.7225003242493	20.9312500953674	21.2712497711182	21.1500000953674	21.0675001144409	20.8387498855591	20.5437502861023	20.2649998664856	20.2399997711182	20.1650004386902	20.3424997329712	20.1275000572205	19.6025004386902	19.7779998779297	20.1449999809265	20.4150004386902	20.5187497138977	20.647500038147	20.4599995613098	20.4649996757507	20.2474999427795	20.4062504768372	21.2924995422364	21.0374999046326	20.2350001335144	19.9949998855591	20.2124996185303	20.157500743866	20.2962498664856	23.6574997901916	24.8149995803833	25.0500001907349	24.9874997138977	25.6524996757508	26.9637498855591	27.0647506713867	26.9099998474121					
2024-05-06	2024-05-03	EAF	Graftech International Ltd	Colonial House Capital Ltd	10%	P - Purchase	1.77	533009	30,247,863	+2%	+$944,599	943425.93	16:09:42	3	1.77	18.3250002861023	18.3000001907349	17.4499998092652	17.7249999046326	17.4474997520447	18.0250000953674	18.5750002861023	18.9000000953674	18.2999997138977	17.5499997138977	18.2000002861023	19.9124999046326	20.4625000953674	19.4249997138977	18.375	18.0749998092652	17.6500005722046	17.5625	16.8874998092652	15.875	14.6249997615814	14.2750000953674	14.2750000953674	14.2249999046326	13.7749998569489	13.6375000476837	13.5000002384185	12.3624999523163	11.3750002384186	10.5999999046326	10.4375002384186	10.7999997138977	10.7000000476837	10.2874999046326	10.2025001049042	10.3250000476837	9.92000007629395	9.54749989509582	9.91000008583068	9.81750011444091	10.1124999523163						
2024-05-03	2024-05-01	HTLD	Heartland Express Inc	Gerdin Michael J	CEO, 10%	P - Purchase	10.74	107605	31,638,740	0%	+$1,155,307	1155677.7	18:12:59	2	10.74	10.602499961853	10.7800002098084	11.0849997997284	10.9149997234344	11.0724999904633	11.2625000476837	11.4099998474121	11.5800001621246	11.5975000858307	11.5000002384186	11.5074996948242	11.4725000858307	11.4225001335144	11.3949999809265	11.5149998664856	11.4524998664856	11.4674999713898	11.482500076294	11.1275002956391	11.1600000858307	11.3450002670288	11.4624998569489	11.5249998569489	11.5274999141693	11.4849998950958	11.460000038147	11.5725002288818	11.7075002193451	11.8949999809265	11.7274997234345	11.6150000095368	11.727499961853	11.7024998664856	11.7050001621246	11.8474998474121	11.8899998664856	11.8850002288818	12.0899999141693	12.1724998950959	12.25	12.1900002956391						
2024-05-03	2024-05-01	TBPH	Theravance Biopharma, Inc.	Samaha Eli	10%	P - Purchase	8.75	1499124	8,511,350	+21%	+$13,117,335	13117335	16:19:22	2	8.75	9.12999987602234	9.46374988555908	9.85500001907349	9.57500004768372	9.5074999332428	9.48000001907349	9.42000007629395	9.50749993324279	9.60999989509582	9.67750024795532	9.60625004768372	9.49375009536743	9.1875	9.07249999046326	9.11624979972839	8.77750015258789	8.50125002861023	8.34500002861023	8.29124999046326	8.41750001907349	8.61499977111816	8.62999987602234	8.57375001907349	8.8125	8.89999985694885	8.78999996185303	8.68250012397766	8.71499991416931	8.81500029563904	8.625	8.53499984741211	8.44750022888184	8.44749999046326	8.55749988555908	8.77999997138977	8.7904999256134	8.59000015258789	8.43250012397766	8.37499976158142	8.42249989509583	8.50250029563904						
2024-05-03	2024-05-02	NXJ	Nuveen New Jersey Quality Municipal Income Fund	Saba Capital Management, L.P.	10%	P - Purchase	11.79	50596	5,972,471	+1%	+$596,527	596526.84	13:16:32	1	11.79	11.9099998474121	11.9224998950958	12.0049998760223	12.0399999618531	12.0475001335144	12.0525002479553	12.0600001811981	12.0174999237061	12.0450003147125	12.0325000286102	12.0099997520447	12.0074996948242	11.9699997901917	11.9024999141693	11.8424999713898	11.767499923706	11.7074999809265	11.5674998760223	11.5099999904633	11.5475001335144	11.6599998474121	11.8949999809265	11.9199998378754	11.9750001430511	11.9724998474121	11.9900000095367	12.0550000667572	12.1375000476837	12.1674997806549	12.0975000858307	12.0674998760223	12.1124999523163	12.125	12.1175000667572	12.0824999809265	12.1275000572205	12.0924999713898	12.1349999904633	12.1875	12.1699998378754							
2024-05-03	2024-05-02	NQP	Nuveen Pennsylvania Quality Municipal Income Fund	Saba Capital Management, L.P.	10%	P - Purchase	11.55	65807	5,161,297	+1%	+$760,071	760070.85	13:14:37	1	11.55	11.6574997901917	11.7024998664856	11.7825002670288	11.8450002670288	11.8224999904633	11.8200001716614	11.8774998188019	11.8974997997284	11.9624998569488	11.9649999141693	11.9400000572205	11.8999998569489	11.8924999237061	11.8224999904633	11.7650001049042	11.6974997520447	11.6550002098083	11.5250000953675	11.4900000095368	11.5249998569489	11.6075003147125	11.8150000572205	11.8449997901916	11.9049999713898	11.8675000667572	11.9075000286102	11.9674999713898	12.0975000858307	12.147500038147	12.1150000095368	12.0500001907348	12.0675001144409	12.025000333786	12.0500001907349	12.0575003623963	12.1199998855591	12.0924999713898	12.0975000858307	12.1800000667572	12.1999998092652							
2024-05-02	2024-05-01	ASGI	Abrdn Global Infrastructure Income Fund	Saba Capital Management, L.P.	10%	P - Purchase	17.43	76567	2,889,010	+3%	+$1,334,936	1334562.81	16:47:20	1	17.43	17.5149998664856	17.7349996566773	17.812249660492	17.8949999809265	17.9424996376038	18.1102499961853	18.4949998855591	18.884750366211	18.9749999046326	18.9950003623962	18.9074997901916	18.9025001525879	19.0725002288818	19.2620000839233	19.1175003051758	18.9799995422363	18.8562498092652	18.8824996948242	18.625	18.5325002670288	18.7777500152588	18.9925003051758	18.8949999809265	18.9359998703003	18.9000000953675	18.8449997901916	18.8125	18.6875	18.7642502784729	18.7500004768372	18.6137499809265	18.4625005722046	18.3822498321533	18.4499998092651	18.3562498092651	18.4337506294251	18.4750003814698	18.34375	18.3574995994568	18.3825001716614							
2024-05-01	2024-04-29	CTRN	Citi Trends Inc	Fund 1 Investments, LLC	10%	P - Purchase	21.48	91600	1,981,067	+5%	+$1,967,203	1967568	16:49:05	2	21.48	21.572500705719	21.3374996185303	21.9549999237061	22.2150001525879	22.4700002670288	23.1075005531311	22.9449996948242	22.9225001335144	23.1599998474121	23.4225001335144	24.0099997520447	24.295000076294	23.4474997520447	22.8774995803833	23.3049998283387	23.1349997520447	22.4000000953675	22.2849998474121	22.7774996757507	23.6424999237061	23.3650002479553	23.6374998092652	23.2250003814697	24.6425004005432	25.1525001525879	24.1350002288818	23.619999408722	22.6449999809265	22.4175000190735	22.1375002861023	22.3399996757507	21.9525003433228	21.7075004577637	21.7199997901917	21.9099998474121	21.7525000572205	21.6100001335144	21.3024997711182	21.0949997901917	21.5625	21.5649995803833	21.4974999427796					
2024-05-01	2024-04-29	EXFY	Expensify, Inc.	McLaughlin Steven J.	10%	P - Purchase	1.57	530471	11,329,917	+5%	+$832,016	832839.47	16:30:20	2	1.57	1.59499999880791	1.62500002980232	1.6424999833107	1.65999999642372	1.73749998211861	1.78649997711182	1.7662499845028	1.76374998688698	1.77000001072884	1.75749999284744	1.76499998569488	1.73374998569488	1.72625002264977	1.69749999046326	1.7362499833107	1.76750001311302	1.7000000178814	1.67375001311302	1.68000000715256	1.75124999880791	1.68125000596047	1.61500000953675	1.52724999189377	1.48899999260902	1.46249997615814	1.43999999761582	1.44749999046326	1.46000000834465	1.44000002741814	1.41750001907349	1.47249999642372	1.44374999403953	1.37250000238419	1.36250001192093	1.30000001192093	1.32499998807907	1.41125002503395	1.46874997019768	1.48725003004074	1.47500002384186	1.49750000238419	1.49375000596047					
2024-04-30	2024-04-26	HTLD	Heartland Express Inc	Gerdin Michael J	CEO, 10%	P - Purchase	10.11	190696	31,531,135	+1%	+$1,928,490	1927936.56	21:32:38	4	10.11	10.1300001144409	9.89249992370607	10.3774998188019	10.602499961853	10.7800002098084	11.0849997997284	10.9149997234344	11.0724999904633	11.2625000476837	11.4099998474121	11.5800001621246	11.5975000858307	11.5000002384186	11.5074996948242	11.4725000858307	11.4225001335144	11.3949999809265	11.5149998664856	11.4524998664856	11.4674999713898	11.482500076294	11.1275002956391	11.1600000858307	11.3450002670288	11.4624998569489	11.5249998569489	11.5274999141693	11.4849998950958	11.460000038147	11.5725002288818	11.7075002193451	11.8949999809265	11.7274997234345	11.6150000095368	11.727499961853	11.7024998664856	11.7050001621246	11.8474998474121	11.8899998664856	11.8850002288818	12.0899999141693	12.1724998950959	12.25				
2024-04-30	2024-04-26	HTLD	Heartland Express Inc	Ann S. Gerdin Revocable Trust	Co-Trustee of 10% Owner, 10%	P - Purchase	10.14	275092	30,693,961	+1%	+$2,788,294	2789432.88	21:04:37	4	10.14	10.1300001144409	9.89249992370607	10.3774998188019	10.602499961853	10.7800002098084	11.0849997997284	10.9149997234344	11.0724999904633	11.2625000476837	11.4099998474121	11.5800001621246	11.5975000858307	11.5000002384186	11.5074996948242	11.4725000858307	11.4225001335144	11.3949999809265	11.5149998664856	11.4524998664856	11.4674999713898	11.482500076294	11.1275002956391	11.1600000858307	11.3450002670288	11.4624998569489	11.5249998569489	11.5274999141693	11.4849998950958	11.460000038147	11.5725002288818	11.7075002193451	11.8949999809265	11.7274997234345	11.6150000095368	11.727499961853	11.7024998664856	11.7050001621246	11.8474998474121	11.8899998664856	11.8850002288818	12.0899999141693	12.1724998950959	12.25				
2024-04-29	2024-04-26	HQL	Abrdn Life Sciences Investors	Saba Capital Management, L.P.	10%	P - Purchase	13	120304	3,025,602	+4%	+$1,563,952	1563952	16:54:15	3	13	13.0675001144409	13.0900001525879	13.1900000572205	13.4274997711182	13.6175003051758	13.6649997234344	13.707499742508	13.707499742508	13.7774999141693	13.8750002384186	13.875	14.0050001144409	14.1675002574921	14.2525002956391	14.1800000667572	14.1800000667572	14.1600000858307	13.6449999809265	13.5349998474121	13.4899997711182	13.3299999237061	13.0700001716614	13.0900001525879	13.2699999809265	13.4075000286103	13.4900000095368	13.6550002098084	13.7775001525879	13.7399997711182	13.7599999904633	13.7625000476837	13.9175000190735	13.8924996852875	13.8375000953675	13.8375000953674	13.7500002384186	13.7074997425079	13.7575001716614	13.9925000667572	14.2049999237061	14.102499961853	14.1099998950958					
2024-04-26	2024-04-24	CTRN	Citi Trends Inc	Fund 1 Investments, LLC	10%	P - Purchase	22.03	25100	1,889,467	+1%	+$553,021	552953	16:50:15	2	22.03	21.7775001525879	22.1050004959107	22.3574995994568	21.572500705719	21.3374996185303	21.9549999237061	22.2150001525879	22.4700002670288	23.1075005531311	22.9449996948242	22.9225001335144	23.1599998474121	23.4225001335144	24.0099997520447	24.295000076294	23.4474997520447	22.8774995803833	23.3049998283387	23.1349997520447	22.4000000953675	22.2849998474121	22.7774996757507	23.6424999237061	23.3650002479553	23.6374998092652	23.2250003814697	24.6425004005432	25.1525001525879	24.1350002288818	23.619999408722	22.6449999809265	22.4175000190735	22.1375002861023	22.3399996757507	21.9525003433228	21.7075004577637	21.7199997901917	21.9099998474121	21.7525000572205	21.6100001335144	21.3024997711182						
2024-04-26	2024-04-24	RXO	Rxo, Inc.	Mfn Partners, LP	10%	P - Purchase	19.62	2e+05	17,175,369	+1%	+$3,923,000	3924000	16:15:29	2	19.62	19.5650000572205	19.4950003623963	19.5300002098084	19.0924997329712	19.0700001716614	19.8100004196167	20.4325003623962	20.6050004959107	20.7449998855591	20.5574998855591	20.6549997329712	20.7225003242493	20.9312500953674	21.2712497711182	21.1500000953674	21.0675001144409	20.8387498855591	20.5437502861023	20.2649998664856	20.2399997711182	20.1650004386902	20.3424997329712	20.1275000572205	19.6025004386902	19.7779998779297	20.1449999809265	20.4150004386902	20.5187497138977	20.647500038147	20.4599995613098	20.4649996757507	20.2474999427795	20.4062504768372	21.2924995422364	21.0374999046326	20.2350001335144	19.9949998855591	20.2124996185303	20.157500743866	20.2962498664856	23.6574997901916						
2024-04-26	2024-04-26	ZONE	Cleancore Solutions, Inc.	Adams Clayton	10%	P - Purchase	4.01	145000	465,000	+45%	+$581,450	581450	16:05:22	0	4.01	3.54250001907349	3.18624997138977	3.1949999332428	3.08199995756149	3.12999999523163	3.19099998474121	3.15875005722046	3.13999998569489	3.17250001430512	3.18249994516373	3.26549994945526	3.2997499704361	3.37875002622605	3.41299998760224	3.375	3.33149999380112	3.2849999666214	3.14749997854233	3.06000000238419	3.03999996185303	3.00999999046326	3.00249999761582	3.09525001049042	3.03999996185303	3.02249997854233	2.95500004291535	2.9650000333786	3.02199995517731	2.9825000166893	3.00499999523163	3.02050006389618	2.99500000476837	3.05750000476837	3.05800008773804	2.82800006866455	2.86249995231629	2.74250000715256	2.83499997854233	2.77999997138977								
2024-04-26	2024-04-25	NPCT	Nuveen Core Plus Impact Fund	Saba Capital Management, L.P.	10%	P - Purchase	10.03	68072	3,333,187	+2%	+$682,762	682762.16	11:48:55	1	10.03	10.0462498664856	10.0799999237061	10.0732500553131	10.1510002613068	10.1775000095368	10.2925000190735	10.3247501850128	10.3812499046326	10.375	10.3999998569489	10.4099998474121	10.4599997997284	10.3900001049042	10.4877500534058	10.5175001621246	10.5125000476837	10.5124998092651	10.5589997768402	10.6474997997284	10.6437499523163	10.5680000782013	10.5144999027252	10.4244999885559	10.4599997997284	10.4927501678467	10.6549999713898	10.8600001335144	10.883749961853	10.9282500743866	10.8399999141693	10.8199999332428	10.8450000286102	10.9812498092652	11.0024998188019	10.9140000343323	10.9525001049042	11.0199997425079	10.9075000286102	10.9050002098083	10.8949999809265							
2024-04-26	2024-04-24	MEGI	Mainstay Cbre Global Infrastructure Megatrends Term Fund	Saba Capital Management, L.P.	10%	P - Purchase	12	71578	5,603,993	+1%	+$858,965	858936	11:47:02	2	12	12.0424997806549	12.1112501621247	12.1250002384186	12.0525000095367	12.1025002002716	12.3199996948242	12.5672497749329	12.716500043869	12.789999961853	12.9025001525879	13.0250000953674	13.1375002861023	13.2375001907349	13.2349998950958	13.3512501716614	13.4574999809265	13.4175002574921	13.4049999713898	13.357500076294	13.2349998950958	12.9425001144409	12.7899997234345	12.7650001049042	12.6875	12.6899998188019	12.9500002861023	13.0237498283386	13.0730001926422	13.1755001544952	13.1707501411438	13.0012500286102	13.0050001144409	12.8500001430512	12.8450002670288	12.7174999713898	12.5549995899201	12.477499961853	12.3500003814698	12.4319999217987	12.4650001525879	12.5950000286102						
2024-04-26	2024-04-24	HQL	Abrdn Life Sciences Investors	Saba Capital Management, L.P.	10%	P - Purchase	13.01	118103	2,905,298	+4%	+$1,536,827	1536520.03	11:40:16	2	13.01	12.9749999046326	12.9925000667572	13.0675001144409	13.0900001525879	13.1900000572205	13.4274997711182	13.6175003051758	13.6649997234344	13.707499742508	13.707499742508	13.7774999141693	13.8750002384186	13.875	14.0050001144409	14.1675002574921	14.2525002956391	14.1800000667572	14.1800000667572	14.1600000858307	13.6449999809265	13.5349998474121	13.4899997711182	13.3299999237061	13.0700001716614	13.0900001525879	13.2699999809265	13.4075000286103	13.4900000095368	13.6550002098084	13.7775001525879	13.7399997711182	13.7599999904633	13.7625000476837	13.9175000190735	13.8924996852875	13.8375000953675	13.8375000953674	13.7500002384186	13.7074997425079	13.7575001716614	13.9925000667572						
2024-04-26	2024-04-25	ASGI	Abrdn Global Infrastructure Income Fund	Saba Capital Management, L.P.	10%	P - Purchase	17.27	34547	2,797,302	+1%	+$596,627	596626.69	11:36:58	1	17.27	17.3074998855591	17.2974996566773	17.2824997901917	17.2807502746582	17.5149998664856	17.7349996566773	17.812249660492	17.8949999809265	17.9424996376038	18.1102499961853	18.4949998855591	18.884750366211	18.9749999046326	18.9950003623962	18.9074997901916	18.9025001525879	19.0725002288818	19.2620000839233	19.1175003051758	18.9799995422363	18.8562498092652	18.8824996948242	18.625	18.5325002670288	18.7777500152588	18.9925003051758	18.8949999809265	18.9359998703003	18.9000000953675	18.8449997901916	18.8125	18.6875	18.7642502784729	18.7500004768372	18.6137499809265	18.4625005722046	18.3822498321533	18.4499998092651	18.3562498092651	18.4337506294251							
2024-04-24	2024-04-22	KRRO	Korro Bio, Inc.	New Enterprise Associates 17, L.P.	10%	P - Purchase	56	17857	1,090,793	+2%	+$999,992	999992	17:00:35	2	56	68.1625003814698	64.6550006866455	60.4927492141724	60.4624996185303	61.4850006103516	58.59375	57.9800004959107	60.0349998474121	58.0100011825562	57.37975025177	54.4149990081787	52.127498626709	53.0650005340576	53.2395009994507	50.0037498474121	51.2674999237061	51.5575008392334	51.6674995422363	52.9437494277954	54.9475002288819	51.982500076294	50.0799999237061	48.1087503433228	48.3990001678467	49.3500003814698	49.6700010299683	50.3924989700318	50.9275007247925	50.0237503051758	50.0924997329712	48.4274997711182	45.8175001144409	45.1450004577637	46.571249961853	45.0599994659424	43.1799993515015	42.7790002822876	42.3719997406006	37.7250003814697	34.7125005722046	34.5149993896484	35.9750003814697					
2024-04-24	2024-04-22	KRRO	Korro Bio, Inc.	Baskett Forest	10%	P - Purchase	56	17857	1,090,793	+2%	+$999,992	999992	17:00:33	2	56	68.1625003814698	64.6550006866455	60.4927492141724	60.4624996185303	61.4850006103516	58.59375	57.9800004959107	60.0349998474121	58.0100011825562	57.37975025177	54.4149990081787	52.127498626709	53.0650005340576	53.2395009994507	50.0037498474121	51.2674999237061	51.5575008392334	51.6674995422363	52.9437494277954	54.9475002288819	51.982500076294	50.0799999237061	48.1087503433228	48.3990001678467	49.3500003814698	49.6700010299683	50.3924989700318	50.9275007247925	50.0237503051758	50.0924997329712	48.4274997711182	45.8175001144409	45.1450004577637	46.571249961853	45.0599994659424	43.1799993515015	42.7790002822876	42.3719997406006	37.7250003814697	34.7125005722046	34.5149993896484	35.9750003814697					
2024-04-24	2024-04-22	KRRO	Korro Bio, Inc.	Florence Anthony A. Jr.	10%	P - Purchase	56	17857	1,090,793	+2%	+$999,992	999992	17:00:26	2	56	68.1625003814698	64.6550006866455	60.4927492141724	60.4624996185303	61.4850006103516	58.59375	57.9800004959107	60.0349998474121	58.0100011825562	57.37975025177	54.4149990081787	52.127498626709	53.0650005340576	53.2395009994507	50.0037498474121	51.2674999237061	51.5575008392334	51.6674995422363	52.9437494277954	54.9475002288819	51.982500076294	50.0799999237061	48.1087503433228	48.3990001678467	49.3500003814698	49.6700010299683	50.3924989700318	50.9275007247925	50.0237503051758	50.0924997329712	48.4274997711182	45.8175001144409	45.1450004577637	46.571249961853	45.0599994659424	43.1799993515015	42.7790002822876	42.3719997406006	37.7250003814697	34.7125005722046	34.5149993896484	35.9750003814697					
2024-04-24	2024-04-22	KRRO	Korro Bio, Inc.	Walker Paul Edward	10%	P - Purchase	56	17857	1,090,793	+2%	+$999,992	999992	17:00:23	2	56	68.1625003814698	64.6550006866455	60.4927492141724	60.4624996185303	61.4850006103516	58.59375	57.9800004959107	60.0349998474121	58.0100011825562	57.37975025177	54.4149990081787	52.127498626709	53.0650005340576	53.2395009994507	50.0037498474121	51.2674999237061	51.5575008392334	51.6674995422363	52.9437494277954	54.9475002288819	51.982500076294	50.0799999237061	48.1087503433228	48.3990001678467	49.3500003814698	49.6700010299683	50.3924989700318	50.9275007247925	50.0237503051758	50.0924997329712	48.4274997711182	45.8175001144409	45.1450004577637	46.571249961853	45.0599994659424	43.1799993515015	42.7790002822876	42.3719997406006	37.7250003814697	34.7125005722046	34.5149993896484	35.9750003814697					
2024-04-24	2024-04-22	KRRO	Korro Bio, Inc.	Chang Carmen	10%	P - Purchase	56	17857	1,090,793	+2%	+$999,992	999992	17:00:22	2	56	68.1625003814698	64.6550006866455	60.4927492141724	60.4624996185303	61.4850006103516	58.59375	57.9800004959107	60.0349998474121	58.0100011825562	57.37975025177	54.4149990081787	52.127498626709	53.0650005340576	53.2395009994507	50.0037498474121	51.2674999237061	51.5575008392334	51.6674995422363	52.9437494277954	54.9475002288819	51.982500076294	50.0799999237061	48.1087503433228	48.3990001678467	49.3500003814698	49.6700010299683	50.3924989700318	50.9275007247925	50.0237503051758	50.0924997329712	48.4274997711182	45.8175001144409	45.1450004577637	46.571249961853	45.0599994659424	43.1799993515015	42.7790002822876	42.3719997406006	37.7250003814697	34.7125005722046	34.5149993896484	35.9750003814697					
2024-04-24	2024-04-22	KRRO	Korro Bio, Inc.	Mathers Edward T	10%	P - Purchase	56	17857	1,090,793	+2%	+$999,992	999992	17:00:19	2	56	68.1625003814698	64.6550006866455	60.4927492141724	60.4624996185303	61.4850006103516	58.59375	57.9800004959107	60.0349998474121	58.0100011825562	57.37975025177	54.4149990081787	52.127498626709	53.0650005340576	53.2395009994507	50.0037498474121	51.2674999237061	51.5575008392334	51.6674995422363	52.9437494277954	54.9475002288819	51.982500076294	50.0799999237061	48.1087503433228	48.3990001678467	49.3500003814698	49.6700010299683	50.3924989700318	50.9275007247925	50.0237503051758	50.0924997329712	48.4274997711182	45.8175001144409	45.1450004577637	46.571249961853	45.0599994659424	43.1799993515015	42.7790002822876	42.3719997406006	37.7250003814697	34.7125005722046	34.5149993896484	35.9750003814697					
2024-04-24	2024-04-22	KRRO	Korro Bio, Inc.	Yang Rick	10%	P - Purchase	56	17857	1,090,793	+2%	+$999,992	999992	17:00:16	2	56	68.1625003814698	64.6550006866455	60.4927492141724	60.4624996185303	61.4850006103516	58.59375	57.9800004959107	60.0349998474121	58.0100011825562	57.37975025177	54.4149990081787	52.127498626709	53.0650005340576	53.2395009994507	50.0037498474121	51.2674999237061	51.5575008392334	51.6674995422363	52.9437494277954	54.9475002288819	51.982500076294	50.0799999237061	48.1087503433228	48.3990001678467	49.3500003814698	49.6700010299683	50.3924989700318	50.9275007247925	50.0237503051758	50.0924997329712	48.4274997711182	45.8175001144409	45.1450004577637	46.571249961853	45.0599994659424	43.1799993515015	42.7790002822876	42.3719997406006	37.7250003814697	34.7125005722046	34.5149993896484	35.9750003814697					
2024-04-24	2024-04-22	KRRO	Korro Bio, Inc.	Makhzoumi Mohamad	10%	P - Purchase	56	17857	1,090,793	+2%	+$999,992	999992	17:00:12	2	56	68.1625003814698	64.6550006866455	60.4927492141724	60.4624996185303	61.4850006103516	58.59375	57.9800004959107	60.0349998474121	58.0100011825562	57.37975025177	54.4149990081787	52.127498626709	53.0650005340576	53.2395009994507	50.0037498474121	51.2674999237061	51.5575008392334	51.6674995422363	52.9437494277954	54.9475002288819	51.982500076294	50.0799999237061	48.1087503433228	48.3990001678467	49.3500003814698	49.6700010299683	50.3924989700318	50.9275007247925	50.0237503051758	50.0924997329712	48.4274997711182	45.8175001144409	45.1450004577637	46.571249961853	45.0599994659424	43.1799993515015	42.7790002822876	42.3719997406006	37.7250003814697	34.7125005722046	34.5149993896484	35.9750003814697					
2024-04-24	2024-04-22	KRRO	Korro Bio, Inc.	Sandell Scott D	10%	P - Purchase	56	17857	1,090,793	+2%	+$999,992	999992	17:00:08	2	56	68.1625003814698	64.6550006866455	60.4927492141724	60.4624996185303	61.4850006103516	58.59375	57.9800004959107	60.0349998474121	58.0100011825562	57.37975025177	54.4149990081787	52.127498626709	53.0650005340576	53.2395009994507	50.0037498474121	51.2674999237061	51.5575008392334	51.6674995422363	52.9437494277954	54.9475002288819	51.982500076294	50.0799999237061	48.1087503433228	48.3990001678467	49.3500003814698	49.6700010299683	50.3924989700318	50.9275007247925	50.0237503051758	50.0924997329712	48.4274997711182	45.8175001144409	45.1450004577637	46.571249961853	45.0599994659424	43.1799993515015	42.7790002822876	42.3719997406006	37.7250003814697	34.7125005722046	34.5149993896484	35.9750003814697					
2024-04-24	2024-04-22	RXO	Rxo, Inc.	Mfn Partners, LP	10%	P - Purchase	19.82	1e+05	16,975,369	+1%	+$1,981,649	1982000	16:10:14	2	19.82	19.7067499160767	19.4997501373291	19.5650000572205	19.4950003623963	19.5300002098084	19.0924997329712	19.0700001716614	19.8100004196167	20.4325003623962	20.6050004959107	20.7449998855591	20.5574998855591	20.6549997329712	20.7225003242493	20.9312500953674	21.2712497711182	21.1500000953674	21.0675001144409	20.8387498855591	20.5437502861023	20.2649998664856	20.2399997711182	20.1650004386902	20.3424997329712	20.1275000572205	19.6025004386902	19.7779998779297	20.1449999809265	20.4150004386902	20.5187497138977	20.647500038147	20.4599995613098	20.4649996757507	20.2474999427795	20.4062504768372	21.2924995422364	21.0374999046326	20.2350001335144	19.9949998855591	20.2124996185303	20.157500743866	20.2962498664856					
2024-04-23	2024-04-22	HQL	Abrdn Life Sciences Investors	Saba Capital Management, L.P.	10%	P - Purchase	13.14	50225	2,787,195	+2%	+$659,913	659956.5	20:00:32	1	13.14	13.0674998760224	13.1399998664856	12.9749999046326	12.9925000667572	13.0675001144409	13.0900001525879	13.1900000572205	13.4274997711182	13.6175003051758	13.6649997234344	13.707499742508	13.707499742508	13.7774999141693	13.8750002384186	13.875	14.0050001144409	14.1675002574921	14.2525002956391	14.1800000667572	14.1800000667572	14.1600000858307	13.6449999809265	13.5349998474121	13.4899997711182	13.3299999237061	13.0700001716614	13.0900001525879	13.2699999809265	13.4075000286103	13.4900000095368	13.6550002098084	13.7775001525879	13.7399997711182	13.7599999904633	13.7625000476837	13.9175000190735	13.8924996852875	13.8375000953675	13.8375000953674	13.7500002384186	13.7074997425079	13.7575001716614					
2024-04-23	2024-04-19	CTRN	Citi Trends Inc	Fund 1 Investments, LLC	10%	P - Purchase	22.07	65495	1,864,367	+4%	+$1,445,368	1445474.65	17:56:26	4	22.07	22.1199998855591	22.3425002098084	22.2450003623962	21.7775001525879	22.1050004959107	22.3574995994568	21.572500705719	21.3374996185303	21.9549999237061	22.2150001525879	22.4700002670288	23.1075005531311	22.9449996948242	22.9225001335144	23.1599998474121	23.4225001335144	24.0099997520447	24.295000076294	23.4474997520447	22.8774995803833	23.3049998283387	23.1349997520447	22.4000000953675	22.2849998474121	22.7774996757507	23.6424999237061	23.3650002479553	23.6374998092652	23.2250003814697	24.6425004005432	25.1525001525879	24.1350002288818	23.619999408722	22.6449999809265	22.4175000190735	22.1375002861023	22.3399996757507	21.9525003433228	21.7075004577637	21.7199997901917	21.9099998474121	21.7525000572205	21.6100001335144				
2024-04-23	2024-04-22	KRRO	Korro Bio, Inc.	Atlas Venture Opportunity Fund Ii, L.P.	10%	P - Purchase	56	17857	195,074	+10%	+$999,992	999992	17:23:41	1	56	68.1625003814698	64.6550006866455	60.4927492141724	60.4624996185303	61.4850006103516	58.59375	57.9800004959107	60.0349998474121	58.0100011825562	57.37975025177	54.4149990081787	52.127498626709	53.0650005340576	53.2395009994507	50.0037498474121	51.2674999237061	51.5575008392334	51.6674995422363	52.9437494277954	54.9475002288819	51.982500076294	50.0799999237061	48.1087503433228	48.3990001678467	49.3500003814698	49.6700010299683	50.3924989700318	50.9275007247925	50.0237503051758	50.0924997329712	48.4274997711182	45.8175001144409	45.1450004577637	46.571249961853	45.0599994659424	43.1799993515015	42.7790002822876	42.3719997406006	37.7250003814697	34.7125005722046	34.5149993896484	35.9750003814697					
2024-04-22	2024-04-18	MCFT	Mastercraft Boat Holdings, Inc.	Coliseum Capital Management, LLC	10%	P - Purchase	20.91	133122	4,688,773	+3%	+$2,784,069	2783581.02	19:59:12	4	20.91	20.9724998474121	21.3400001525879	21.4850001335144	21.1715002059937	20.6875	20.6582498550415	20.6750001907349	20.396999835968	20.1824998855591	20.0149998664856	20.2262501716614	20.3150000572204	20.2425003051758	19.3650002479553	19.9412498474121	20.3275003433228	21.1149997711182	20.9399995803833	20.664999961853	20.5425000190735	20.3924999237061	20.6787505149842	20.7424998283386	20.991250038147	20.9990000724792	21.0750002861023	21.4412498474122	20.6900000572205	20.5749998092652	21.0795001983643	21.3924999237061	21.1092495918274	20.8537502288819	20.6449999809265	20.460000038147	20.5	20.7087497711182	21.1175003051758	20.4650001525879	19.856999874115	19.7825002670288	19.7537503242493	19.3499999046326				
2024-04-22	2024-04-18	TTSH	Tile Shop Holdings, Inc.	Fund 1 Investments, LLC	10%	P - Purchase	6.33	127138	13,024,099	+1%	+$804,379	804783.54	16:43:28	4	6.33	6.37749993801117	6.37750005722046	6.5275000333786	6.56500005722046	6.3549998998642	6.42750000953674	6.62250006198883	6.72249984741211	6.82999992370606	6.80749988555908	6.91750001907349	7.04750001430512	6.9375	6.81250011920929	6.84499979019165	6.6599999666214	6.72749984264374	6.73749995231628	6.69500005245209	6.47749996185303	6.4375	6.33249986171722	6.30000007152558	6.36000001430512	6.40000009536743	6.48249995708466	6.57249999046326	6.44500017166138	6.38750004768372	6.51249992847442	6.71749997138977	6.65499985218048	6.7150000333786	6.69749987125397	6.67499995231629	6.59000003337861	6.55500006675721	6.59249997138977	6.61500000953675	6.61000001430512	6.76750004291534	6.9099999666214	6.93999993801117				
2024-04-22	2024-04-22	IBTA	Ibotta, Inc.	Clark Jermoluk Founders Fund I LLC	10%	P - Purchase	88	568181	6,330,638	+10%	+$49,999,928	49999928	16:06:15	0	88	104.882501602173	107.363748550415	105.107248306275	106.147500991821	108.382499694824	104.077501296997	100.782499313354	101.787498474121	102.903749465942	103.409999847412	103.274997711182	98.840000152588	97.3330001831054	99.9925003051759	103.90299987793	105.233749389648	105.892499923706	106.110000610352	105.691249847412	106.400001525879	105.682498931885	104.945001602173	103.659997940064	104.773748397827	106.682748794556	105.702499389648	105.960000991821	100.772500991821	91.5362529754639	84.1637496948242	82.9375	79.1444988250732	77.0062522888184	80.0174999237061	80.9624996185303	78.9650001525879	78.3150024414063	78.0422496795655	74.9675006866455	72.5664978027344	71.314998626709						
2024-04-22	2024-04-18	EYPT	Eyepoint Pharmaceuticals, Inc.	Cormorant Asset Management, LP	10%	P - Purchase	18.03	581765	7,475,000	+8%	+$10,489,446	10489222.95	16:00:41	4	18.03	17.4574995040894	17.3025002479553	18.0149998664856	17.0274996757507	16.0475001335144	16.3099999427796	17.147500038147	17.5000004768371	18	19.1424999237061	20.2524995803833	12.5375001430512	11.4024999141693	11.7775001525879	12.4275000095367	12.4400000572205	12.2174999713898	12.5599999427796	12.9375	12.6825001239777	12.1575000286102	12.0250000953674	11.7974998950958	11.602499961853	11.2774999141693	11.1599998474121	11.0724997520447	10.8775000572205	10.8875000476837	10.7174999713898	10.3024997711182	9.49500012397766	9.42750000953674	9.51500034332276	9.11250019073486	8.99749994277954	9.17000007629395	9.5	9.29999995231628	9.30250000953674	9.19749975204468	8.86749982833862	8.47999978065491				
2024-04-22	2024-04-18	HQL	Abrdn Life Sciences Investors	Saba Capital Management, L.P.	10%	P - Purchase	12.81	124197	2,736,970	+5%	+$1,591,420	1590963.57	15:08:50	4	12.81	12.8050000667572	12.9250001907349	13.0674998760224	13.1399998664856	12.9749999046326	12.9925000667572	13.0675001144409	13.0900001525879	13.1900000572205	13.4274997711182	13.6175003051758	13.6649997234344	13.707499742508	13.707499742508	13.7774999141693	13.8750002384186	13.875	14.0050001144409	14.1675002574921	14.2525002956391	14.1800000667572	14.1800000667572	14.1600000858307	13.6449999809265	13.5349998474121	13.4899997711182	13.3299999237061	13.0700001716614	13.0900001525879	13.2699999809265	13.4075000286103	13.4900000095368	13.6550002098084	13.7775001525879	13.7399997711182	13.7599999904633	13.7625000476837	13.9175000190735	13.8924996852875	13.8375000953675	13.8375000953674	13.7500002384186	13.7074997425079				
2024-04-19	2024-04-17	RXO	Rxo, Inc.	Mfn Partners, LP	10%	P - Purchase	19.51	1245690	16,875,369	+8%	+$24,305,626	24303411.9	18:56:27	2	19.51	19.3375000953674	19.1725001335144	19.5924997329712	19.7067499160767	19.4997501373291	19.5650000572205	19.4950003623963	19.5300002098084	19.0924997329712	19.0700001716614	19.8100004196167	20.4325003623962	20.6050004959107	20.7449998855591	20.5574998855591	20.6549997329712	20.7225003242493	20.9312500953674	21.2712497711182	21.1500000953674	21.0675001144409	20.8387498855591	20.5437502861023	20.2649998664856	20.2399997711182	20.1650004386902	20.3424997329712	20.1275000572205	19.6025004386902	19.7779998779297	20.1449999809265	20.4150004386902	20.5187497138977	20.647500038147	20.4599995613098	20.4649996757507	20.2474999427795	20.4062504768372	21.2924995422364	21.0374999046326	20.2350001335144	19.9949998855591					
2024-04-18	2024-04-16	EAF	Graftech International Ltd	Colonial House Capital Ltd	10%	P - Purchase	1.78	2303599	29,535,575	+8%	+$4,100,867	4100406.22	16:08:08	2	1.78	15.3499999046326	14.9750001430512	15.2125000953674	15.5750000476837	16.087500333786	16.0250000953674	16.1000003814697	16.0025000572205	16.1750001907349	16.8625001907349	17.0599999427796	17.3750004768372	18.0250000953674	18.3250002861023	18.3000001907349	17.4499998092652	17.7249999046326	17.4474997520447	18.0250000953674	18.5750002861023	18.9000000953674	18.2999997138977	17.5499997138977	18.2000002861023	19.9124999046326	20.4625000953674	19.4249997138977	18.375	18.0749998092652	17.6500005722046	17.5625	16.8874998092652	15.875	14.6249997615814	14.2750000953674	14.2750000953674	14.2249999046326	13.7749998569489	13.6375000476837	13.5000002384185	12.3624999523163	11.3750002384186					
2024-04-17	2024-04-15	CTRN	Citi Trends Inc	Fund 1 Investments, LLC	10%	P - Purchase	22.47	35226	1,798,872	+2%	+$791,454	791528.22	17:48:12	2	22.47	22.5075001716614	22.6500000953674	22.5075001716614	21.9875001907349	22.1199998855591	22.3425002098084	22.2450003623962	21.7775001525879	22.1050004959107	22.3574995994568	21.572500705719	21.3374996185303	21.9549999237061	22.2150001525879	22.4700002670288	23.1075005531311	22.9449996948242	22.9225001335144	23.1599998474121	23.4225001335144	24.0099997520447	24.295000076294	23.4474997520447	22.8774995803833	23.3049998283387	23.1349997520447	22.4000000953675	22.2849998474121	22.7774996757507	23.6424999237061	23.3650002479553	23.6374998092652	23.2250003814697	24.6425004005432	25.1525001525879	24.1350002288818	23.619999408722	22.6449999809265	22.4175000190735	22.1375002861023	22.3399996757507	21.9525003433228	21.7075004577637				
2024-04-17	2024-04-15	TTSH	Tile Shop Holdings, Inc.	Fund 1 Investments, LLC	10%	P - Purchase	6.7	79200	12,832,823	+1%	+$530,749	530640	17:14:33	2	6.7	6.7150000333786	6.66999995708465	6.60249984264374	6.37749993801117	6.37750005722046	6.5275000333786	6.56500005722046	6.3549998998642	6.42750000953674	6.62250006198883	6.72249984741211	6.82999992370606	6.80749988555908	6.91750001907349	7.04750001430512	6.9375	6.81250011920929	6.84499979019165	6.6599999666214	6.72749984264374	6.73749995231628	6.69500005245209	6.47749996185303	6.4375	6.33249986171722	6.30000007152558	6.36000001430512	6.40000009536743	6.48249995708466	6.57249999046326	6.44500017166138	6.38750004768372	6.51249992847442	6.71749997138977	6.65499985218048	6.7150000333786	6.69749987125397	6.67499995231629	6.59000003337861	6.55500006675721	6.59249997138977	6.61500000953675	6.61000001430512				
2024-04-17	2024-04-15	BRT	Brt Apartments Corp.	Gould Investors L P	10%	P - Purchase	16.94	36912	3,707,981	+1%	+$625,469	625289.28	16:20:14	2	16.94	16.9549999237061	16.692500114441	16.6500005722046	17.0024995803833	17.522500038147	17.9850001335144	17.7174997329712	17.4124994277954	17.5875005722046	17.8899998664856	18.0150003433227	18.1674995422363	18.4574999809265	18.5625	18.5875000953674	18.6575002670288	18.5675001144409	18.3675003051758	18.210000038147	17.8750004768372	17.6925001144409	17.982500076294	17.8225002288819	17.8099999427795	17.5099997520447	17.4949998855591	17.454999923706	17.2374997138977	17.2125000953674	17.1849994659424	17.0875000953674	17.1875	17.4075002670288	17.5150003433228	17.3775000572205	17.607500076294	17.625	17.6550002098083	17.7549996376038	17.5524997711181	17.6574997901917	17.4349999427795	17.2649998664856				
2024-04-17	2024-04-12	RXO	Rxo, Inc.	Mfn Partners, LP	10%	P - Purchase	20.24	41124	15,629,679	0%	+$832,401	832349.76	16:14:26	5	20.24	20.4850001335144	20.3487501144409	19.7199997901917	19.3375000953674	19.1725001335144	19.5924997329712	19.7067499160767	19.4997501373291	19.5650000572205	19.4950003623963	19.5300002098084	19.0924997329712	19.0700001716614	19.8100004196167	20.4325003623962	20.6050004959107	20.7449998855591	20.5574998855591	20.6549997329712	20.7225003242493	20.9312500953674	21.2712497711182	21.1500000953674	21.0675001144409	20.8387498855591	20.5437502861023	20.2649998664856	20.2399997711182	20.1650004386902	20.3424997329712	20.1275000572205	19.6025004386902	19.7779998779297	20.1449999809265	20.4150004386902	20.5187497138977	20.647500038147	20.4599995613098	20.4649996757507	20.2474999427795	20.4062504768372	21.2924995422364	21.0374999046326	20.2350001335144			
2024-04-15	2024-04-11	CRMT	Americas Carmart Inc	Peterson Adam K	10%	P - Purchase	57.87	13550	742,000	+2%	+$784,139	784138.5	17:01:13	4	57.87	57.7699995040894	55.9774999618531	56.0675001144409	56.3924999237061	56.4974994659424	57.0824995040894	57.5799989700318	58.1800003051758	58.3899993896485	56.7125005722046	57.772500038147	58.2200002670288	57.3550004959107	58.1450004577637	58.1899995803833	59.7299995422364	60.4025011062622	61.2925004959107	60.5875005722046	60.8374996185303	59.6324996948242	62.3474998474122	65.4324989318848	65.2124977111817	65.0100002288819	64.4499998092651	64.4425020217896	63.0249996185303	61.7799997329712	61.102499961853	60.7750005722046	61.0375003814697	60.1100006103516	61.085000038147	61.1774997711182	61.6149997711182	60.9549989700318	61.9975004196167	64.1299991607666	62.7224988937378	60.5199985504151	61.2450008392334	64.2074995040893	62.6349992752076			
2024-04-15	2024-04-11	ACRV	Acrivon Therapeutics, Inc.	Perceptive Advisors LLC	10%	P - Purchase	8.5	2353000	5,360,858	+78%	+$20,000,500	20000500	08:53:49	4	8.5	9.68999981880187	9.99000000953673	9.43250012397766	9.93750000000001	10.5675001144409	9.8750002384186	9.51750016212463	9.72500014305115	9.54874992370605	8.97250008583069	8.49224996566773	9.14074993133545	9.45750021934509	8.69249987602234	8.43750023841858	9.17500019073486	9.14625000953674	8.50374984741211	8.2337498664856	8.2335000038147	8.41750013828277	8.63750004768372	8.4324996471405	8.55499982833862	8.58750009536743	8.75624990463257	8.80250000953674	8.40499997138977	8.375	8.31249976158142	8.06875002384186	7.90499997138977	7.58624994754791	7.59250009059906	7.73175013065338	7.84499979019165	7.48999989032745	7.40699994564057	7.38850009441376	7.22000002861023	7.36500000953674	7.52500009536743	7.6949999332428	7.60900008678436			
2024-04-12	2024-04-10	MCFT	Mastercraft Boat Holdings, Inc.	Coliseum Capital Management, LLC	10%	P - Purchase	21.81	72608	4,387,268	+2%	+$1,583,449	1583580.48	20:52:32	2	21.81	21.9169998168945	21.8650002479553	21.8962502479553	21.0974998474121	21.0462503433228	20.8722496032715	20.9724998474121	21.3400001525879	21.4850001335144	21.1715002059937	20.6875	20.6582498550415	20.6750001907349	20.396999835968	20.1824998855591	20.0149998664856	20.2262501716614	20.3150000572204	20.2425003051758	19.3650002479553	19.9412498474121	20.3275003433228	21.1149997711182	20.9399995803833	20.664999961853	20.5425000190735	20.3924999237061	20.6787505149842	20.7424998283386	20.991250038147	20.9990000724792	21.0750002861023	21.4412498474122	20.6900000572205	20.5749998092652	21.0795001983643	21.3924999237061	21.1092495918274	20.8537502288819	20.6449999809265	20.460000038147	20.5					
2024-04-12	2024-04-10	CTRN	Citi Trends Inc	Fund 1 Investments, LLC	10%	P - Purchase	22.99	62282	1,763,646	+4%	+$1,431,735	1431863.18	17:10:30	2	22.99	23.1625003814698	22.8299999237061	22.6775002479554	22.5075001716614	22.6500000953674	22.5075001716614	21.9875001907349	22.1199998855591	22.3425002098084	22.2450003623962	21.7775001525879	22.1050004959107	22.3574995994568	21.572500705719	21.3374996185303	21.9549999237061	22.2150001525879	22.4700002670288	23.1075005531311	22.9449996948242	22.9225001335144	23.1599998474121	23.4225001335144	24.0099997520447	24.295000076294	23.4474997520447	22.8774995803833	23.3049998283387	23.1349997520447	22.4000000953675	22.2849998474121	22.7774996757507	23.6424999237061	23.3650002479553	23.6374998092652	23.2250003814697	24.6425004005432	25.1525001525879	24.1350002288818	23.619999408722	22.6449999809265	22.4175000190735					
2024-04-12	2024-04-10	ASGI	Abrdn Global Infrastructure Income Fund	Saba Capital Management, L.P.	10%	P - Purchase	17.25	33799	2,740,646	+1%	+$582,947	583032.75	14:58:06	2	17.25	17.2474994659424	17.0900001525879	16.90625	16.71875	16.6974997520447	16.7799997329712	16.8800001144409	16.9000000953675	17.0675001144409	17.2439994812012	17.2762498855591	17.3074998855591	17.2974996566773	17.2824997901917	17.2807502746582	17.5149998664856	17.7349996566773	17.812249660492	17.8949999809265	17.9424996376038	18.1102499961853	18.4949998855591	18.884750366211	18.9749999046326	18.9950003623962	18.9074997901916	18.9025001525879	19.0725002288818	19.2620000839233	19.1175003051758	18.9799995422363	18.8562498092652	18.8824996948242	18.625	18.5325002670288	18.7777500152588	18.9925003051758	18.8949999809265	18.9359998703003	18.9000000953675	18.8449997901916	18.8125					
2024-04-11	2024-04-09	TKO	Tko Group Holdings, Inc.	Emanuel Ariel	CEO, 10%	P - Purchase	89.01	1642970	1,655,501	>999%	+$146,240,760	146240759.7	19:00:08	2	89.01	97.060001373291	97.7225017547607	98.3625011444092	97.7774982452393	97.017499923706	97.2974987030029	96.3549995422363	95.3974990844727	95.4599990844727	95.6825008392334	95.7325000762939	95.5349998474121	96.3825016021729	96.5450000762939	95.3174991607666	95.4575004577637	95.8849983215332	97.1925010681152	98.8274993896484	98.5974998474121	98.4024982452393	99.1175003051758	99.6599998474121	99.8899993896485	100.965000152588	104.452501296997	104.984998703003	105.27499961853	106.357500076294	107.507499694824	107.449998855591	106.1875	107.079999923706	107.942499160767	108.8125	108.724998474121	108.592498779297	109.414999008179	107.694999694824	107.619998931885	108.212501525879	107.829998016358					
2024-04-11	2024-04-09	TKO	Tko Group Holdings, Inc.	Whitesell Patrick	10%	P - Purchase	89.01	1642970	1,642,970	New	+$146,240,760	146240759.7	19:00:07	2	89.01	97.060001373291	97.7225017547607	98.3625011444092	97.7774982452393	97.017499923706	97.2974987030029	96.3549995422363	95.3974990844727	95.4599990844727	95.6825008392334	95.7325000762939	95.5349998474121	96.3825016021729	96.5450000762939	95.3174991607666	95.4575004577637	95.8849983215332	97.1925010681152	98.8274993896484	98.5974998474121	98.4024982452393	99.1175003051758	99.6599998474121	99.8899993896485	100.965000152588	104.452501296997	104.984998703003	105.27499961853	106.357500076294	107.507499694824	107.449998855591	106.1875	107.079999923706	107.942499160767	108.8125	108.724998474121	108.592498779297	109.414999008179	107.694999694824	107.619998931885	108.212501525879	107.829998016358					
2024-04-11	2024-04-09	ATLC	Atlanticus Holdings Corp	Hanna Frank J III	10%	P - Purchase	28.21	263432	4,261,504	+7%	+$7,431,417	7431416.72	17:15:40	2	28.21	27.5199999809265	27.2825002670288	27.6024999618531	26.7124996185303	26.1925001144409	25.8775000572205	25.2650003433228	24.3700003623963	23.7575001716614	24.2474999427796	24.6274995803833	25.6074995994568	26.3949999809266	27.2025003433228	27.0275006294251	26.6374998092651	26.7499995231629	27.3550000190735	27.375	28.1724996566773	27.9575004577637	28.4175000190735	28.6499996185303	28.9549999237061	27.8375000953675	26.2550005912781	24.4099998474121	24.375	24.6150002479554	25.1624999046326	24.7999997138977	24.9699997901917	25.2624998092651	26.239999294281	26.125	25.9825005531311	25.8474998474121	26.0925002098084	26.3025007247925	26.4500002861023	26.6100006103516	26.6574997901917					
2024-04-10	2024-04-09	VCRDX	Versus Capital Infrastructure Income Fund	Versus Capital Advisors LLC	Investment Adviser, 10%	P - Purchase	10.02	199601	3,009,601	+7%	+$2,000,000	2000002.02	12:34:38	1	10.02	10.0200004577637	10.0299997329712	10.0299997329712	10.039999961853	10.039999961853	10.0500001907349	10.0500001907349	10.0600004196167	10.0600004196167	10.0600004196167	10.0699996948242	10.0699996948242	10.0799999237061	10.0799999237061	10.0900001525879	10.0900001525879	10.0900001525879	10.1000003814697	10.1099996566772	10.1099996566772	10.1099996566772	10.1199998855591	10.1300001144409	10.1300001144409	10.1400003433228	10.1499996185303	10.1499996185303	10.1599998474121	10.1599998474121	10.1599998474121	10.1599998474121	10.1599998474121	10.1800003051758	10.1800003051758	10.1800003051758	10.1899995803833	10.1899995803833	10.1999998092651	10.210000038147	10.210000038147	10.210000038147	10.210000038147					
2024-04-09	2024-04-05	TTSH	Tile Shop Holdings, Inc.	Fund 1 Investments, LLC	10%	P - Purchase	6.97	77500	6,811,815	+1%	+$539,954	540175	17:20:27	4	6.97	6.96999990940094	7.01250004768372	6.86500000953675	6.85749995708466	6.92750000953674	6.90000009536743	6.7150000333786	6.66999995708465	6.60249984264374	6.37749993801117	6.37750005722046	6.5275000333786	6.56500005722046	6.3549998998642	6.42750000953674	6.62250006198883	6.72249984741211	6.82999992370606	6.80749988555908	6.91750001907349	7.04750001430512	6.9375	6.81250011920929	6.84499979019165	6.6599999666214	6.72749984264374	6.73749995231628	6.69500005245209	6.47749996185303	6.4375	6.33249986171722	6.30000007152558	6.36000001430512	6.40000009536743	6.48249995708466	6.57249999046326	6.44500017166138	6.38750004768372	6.51249992847442	6.71749997138977	6.65499985218048	6.7150000333786	6.69749987125397	6.67499995231629			
2024-04-08	2024-04-04	ALDX	Aldeyra Therapeutics, Inc.	Perceptive Advisors LLC	10%	P - Purchase	4.68	177993	9,275,851	+2%	+$833,867	833007.24	17:32:55	4	4.68	4.737499833107	4.64499998092652	4.49749994277954	4.23625004291534	4.35000002384186	4.31749999523163	4.20000004768372	3.95749992132187	3.96375000476837	3.97750008106232	3.90500003099442	3.92250001430512	3.98000001907349	3.93875002861023	3.93625003099442	3.91874998807907	4.04375004768372	4.00249999761582	4.10374999046326	4.19000005722046	4.18874990940094	4.15549993515014	4.14625012874603	4.11000001430512	4.00375002622604	3.87000000476837	3.77249997854233	3.94775009155273	4.23375010490418	4.13499999046326	4.02250003814697	3.9925000667572	3.99500006437301	3.90749996900558	3.84875005483628	3.8575000166893	3.86000001430512	3.72874999046326	3.7352499961853	3.79750001430512	3.85250002145767	3.96750003099441	4.13999998569488	4.08249998092651			
2024-04-08	2024-04-04	CTRN	Citi Trends Inc	Fund 1 Investments, LLC	10%	P - Purchase	25.01	22700	1,701,364	+1%	+$567,703	567727	17:26:36	4	25.01	25.1825003623963	24.6299996376038	24.1999998092651	23.1575002670289	23.1625003814698	22.8299999237061	22.6775002479554	22.5075001716614	22.6500000953674	22.5075001716614	21.9875001907349	22.1199998855591	22.3425002098084	22.2450003623962	21.7775001525879	22.1050004959107	22.3574995994568	21.572500705719	21.3374996185303	21.9549999237061	22.2150001525879	22.4700002670288	23.1075005531311	22.9449996948242	22.9225001335144	23.1599998474121	23.4225001335144	24.0099997520447	24.295000076294	23.4474997520447	22.8774995803833	23.3049998283387	23.1349997520447	22.4000000953675	22.2849998474121	22.7774996757507	23.6424999237061	23.3650002479553	23.6374998092652	23.2250003814697	24.6425004005432	25.1525001525879	24.1350002288818	23.619999408722			
2024-04-08	2024-04-04	SRZN	Surrozen, Inc./De	Kutzkey Tim	Dir, 10%	P - Purchase	15.5	193548	627,652	+45%	+$2,999,994	2999994	16:24:22	4	15.5	10.9674999713897	11.0700001716614	11.1937501430511	11.0460000038147	11.1187500953675	10.6049997806549	9.99975013732912	9.34499979019165	9.47375011444092	9.70749998092651	9.40124988555908	9.28500008583069	9.13000011444092	9.13925004005432	8.53000020980835	8.55999994277954	8.92875003814697	9.94250011444091	10.2444999217987	9.9392499923706	10.0500001907348	10.0899996757507	9.94375014305114	9.94350004196165	10.0464997291565	10.077999830246	10.1032500267029	10.1529998779297	10.0757501125336	9.96000003814699	9.6800000667572	9.4300000667572	9.57999992370605	10.1199998855591	10.180999994278	10.1820001602173	10.1575000286102	10.6925001144409	11.0700001716614	10.8650000095368	11.6624999046326	11.2124998569489	10.8937499523163	10.4562499523163			
2024-04-08	2024-04-04	SRZN	Surrozen, Inc./De	Column Group III Gp, LP	10%	P - Purchase	15.5	193548	627,652	+45%	+$2,999,994	2999994	16:23:59	4	15.5	10.9674999713897	11.0700001716614	11.1937501430511	11.0460000038147	11.1187500953675	10.6049997806549	9.99975013732912	9.34499979019165	9.47375011444092	9.70749998092651	9.40124988555908	9.28500008583069	9.13000011444092	9.13925004005432	8.53000020980835	8.55999994277954	8.92875003814697	9.94250011444091	10.2444999217987	9.9392499923706	10.0500001907348	10.0899996757507	9.94375014305114	9.94350004196165	10.0464997291565	10.077999830246	10.1032500267029	10.1529998779297	10.0757501125336	9.96000003814699	9.6800000667572	9.4300000667572	9.57999992370605	10.1199998855591	10.180999994278	10.1820001602173	10.1575000286102	10.6925001144409	11.0700001716614	10.8650000095368	11.6624999046326	11.2124998569489	10.8937499523163	10.4562499523163			
2024-04-08	2024-04-04	REPX	Riley Exploration Permian, Inc.	Libin Alvin Gerald	10%	P - Purchase	27	75000	2,194,921	+4%	+$2,025,000	2025000	16:07:55	4	27	28.3000001907349	29.2699995040894	29.6399998664856	29.7575001716614	29.7474999427796	29.6350002288819	29.0799999237061	28.5500001907349	28.5475001335144	28.0875000953674	27.8625001907349	27.8474998474121	28.0475001335144	27.4300003051758	26.9700002670288	26.7450003623962	26.6600003242493	26.1775002479553	25.1050000190735	24.852499961853	25.0350003242493	25.5649995803833	26.0125002861023	26.0199999809265	27.2999997138977	27.1949996948242	26.7174997329712	26.3099999427796	25.9274997711182	25.7074999809265	26.1424999237061	26.7025003433228	26.9425001144409	26.8024997711182	26.2500004768372	25.8024997711182	26.7450008392334	27.9425005912781	28.8799996376038	29.2425003051758	28.0199999809266	26.7600002288818	26.6800003051758	26.9349999427796			
2024-04-04	2024-04-02	BOLD	Boundless Bio, Inc.	Burow Kristina	Dir, 10%	P - Purchase	16	2e+05	1,181,766	+20%	+$3,200,000	3200000	16:30:49	2	16	13.7074999809265	13.316499710083	13.2999999523163	12.875	12.4075000286102	11.8775000572205	11.707750082016	11.4727499485016	10.9825000762939	10.6225001811981	10.9449999332428	11.5350000858307	10.7574999332428	10.0862498283386	10.3762500286102	10.7824997901916	11.3724999427796	11.9182500839234	11.5574998855591	10.6825001239777	9.7995002269745	9.60749983787536	9.09000015258789	9.65125012397766	9.74874997138977	9.94999980926513	9.54250001907348	8.86250019073486	9.04000020027161	9.30250000953674	9.52999973297119	9.50624990463257	9.71500015258788	10.2997500896454	10.7825000286102	10.9124999046326	10.7450001239777	11.1150000095367	10.6100001335144	9.06624984741211	8.59625029563904	8.74574995040894					
2024-04-04	2024-04-02	BOLD	Boundless Bio, Inc.	Crandell Keith	10%	P - Purchase	16	2e+05	1,181,766	+20%	+$3,200,000	3200000	16:30:41	2	16	13.7074999809265	13.316499710083	13.2999999523163	12.875	12.4075000286102	11.8775000572205	11.707750082016	11.4727499485016	10.9825000762939	10.6225001811981	10.9449999332428	11.5350000858307	10.7574999332428	10.0862498283386	10.3762500286102	10.7824997901916	11.3724999427796	11.9182500839234	11.5574998855591	10.6825001239777	9.7995002269745	9.60749983787536	9.09000015258789	9.65125012397766	9.74874997138977	9.94999980926513	9.54250001907348	8.86250019073486	9.04000020027161	9.30250000953674	9.52999973297119	9.50624990463257	9.71500015258788	10.2997500896454	10.7825000286102	10.9124999046326	10.7450001239777	11.1150000095367	10.6100001335144	9.06624984741211	8.59625029563904	8.74574995040894					
2024-04-04	2024-04-02	BOLD	Boundless Bio, Inc.	Arch Venture Fund Ix, L.P.	10%	P - Purchase	16	2e+05	1,181,766	+20%	+$3,200,000	3200000	16:30:30	2	16	13.7074999809265	13.316499710083	13.2999999523163	12.875	12.4075000286102	11.8775000572205	11.707750082016	11.4727499485016	10.9825000762939	10.6225001811981	10.9449999332428	11.5350000858307	10.7574999332428	10.0862498283386	10.3762500286102	10.7824997901916	11.3724999427796	11.9182500839234	11.5574998855591	10.6825001239777	9.7995002269745	9.60749983787536	9.09000015258789	9.65125012397766	9.74874997138977	9.94999980926513	9.54250001907348	8.86250019073486	9.04000020027161	9.30250000953674	9.52999973297119	9.50624990463257	9.71500015258788	10.2997500896454	10.7825000286102	10.9124999046326	10.7450001239777	11.1150000095367	10.6100001335144	9.06624984741211	8.59625029563904	8.74574995040894					
2024-04-03	2024-04-01	TTSH	Tile Shop Holdings, Inc.	Fund 1 Investments, LLC	10%	P - Purchase	6.95	1e+05	6,734,315	+2%	+$695,333	695000	17:32:10	2	6.95	6.89249980449677	6.90000009536743	7.01250004768372	6.94249999523163	6.96999990940094	7.01250004768372	6.86500000953675	6.85749995708466	6.92750000953674	6.90000009536743	6.7150000333786	6.66999995708465	6.60249984264374	6.37749993801117	6.37750005722046	6.5275000333786	6.56500005722046	6.3549998998642	6.42750000953674	6.62250006198883	6.72249984741211	6.82999992370606	6.80749988555908	6.91750001907349	7.04750001430512	6.9375	6.81250011920929	6.84499979019165	6.6599999666214	6.72749984264374	6.73749995231628	6.69500005245209	6.47749996185303	6.4375	6.33249986171722	6.30000007152558	6.36000001430512	6.40000009536743	6.48249995708466	6.57249999046326	6.44500017166138	6.38750004768372	6.51249992847442				
2024-04-03	2024-04-01	ALDX	Aldeyra Therapeutics, Inc.	Perceptive Advisors LLC	10%	P - Purchase	3.84	504272	9,097,858	+6%	+$1,934,505	1936404.48	17:22:41	2	3.84	3.3962499499321	3.90749996900559	4.61874997615814	4.737499833107	4.64499998092652	4.49749994277954	4.23625004291534	4.35000002384186	4.31749999523163	4.20000004768372	3.95749992132187	3.96375000476837	3.97750008106232	3.90500003099442	3.92250001430512	3.98000001907349	3.93875002861023	3.93625003099442	3.91874998807907	4.04375004768372	4.00249999761582	4.10374999046326	4.19000005722046	4.18874990940094	4.15549993515014	4.14625012874603	4.11000001430512	4.00375002622604	3.87000000476837	3.77249997854233	3.94775009155273	4.23375010490418	4.13499999046326	4.02250003814697	3.9925000667572	3.99500006437301	3.90749996900558	3.84875005483628	3.8575000166893	3.86000001430512	3.72874999046326	3.7352499961853	3.79750001430512				
2024-04-03	2024-04-02	CVV	Cvd Equipment Corp	Africk Andrew	10%	P - Purchase	4.98	217554	1,248,082	+21%	+$1,084,162	1083418.92	16:01:27	1	4.98	5.74500000476837	5.89250004291535	5.90749990940094	5.85750007629395	5.71749997138977	5.44750010967255	5.25999999046326	5.17000019550324	5.10000002384186	4.9375	4.89499998092651	4.77749991416931	4.5275000333786	4.38000011444092	4.46749997138977	4.6399998664856	4.50500011444092	4.4925000667572	4.46999990940094	4.56999981403351	4.48249995708466	4.58499991893768	4.49499988555909	4.49749994277954	4.71749997138977	4.7224999666214	4.71499991416931	4.79999995231628	5.03500008583069	4.72749996185303	4.52250003814697	4.50499999523163	4.67000007629395	4.36500000953674	4.42000007629395	4.57500016689301	4.55999982357025	4.5825001001358	4.54750001430511	4.48000001907348	4.41249990463257	4.41000008583069					
2024-04-03	2024-04-01	NXJ	Nuveen New Jersey Quality Municipal Income Fund	Saba Capital Management, L.P.	10%	P - Purchase	12.02	82257	5,916,381	+1%	+$988,435	988729.14	14:01:15	2	12.02	11.9949996471405	11.9899997711182	12.0450000762939	12.0150001049042	12.0450000762939	12.047500371933	11.9549999237061	11.9499998092652	11.9324998855591	11.8275001049042	11.7825000286103	11.8424999713898	11.8575003147125	11.852499961853	11.7975001335144	11.8400001525879	11.8224999904633	11.7074999809265	11.6725001335144	11.6875	11.6899998188019	11.732500076294	11.7849998474121	11.9099998474121	11.9224998950958	12.0049998760223	12.0399999618531	12.0475001335144	12.0525002479553	12.0600001811981	12.0174999237061	12.0450003147125	12.0325000286102	12.0099997520447	12.0074996948242	11.9699997901917	11.9024999141693	11.8424999713898	11.767499923706	11.7074999809265	11.5674998760223	11.5099999904633	11.5475001335144				
2024-04-03	2024-04-01	NQP	Nuveen Pennsylvania Quality Municipal Income Fund	Saba Capital Management, L.P.	10%	P - Purchase	11.76	84823	5,055,786	+2%	+$997,873	997518.48	13:55:40	2	11.76	11.7625002861023	11.7225000858307	11.7524998188019	11.7324998378754	11.7550001144409	11.7300000190735	11.6525001525879	11.6599998474121	11.6150000095367	11.5500001907348	11.4924998283386	11.5175001621247	11.4800000190735	11.5099999904633	11.4700000286102	11.5074996948242	11.5125000476837	11.4674999713898	11.454999923706	11.5050001144409	11.4950001239777	11.522500038147	11.5650000572205	11.6574997901917	11.7024998664856	11.7825002670288	11.8450002670288	11.8224999904633	11.8200001716614	11.8774998188019	11.8974997997284	11.9624998569488	11.9649999141693	11.9400000572205	11.8999998569489	11.8924999237061	11.8224999904633	11.7650001049042	11.6974997520447	11.6550002098083	11.5250000953675	11.4900000095368	11.5249998569489				
2024-04-03	2024-04-01	ECAT	Blackrock Esg Capital Allocation Term Trust	Saba Capital Management, L.P.	10%	P - Purchase	17.34	55980	28,552,727	0%	+$970,693	970693.2	13:45:25	2	17.34	17.1750001907349	16.9900002479553	16.9615001678467	16.9137501716614	16.9837503433228	16.9937505722046	16.7475004196167	16.7662496566773	16.5137500762939	16.3937501907349	16.2125000953675	16.25	16.1837501525879	16.1287493705749	16.1012496948242	16.1924996376037	16.2537498474121	16.0550003051758	16.1824998855591	16.2677502632141	16.2277503013611	16.2799997329712	16.4079995155335	16.5862498283386	16.7474994659424	16.8045001029968	16.7850003242493	16.8112502098083	16.9137496948242	16.8674998283386	16.6672501564026	16.7474999427796	16.7612504959107	16.7200002670288	17.1992502212524	17.2699999809265	17.2937502861023	17.5275001525879	17.6774997711182	17.9049997329712	17.6749997138977	17.5300002098083	17.6175003051758				
2024-04-03	2024-04-01	BMEZ	Blackrock Health Sciences Term Trust	Saba Capital Management, L.P.	10%	P - Purchase	16.33	46421	20,538,431	0%	+$758,055	758054.93	13:43:41	2	16.33	16.0500001907349	15.8375000953674	15.8600001335144	15.7999999523163	15.7750000953675	15.7249999046326	15.5675001144409	15.5300002098084	15.2450001239777	14.9449999332428	14.7550001144409	14.7424998283386	14.585000038147	14.4649999141693	14.5399997234345	14.7150001525879	14.7225000858307	14.5199999809265	14.6799998283386	14.7549998760224	14.5699996948242	14.6549999713897	14.8250000476837	15.0425000190735	15.1824998855591	15.1974999904633	15.1524999141693	15.1449997425079	15.2050001621247	15.1299998760223	15.0074999332428	15.1199998855591	15.0974998474121	15.1050000190735	15.5474998950958	15.4749999046326	15.3474998474121	15.2300000190735	15.1724998950958	15.1575000286102	14.9650001525879	15.0549998283386	15.2575001716614				
2024-04-03	2024-04-01	BIGZ	Blackrock Innovation & Growth Term Trust	Saba Capital Management, L.P.	10%	P - Purchase	8.1	139326	52,103,294	0%	+$1,128,541	1128540.6	13:33:53	2	8.1	7.95499980449676	7.86374998092652	7.87000000476837	7.82277500629425	7.85000002384186	7.81747496128083	7.67500007152557	7.625	7.52374994754791	7.37250006198883	7.19592499732971	7.22250008583069	7.16999995708466	7.09500002861023	7.09125006198883	7.18124997615814	7.20752489566803	7.14749991893769	7.22500002384186	7.23749995231628	7.1674998998642	7.1599999666214	7.19749999046325	7.29000020027161	7.36749994754791	7.38250005245209	7.36500000953674	7.41110002994537	7.40750002861023	7.36994993686677	7.35249996185303	7.39374995231628	7.38702499866486	7.4099999666214	7.70500004291534	7.63375008106232	7.58750009536743	7.52250003814697	7.48750007152557	7.50999999046326	7.36250007152557	7.39625000953674	7.41750001907349				
2024-04-03	2024-04-01	ASGI	Abrdn Global Infrastructure Income Fund	Saba Capital Management, L.P.	10%	P - Purchase	17.68	90920	2,688,579	+4%	+$1,607,818	1607465.6	13:28:25	2	17.68	17.6600003242493	17.5674996376038	17.5500001907349	17.4612503051758	17.4449996948242	17.4975004196167	17.3792500495911	17.2474994659424	17.0900001525879	16.90625	16.71875	16.6974997520447	16.7799997329712	16.8800001144409	16.9000000953675	17.0675001144409	17.2439994812012	17.2762498855591	17.3074998855591	17.2974996566773	17.2824997901917	17.2807502746582	17.5149998664856	17.7349996566773	17.812249660492	17.8949999809265	17.9424996376038	18.1102499961853	18.4949998855591	18.884750366211	18.9749999046326	18.9950003623962	18.9074997901916	18.9025001525879	19.0725002288818	19.2620000839233	19.1175003051758	18.9799995422363	18.8562498092652	18.8824996948242	18.625	18.5325002670288	18.7777500152588				
2024-04-02	2024-04-01	VCRDX	Versus Capital Infrastructure Income Fund	Versus Capital Advisors LLC	Investment Adviser, 10%	P - Purchase	10	2800000	2,810,000	>999%	+$28,000,000	2.8e+07	12:38:18	1	10	10	10	10.0100002288818	10.0200004577637	10.0200004577637	10.0200004577637	10.0200004577637	10.0299997329712	10.0299997329712	10.039999961853	10.039999961853	10.0500001907349	10.0500001907349	10.0600004196167	10.0600004196167	10.0600004196167	10.0699996948242	10.0699996948242	10.0799999237061	10.0799999237061	10.0900001525879	10.0900001525879	10.0900001525879	10.1000003814697	10.1099996566772	10.1099996566772	10.1099996566772	10.1199998855591	10.1300001144409	10.1300001144409	10.1400003433228	10.1499996185303	10.1499996185303	10.1599998474121	10.1599998474121	10.1599998474121	10.1599998474121	10.1599998474121	10.1800003051758	10.1800003051758	10.1800003051758	10.1899995803833	10.1899995803833				
2024-04-01	2024-03-28	CWEN	Clearway Energy, Inc.	Totalenergies Se	Dir, 10%	P - Purchase	22.86	196964	295,235	+200%	+$4,502,833	4502597.04	16:45:32	4	22.86	23.0499997138977	23.5199999809265	23.4725003242493	23.6875	23.3399996757507	23.7800002098084	24.1299991607666	23.3399991989136	23.4625005722046	23.25	22.6125001907349	22.079999923706	22.1199998855591	22.4275002479553	22.6100001335144	22.9000000953674	23.3100004196167	23.4275002479553	23.0749998092651	23.2024998664856	23.3874998092651	23.2724995613098	23.2374997138977	23.5925006866455	24.2825002670288	24.6499996185303	24.9225001335144	24.7949995994568	25.8949999809265	26.8875002861023	27.0349993705749	27.409999370575	27.6999998092651	27.2350001335144	26.9000000953674	26.6550002098084	26.8025002479554	26.8899998664856	26.5199999809265	26.6224999427796	27.1624999046326	26.5950002670288	26.9274997711182				
2024-04-01	2024-03-28	CWEN	Clearway Energy, Inc.	Global Infrastructure Investors Iii, LLC	Dir, 10%	P - Purchase	22.86	196964	295,235	+200%	+$4,502,833	4502597.04	16:30:50	4	22.86	23.0499997138977	23.5199999809265	23.4725003242493	23.6875	23.3399996757507	23.7800002098084	24.1299991607666	23.3399991989136	23.4625005722046	23.25	22.6125001907349	22.079999923706	22.1199998855591	22.4275002479553	22.6100001335144	22.9000000953674	23.3100004196167	23.4275002479553	23.0749998092651	23.2024998664856	23.3874998092651	23.2724995613098	23.2374997138977	23.5925006866455	24.2825002670288	24.6499996185303	24.9225001335144	24.7949995994568	25.8949999809265	26.8875002861023	27.0349993705749	27.409999370575	27.6999998092651	27.2350001335144	26.9000000953674	26.6550002098084	26.8025002479554	26.8899998664856	26.5199999809265	26.6224999427796	27.1624999046326	26.5950002670288	26.9274997711182				
2024-04-01	2024-03-28	SOWG	Sow Good Inc.	Berman Lyle	Dir, 10%	P - Purchase	7.25	68966	577,404	+14%	+$500,004	500003.5	13:54:51	4	7.25	11.8875000476837	13.5499999523163	14.7699999809265	16.8499999046326	18.1775002479553	18.2850003242493	18.8624997138977	19.1974997520447	18.8874998092652	21.5	20.4400000572205	17.3299999237061	17.4174995422364	16.8550000190735	16.5525000095368	17.1499996185303	17.1124997138977	17.25	16.6024999618531	15.6299998760223	14.0924999713898	12.3475000858307	11.5774998664856	9.9375	10.0400002002716	10.1575000286102	10.0700001716614	10.0500001907349	10.0900001525879	10.3375000953674	10.7374999523163	11.227499961853	13.7000002861023	17.5149998664856	17.1749997138977	17.4800000190735	18.3949999809265	17.2874999046326	16.4399998188019	16.9274997711182	17.3474998474121	17.0524997711182	17.6625003814697				
2024-04-01	2024-03-28	FSBC	Five Star Bancorp	Allbaugh Larry Eugene	Dir, 10%	P - Purchase	21.75	137931	3,175,070	+5%	+$2,999,999	2999999.25	11:03:38	4	21.75	22.3629999160767	22.1887502670288	22.0287499427795	22.1449999809265	21.991250038147	22.1199998855591	22.2212500572204	21.4924998283386	21.53125	21.4100003242493	21.4995002746582	21.4049997329712	21.4887504577637	21.4650001525879	21.6475005149841	22.0475001335144	22.0324997901917	21.8375005722046	21.7849998474121	21.8099999427796	21.5975003242493	21.6449999809265	21.8475003242493	22.0749998092652	22.0827493667603	22.0974998474121	22.0287499427795	21.9475002288818	22.3049998283386	22.5225005149841	22.4675002098084	22.4124999046326	22.6724996566773	22.8517498970032	23.1949996948242	23.4849996566773	23.4012498855591	23.210000038147	23.0337495803833	23.1500000953674	23.2824997901917	22.7032504081726	22.7649998664856				
2024-04-01	2024-03-27	NQP	Nuveen Pennsylvania Quality Municipal Income Fund	Saba Capital Management, L.P.	10%	P - Purchase	11.81	46857	4,970,963	+1%	+$553,381	553381.17	08:48:32	5	11.81	11.8200001716614	11.8099999427796	11.7625002861023	11.7225000858307	11.7524998188019	11.7324998378754	11.7550001144409	11.7300000190735	11.6525001525879	11.6599998474121	11.6150000095367	11.5500001907348	11.4924998283386	11.5175001621247	11.4800000190735	11.5099999904633	11.4700000286102	11.5074996948242	11.5125000476837	11.4674999713898	11.454999923706	11.5050001144409	11.4950001239777	11.522500038147	11.5650000572205	11.6574997901917	11.7024998664856	11.7825002670288	11.8450002670288	11.8224999904633	11.8200001716614	11.8774998188019	11.8974997997284	11.9624998569488	11.9649999141693	11.9400000572205	11.8999998569489	11.8924999237061	11.8224999904633	11.7650001049042	11.6974997520447	11.6550002098083	11.5250000953675	11.4900000095368			
2024-04-01	2024-03-27	ECAT	Blackrock Esg Capital Allocation Term Trust	Saba Capital Management, L.P.	10%	P - Purchase	17.32	314036	28,496,747	+1%	+$5,439,314	5439103.52	08:46:04	5	17.32	17.3454999923706	17.3349995613098	17.1750001907349	16.9900002479553	16.9615001678467	16.9137501716614	16.9837503433228	16.9937505722046	16.7475004196167	16.7662496566773	16.5137500762939	16.3937501907349	16.2125000953675	16.25	16.1837501525879	16.1287493705749	16.1012496948242	16.1924996376037	16.2537498474121	16.0550003051758	16.1824998855591	16.2677502632141	16.2277503013611	16.2799997329712	16.4079995155335	16.5862498283386	16.7474994659424	16.8045001029968	16.7850003242493	16.8112502098083	16.9137496948242	16.8674998283386	16.6672501564026	16.7474999427796	16.7612504959107	16.7200002670288	17.1992502212524	17.2699999809265	17.2937502861023	17.5275001525879	17.6774997711182	17.9049997329712	17.6749997138977	17.5300002098083			
2024-04-01	2024-03-27	BIGZ	Blackrock Innovation & Growth Term Trust	Saba Capital Management, L.P.	10%	P - Purchase	8.09	292250	51,963,968	+1%	+$2,365,099	2364302.5	08:41:22	5	8.09	8.12999987602234	8.10000014305115	7.95499980449676	7.86374998092652	7.87000000476837	7.82277500629425	7.85000002384186	7.81747496128083	7.67500007152557	7.625	7.52374994754791	7.37250006198883	7.19592499732971	7.22250008583069	7.16999995708466	7.09500002861023	7.09125006198883	7.18124997615814	7.20752489566803	7.14749991893769	7.22500002384186	7.23749995231628	7.1674998998642	7.1599999666214	7.19749999046325	7.29000020027161	7.36749994754791	7.38250005245209	7.36500000953674	7.41110002994537	7.40750002861023	7.36994993686677	7.35249996185303	7.39374995231628	7.38702499866486	7.4099999666214	7.70500004291534	7.63375008106232	7.58750009536743	7.52250003814697	7.48750007152557	7.50999999046326	7.36250007152557	7.39625000953674			
2024-03-29	2024-03-27	NKTX	Nkarta, Inc.	Ra Capital Management, L.P.	Dir, 10%	P - Purchase	10	3e+06	10,805,129	+38%	+$30,000,000	3e+07	17:38:04	2	10	10.8925001621247	11.2009999752045	10.0824999809265	9.69000005722047	9.66499996185302	9.38499999046326	9.18750023841858	8.80000019073486	8.25250005722046	8.41950011253357	8.76999998092651	8.75924992561341	8.09249985218048	7.83749997615814	7.71000003814698	7.53249990940094	7.36500000953675	7.52999997138977	7.3125	6.8125	6.83999991416931	6.98250007629395	6.71749997138977	7.12999999523163	7.54500007629395	7.73749995231629	7.33374989032745	6.94125008583069	6.55750012397766	6.31749999523163	6.28750002384186	6.52250003814697	6.58375000953674	6.86250007152558	6.80750000476837	6.67750012874603	6.62625002861023	6.57499992847443	6.76000010967255	6.71249997615814	6.51500010490418						
