Filing.Date	Trade.Date	Ticker	Company Name	Insider.Name	Title	Trade.Type	Price	Qty	Owned	ΔOwn	Value	totalValue	Filing.Time	DaysToFile	0d_volume	0d_high	0d_low	0d_open	0d_close	1d_volume	1d_high	1d_low	1d_open	1d_close	2d_volume	2d_high	2d_low	2d_open	2d_close	3d_volume	3d_high	3d_low	3d_open	3d_close	4d_volume	4d_high	4d_low	4d_open	4d_close	5d_volume	5d_high	5d_low	5d_open	5d_close	6d_volume	6d_high	6d_low	6d_open	6d_close	7d_volume	7d_high	7d_low	7d_open	7d_close	8d_volume	8d_high	8d_low	8d_open	8d_close	9d_volume	9d_high	9d_low	9d_open	9d_close	10d_volume	10d_high	10d_low	10d_open	10d_close	11d_volume	11d_high	11d_low	11d_open	11d_close	12d_volume	12d_high	12d_low	12d_open	12d_close	13d_volume	13d_high	13d_low	13d_open	13d_close	14d_volume	14d_high	14d_low	14d_open	14d_close	15d_volume	15d_high	15d_low	15d_open	15d_close	16d_volume	16d_high	16d_low	16d_open	16d_close	17d_volume	17d_high	17d_low	17d_open	17d_close	18d_volume	18d_high	18d_low	18d_open	18d_close	19d_volume	19d_high	19d_low	19d_open	19d_close	20d_volume	20d_high	20d_low	20d_open	20d_close	21d_volume	21d_high	21d_low	21d_open	21d_close	22d_volume	22d_high	22d_low	22d_open	22d_close	23d_volume	23d_high	23d_low	23d_open	23d_close	24d_volume	24d_high	24d_low	24d_open	24d_close	25d_volume	25d_high	25d_low	25d_open	25d_close	26d_volume	26d_high	26d_low	26d_open	26d_close	27d_volume	27d_high	27d_low	27d_open	27d_close	28d_volume	28d_high	28d_low	28d_open	28d_close	29d_volume	29d_high	29d_low	29d_open	29d_close	30d_volume	30d_high	30d_low	30d_open	30d_close	31d_volume	31d_high	31d_low	31d_open	31d_close	32d_volume	32d_high	32d_low	32d_open	32d_close	33d_volume	33d_high	33d_low	33d_open	33d_close	34d_volume	34d_high	34d_low	34d_open	34d_close	35d_volume	35d_high	35d_low	35d_open	35d_close	36d_volume	36d_high	36d_low	36d_open	36d_close	37d_volume	37d_high	37d_low	37d_open	37d_close	38d_volume	38d_high	38d_low	38d_open	38d_close	39d_volume	39d_high	39d_low	39d_open	39d_close	40d_volume	40d_high	40d_low	40d_open	40d_close	41d_volume	41d_high	41d_low	41d_open	41d_close	42d_volume	42d_high	42d_low	42d_open	42d_close	43d_volume	43d_high	43d_low	43d_open	43d_close	44d_volume	44d_high	44d_low	44d_open	44d_close	45d_volume	45d_high	45d_low	45d_open	45d_close	46d_volume	46d_high	46d_low	46d_open	46d_close	47d_volume	47d_high	47d_low	47d_open	47d_close	48d_volume	48d_high	48d_low	48d_open	48d_close
2024-12-27	2024-12-24	PSEC	Prospect Capital Corp	Barry John F	CEO, 10%	P - Purchase	4.29	2e+06	79,809,610	+3%	+$8,580,000	8580000	16:01:10	3	5863400	4.38000011444092	4.15000009536743	4.15999984741211	4.3600001335144	3123500	4.34999990463257	4.26999998092651	4.34000015258789	4.32999992370605	3579700	4.30999994277954	4.23000001907349	4.26000022888184	4.26000022888184	6321400	4.28999996185303	4.19999980926514	4.21999979019165	4.26000022888184	4871500	4.32999992370605	4.21999979019165	4.26999998092651	4.30999994277954	3953800	4.36999988555908	4.28999996185303	4.28999996185303	4.34000015258789	2389600	4.36999988555908	4.30999994277954	4.3600001335144	4.32999992370605	2593600	4.36999988555908	4.28999996185303	4.34999990463257	4.30999994277954	3337900	4.32999992370605	4.26999998092651	4.30999994277954	4.30999994277954	2448400	4.28999996185303	4.23999977111816	4.28999996185303	4.23999977111816	2760200	4.23999977111816	4.17000007629395	4.23000001907349	4.21999979019165	2168600	4.25	4.15000009536743	4.19999980926514	4.25	1519200	4.28999996185303	4.21999979019165	4.25	4.26999998092651	1785100	4.32999992370605	4.26999998092651	4.28999996185303	4.28999996185303	1415300	4.32999992370605	4.28000020980835	4.28999996185303	4.32000017166138	1945300	4.34999990463257	4.28999996185303	4.32000017166138	4.32999992370605	2786500	4.40000009536743	4.30999994277954	4.32000017166138	4.3899998664856	2575000	4.40000009536743	4.34000015258789	4.3899998664856	4.38000011444092	1918800	4.3899998664856	4.34000015258789	4.3600001335144	4.36999988555908	1683900	4.40000009536743	4.3600001335144	4.3600001335144	4.38000011444092	2247200	4.42000007629395	4.3600001335144	4.38000011444092	4.38000011444092	1782700	4.40000009536743	4.34999990463257	4.38000011444092	4.36999988555908	3140900	4.28999996185303	4.21999979019165	4.28999996185303	4.25	3252900	4.34000015258789	4.25	4.26999998092651	4.32000017166138	2314600	4.32999992370605	4.26999998092651	4.30000019073486	4.30000019073486	3052300	4.30000019073486	4.11999988555908	4.23999977111816	4.28000020980835	4111100	4.28999996185303	4.21000003814697	4.28999996185303	4.23000001907349	2284700	4.25	4.19000005722046	4.23000001907349	4.23999977111816	1922000	4.26999998092651	4.21999979019165	4.23999977111816	4.23000001907349	1674000	4.23000001907349	4.17999982833862	4.21999979019165	4.21000003814697	2697700	4.21999979019165	4.17000007629395	4.21000003814697	4.17000007629395	5433700	4.30000019073486	4.09000015258789	4.15999984741211	4.28999996185303	2523400	4.3899998664856	4.25	4.26999998092651	4.34999990463257	2064900	4.3899998664856	4.34000015258789	4.34999990463257	4.3600001335144	1369200	4.38000011444092	4.32999992370605	4.3600001335144	4.36999988555908	3233100	4.46000003814697	4.34000015258789	4.34000015258789	4.44999980926514	2373200	4.44999980926514	4.40000009536743	4.42999982833862	4.44999980926514	2772400	4.46999979019165	4.40000009536743	4.40000009536743	4.44999980926514	2515000	4.46999979019165	4.40999984741211	4.44999980926514	4.44000005722046	3160400	4.44999980926514	4.32000017166138	4.44000005722046	4.3600001335144																																													
2024-12-26	2024-12-23	PGNY	Progyny, Inc.	Anevski Peter	CEO	P - Purchase	14.48	209500	441,464	+90%	+$3,034,084	3033560	17:31:32	3	1537500	14.6099996566772	14.1149997711182	14.3500003814697	14.4899997711182	356600	14.6000003814697	14.3649997711182	14.4899997711182	14.5299997329712	1964500	14.8100004196167	14.3179998397827	14.4099998474121	14.710000038147	4317900	17.2700004577637	15.710000038147	15.8100004196167	16.8999996185303	2357200	16.9500007629395	16.2000007629395	16.6299991607666	16.9300003051758	1439000	17.3199996948242	16.9400005340576	17.1000003814697	17.25	2041500	18.3999996185303	17.2800006866455	17.5200004577637	17.7299995422363	2131300	18.2600002288818	17.5300006866455	17.75	17.6000003814697	1857400	18.1200008392334	17.2000007629395	17.7999992370605	17.4300003051758	1440700	17.6599998474121	17.1299991607666	17.4300003051758	17.4799995422363	1528100	18.3299999237061	17.007999420166	17.1599998474121	18.25	1957200	18.8700008392334	17.7900009155273	17.8899993896484	18.7600002288818	3122700	20.5	18.8099994659424	19.5	20.2999992370605	2682700	20.7299995422363	20	20.4699993133545	20.0400009155273	1473300	20.7700004577637	20.0499992370606	20.2800006866455	20.75	2474100	20.7800006866455	19.9400005340576	20.7299995422363	20.6200008392334	2916400	21.0699996948242	20.3700008392334	20.7099990844727	21	2238400	21.6599998474121	21.0900001525879	21.1700000762939	21.4799995422363	1925600	21.6049995422363	20.9099998474121	21.3099994659424	21.1499996185303	1867100	22.1399993896484	21.0900001525879	21.1399993896484	22.0200004577637	1762900	22.5499992370606	21.625	21.9099998474121	22.0900001525879	2265000	22.9699993133545	22.1100006103516	22.3899993896484	22.9500007629395	1876700	23.6700000762939	22.7999992370606	22.9300003051758	23.5900001525879	1728200	23.7099990844727	23.1499996185303	23.3899993896484	23.25	1848100	23.6900005340576	23.2299995422363	23.3299999237061	23.5400009155273	1591300	23.6900005340576	22.9300003051758	23.6000003814697	23.1700000762939	1153300	23.6100006103516	22.7199993133545	22.8600006103516	23.6000003814697	1092600	23.8099994659424	23.1800003051758	23.5900001525879	23.4500007629395	1680800	23.1800003051758	22.1900005340576	23.1800003051758	22.7199993133545	2013700	22.8500003814697	21.6000003814697	22.8199996948242	21.8299999237061	1557300	22.2999992370605	21.5599994659424	21.8099994659424	21.9200000762939	1808500	22.5	21.7700004577637	22.0300006866455	22.3500003814697	1489200	22.8299999237061	22.3099994659424	22.7399997711182	22.3899993896484	1236200	22.4899997711182	21.9099998474121	22.3600006103516	22.0200004577637	1158400	22.2900009155273	21.8700008392334	22.0799999237061	21.9500007629395	952800	22.5499992370606	21.9200000762939	22.0599994659424	22.3600006103516	1531900	22.9799995422363	22.2099990844727	22.3600006103516	22.7900009155273	2221400	24.0900001525879	23.0049991607666	23.1299991607666	23.6900005340576	1317000	23.9699993133545	22.8500003814697	23.5699996948242	23.8799991607666	1243000	24.2919998168945	23.1399993896484	23.9699993133545	23.2000007629395																																													
2024-12-20	2024-12-18	PFX	Phenixfin Corp	Lorber David A	COB, CEO, 10%	P - Purchase	48.05	12871	223,805	+6%	+$618,422	618451.55	15:37:38	2	16100	48.9500007629395	47.6100006103516	48.5	48.689998626709	2000	49.4000015258789	48.9000015258789	48.9000015258789	49.4000015258789	2200	49.75	49.25	49.4360008239746	49.7000007629395	2400	51.5	49.6800003051758	49.6800003051758	50.7999992370606	2400	51	50.7900009155274	50.7900009155274	51	0	51	51	51	51	1100	50.3320007324219	50.3320007324219	50.3320007324219	50.3320007324219	1300	50.7970008850098	48.8790016174317	50.7970008850098	49.3460006713867	2300	50.6419982910156	49	49	50.6419982910156	400	50.0800018310547	50.0800018310547	50.0800018310547	50.0800018310547	300	49	49	49	49	0	49	49	49	49	700	49.7540016174316	49.7540016174316	49.7540016174316	49.7540016174316	2800	49.6640014648438	49.0200004577637	49.0200004577637	49.5	2900	49.6129989624023	49	49.4900016784668	49.2490005493164	2500	49	48.4900016784668	48.4900016784668	49	1200	49.5	48.9900016784668	49	49.3499984741211	2500	49	48.75	48.8499984741211	48.75	0	48.75	48.75	48.75	48.75	1400	49.8699989318848	48.9500007629395	48.9500007629395	49.8699989318848	4600	49.798999786377	49	49.5	49.7799987792969	2800	49.25	48.1549987792969	49.1300010681152	49.0719985961914	900	49.4000015258789	49.25	49.4000015258789	49.25	900	48.9900016784668	48.4300003051758	48.4300003051758	48.939998626709	3700	48.9980010986328	48	48	48.7999992370606	1000	49.25	48.6800003051758	48.6800003051758	49.25	800	49.7000007629395	48.2099990844727	49.25	49.7000007629395	900	49.9990005493164	49.25	49.6199989318848	49.5	200	49.25	49.25	49.25	49.25	2200	49.25	48.7080001831055	49.25	48.7080001831055	1500	49.3499984741211	49.234001159668	49.3499984741211	49.3300018310547	1900	48.5	48.3300018310547	48.5	48.3300018310547	1900	47.9900016784668	47.9900016784668	47.9900016784668	47.9900016784668	3400	49.25	47.9900016784668	47.9900016784668	49	0	49	49	49	49	5800	49.3499984741211	48.0400009155274	48.0800018310547	48.3699989318848	3100	49.3199996948242	49.1399993896484	49.25	49.1399993896484	2400	49.8899993896484	49.0509986877441	49.25	49.0509986877441	3000	49.25	47	47	49.25																																																		
2024-12-19	2024-12-17	BH	Biglari Holdings Inc.	Biglari, Sardar	COB, CEO, 10%	P - Purchase	458.21	3271	1,548,116	0%	+$1,498,817	1498804.91	20:09:31	2	16800	265.730010986328	232.100006103516	235	256.690002441406	9700	262.450012207031	235.899993896484	256.040008544922	236.410003662109	45300	254.990005493164	232.339996337891	236.869995117188	243.699996948242	100600	253.130004882813	234.009994506836	238.919998168945	250.679992675781	27200	258.989990234375	248	250.339996337891	253.589996337891	11300	266.929992675781	255.199996948242	255.369995117188	264.549987792969	8300	271.350006103516	260.459991455078	262.589996337891	262.920013427734	10700	266.989990234375	252.619995117188	259.140014648438	257.200012207031	8900	262.980010986328	249.589996337891	249.699996948242	256	24300	262.690002441406	251.869995117188	255.759994506836	254.289993286133	11100	257.079986572266	244.979995727539	254.289993286133	249.960006713867	32500	269	244.699996948242	247.600006103516	257.760009765625	7200	260	248.050003051758	257.679992675781	248.169998168945	19100	248.199996948242	229.740005493164	245.520004272461	236.399993896484	8100	234	227.229995727539	233.070007324219	228.110000610352	10500	228.929992675781	214.179992675781	224.339996337891	218.160003662109	5900	221.080001831055	215.479995727539	217.309997558594	218.320007324219	6900	223	216.800003051758	222.029998779297	219.179992675781	4100	223.100006103516	217.220001220703	223	218.970001220703	2800	219.360000610352	213.100006103516	219.360000610352	214.389999389648	5700	219.970001220703	215.5	216.149993896484	218.339996337891	3400	223.690002441406	215.320007324219	221.220001220703	220.919998168945	3400	224.75	219.429992675781	221.339996337891	221.570007324219	5500	222.529998779297	218.869995117188	218.869995117188	222.050003051758	4700	225.910003662109	220.380004882812	220.380004882812	225.240005493164	4500	234.350006103516	223.419998168945	223.419998168945	228.089996337891	3200	232.179992675781	226.279998779297	226.279998779297	229.729995727539	5300	232.869995117188	226.929992675781	227.259994506836	231.699996948242	3500	236.5	230.729995727539	230.729995727539	233.860000610352	3600	235.899993896484	228.929992675781	235.470001220703	232.009994506836	1800	232.220001220703	225	227.559997558594	228.789993286133	2700	237.050003051758	230.220001220703	230.839996337891	234.75	3900	239.509994506836	232.360000610352	236	235.330001831055	1500	237.5	231.029998779297	233.809997558594	233.330001831055	3700	235.610000610352	230.179992675781	232.339996337891	231.210006713867	2400	239.75	234	234.360000610352	236.690002441406	2200	244.320007324219	236.240005493164	236.240005493164	240.050003051758	2600	241.130004882813	235.910003662109	240.759994506836	237.559997558594	2200	245	235.639999389648	239.720001220703	242.880004882813	2000	246.020004272461	241.070007324219	245	241.830001831055																																													
2024-12-19	2024-12-19	PLAY	Dave & Buster'S Entertainment, Inc.	Sheehan Kevin M	Interim CEO	P - Purchase	26.44	19025	69,025	+38%	+$503,107	503021	16:30:03	0	1526200	26.9899997711182	26	26.9500007629395	26.2000007629395	1948600	28.4200000762939	26.3369998931885	26.4099998474121	27.3999996185303	1573200	28.7900009155273	27.2399997711182	27.5	28.7000007629395	1070600	29.9500007629395	28.2199993133545	28.75	29.8199996948242	1798800	29.6499996185303	28.75	29.6299991607666	29.5499992370605	1174500	29.8099994659424	29	29.2600002288818	29.1399993896484	1367800	29.0200004577637	27.9300003051758	28.6599998474121	28.4500007629395	1462600	29.9500007629395	28.2000007629395	28.2000007629395	29.1900005340576	1741600	30.7099990844727	29.5300006866455	29.7199993133545	30.2900009155273	896800	30.6900005340576	29.7999992370606	30.6499996185303	30.3700008392334	1697600	32.4000015258789	30.5100002288818	30.75	30.5599994659424	1516300	31.5799999237061	29.3899993896484	30.6100006103516	29.4799995422363	1794900	29.3799991607666	28.4549999237061	28.8500003814697	29.3799991607666	2173600	28.6100006103516	27.3999996185303	28.4899997711182	28.3299999237061	1786100	28.5650005340576	26.7399997711182	28.0799999237061	26.9300003051758	2090500	27.25	25.0949993133545	27.0799999237061	25.2399997711182	2106900	26.3199996948242	25.0499992370606	26.0849990844727	25.0699996948242	2935600	25.0499992370606	22.8299999237061	25.0499992370606	24.8299999237061	4121300	25.4799995422363	23.7299995422363	25.0799999237061	24.0699996948242	3129600	26.9300003051758	24.3700008392334	24.3999996185303	26.5	2413400	27.2099990844727	25.9090003967285	26.4599990844727	26.7299995422363	2069900	28.9699993133545	26.3400001525879	26.6399993896484	28.8400001525879	1324500	28.8500003814697	27.420000076294	28.2199993133545	27.5	1452700	29.2999992370606	27.1100006103516	27.1100006103516	27.9400005340576	936900	28.3899993896484	27.5100002288818	27.7700004577637	27.5400009155273	817500	28.1200008392334	27.1399993896484	27.5599994659424	27.1399993896484	1599800	27.8999996185303	26.8199996948242	27.6399993896484	27.0799999237061	1416600	27.2800006866455	26.2299995422363	27.0799999237061	26.5599994659424	2046700	28.7000007629395	25.6800003051758	25.6800003051758	27.6800003051758	924800	27.7099990844727	26.7099990844727	27.4799995422363	27.3799991607666	1073000	27.5799999237061	26.5300006866455	27.4400005340576	26.5599994659424	702900	27.3969993591309	26.6599998474121	26.6900005340576	27.1399993896484	1572800	27.2299995422363	25.5799999237061	26.9599990844727	25.6200008392334	1236800	25.9599990844727	24.5300006866455	25.6200008392334	24.6200008392334	930900	25.3799991607666	24.3099994659424	24.3099994659424	25.0599994659424	979000	25.3299999237061	24.1350002288818	25.0799999237061	24.2099990844727	1009200	24.5100002288818	23.6100006103516	24.25	24.4300003051758	1105700	24.5799999237061	23.3099994659424	24.4500007629395	24.3099994659424																																																							
2024-12-18	2024-12-16	TKO	Tko Group Holdings, Inc.	Emanuel Ariel	CEO, 10%	P - Purchase	147.04	526400	2,567,191	+26%	+$77,403,284	77401856	20:00:03	2	1755600	149.399993896484	142.070007324219	143.5	147.050003051758	1335700	148.570007324219	145.399993896484	147.050003051758	147.25	867600	148.380004882813	141.460006713867	148.360000610352	142.139999389648	1110100	147.350006103516	141.309997558594	147	143.789993286133	1679600	144.429992675781	140	142.100006103516	143.539993286133	471500	143.910003662109	141.220001220703	143.539993286133	141.75	279500	145.240005493164	141.789993286133	141.789993286133	144.860000610352	433300	144.869995117188	143.410003662109	143.669998168945	144.740005493164	360000	144.289993286133	142.309997558594	143.759994506836	144.020004272461	702600	144.410003662109	141.419998168945	142.779998779297	143.369995117188	580000	144.020004272461	142.070007324219	143.279998779297	142.110000610352	404400	143.839996337891	141.419998168945	142.25	142.729995727539	622800	143.639999389648	141.029998779297	142.470001220703	142.399993896484	740900	143.860000610352	140.169998168945	142.639999389648	141.630004882813	912300	147.449996948242	141.259994506836	144.419998168945	141.809997558594	975500	146.509994506836	139.619995117188	141.570007324219	142.339996337891	1047000	146.380004882813	139.610000610352	142.289993286133	140.179992675781	695400	143.5	137.5	138.919998168945	142.380004882813	610600	144.539993286133	142.470001220703	143.259994506836	143.110000610352	694300	144.460006713867	140.940002441406	143.940002441406	143.910003662109	611200	145	141.529998779297	144.259994506836	141.800003051758	803300	144	141.279998779297	142	142.199996948242	709100	144.699996948242	141.649993896484	142.029998779297	144.529998779297	682200	146.350006103516	142.389999389648	144.729995727539	142.929992675781	1967100	153.889999389648	146.550003051758	147.039993286133	151.970001220703	957600	154.25	151.059997558594	151.970001220703	153.080001831055	771600	154.089996337891	150.289993286133	151.759994506836	153.449996948242	1174400	159.529998779297	154.139999389648	155	158.440002441406	742300	159.169998168945	154.559997558594	158.259994506836	156.919998168945	501400	159.720001220703	156.919998168945	159.110000610352	157.470001220703	806700	159.320007324219	154.770004272461	158.899993896484	155.210006713867	900600	159.020004272461	152.580001831055	153.160003662109	157.050003051758	733600	159	156.289993286133	158.110000610352	157.740005493164	904800	161.270004272461	157.190002441406	159.399993896484	161.020004272461	654500	161.470001220703	159.570007324219	161	161.210006713867	2463700	168.25	161.899993896484	161.910003662109	166.369995117188	1999400	174.600006103516	166.309997558594	168	173.110000610352	1847900	178.130004882813	170.729995727539	171.710006713867	176.529998779297	1558600	177.899993896484	171.100006103516	171.589996337891	176.639999389648	2470900	179.089996337891	173.699996948242	176.029998779297	174.490005493164	1453500	177.210006713867	171.75	174.740005493164	175.5																																								
2024-12-18	2024-12-17	GAIIX	Gladstone Alternative Income Fund	Gladstone David	CEO, 10%	P - Purchase	10	5e+05	1,010,000	+98%	+$5,000,000	5e+06	16:11:00	1	0	10	10	10	10	0	10	10	10	10	0	10	10	10	10	0	10	10	10	10	0	10	10	10	10	0	10	10	10	10	0	10	10	10	10	0	10	10	10	10	0	10	10	10	10	0	10	10	10	10	0	10	10	10	10	0	10	10	10	10	0	10	10	10	10	0	10	10	10	10	0	10	10	10	10	0	10	10	10	10	0	10	10	10	10	0	10	10	10	10	0	10	10	10	10	0	10	10	10	10	0	10	10	10	10	0	10	10	10	10	0	10	10	10	10	0	10	10	10	10	0	10	10	10	10	0	10	10	10	10	0	10	10	10	10						0	10	10	10	10						0	10	10	10	10	0	10	10	10	10	0	10	10	10	10	0	10	10	10	10	0	10	10	10	10	0	10	10	10	10	0	10	10	10	10	0	10	10	10	10	0	10	10	10	10	0	10	10	10	10																																													
2024-12-17	2024-12-09	ISPO	Inspirato Inc	Zamani Payam	CEO, 10%	P - Purchase	3.42	906378	8,326,143	+12%	+$3,100,000	3099812.76	17:33:13	8	47100	3.58800005912781	3.32999992370605	3.51999998092651	3.38000011444092	45300	3.38000011444092	3.21000003814697	3.33999991416931	3.30999994277954	49800	3.6800000667572	3.21000003814697	3.25999999046326	3.55999994277954	16400	3.65499997138977	3.48000001907349	3.51999998092651	3.57999992370605	20300	3.58999991416931	3.49499988555908	3.55999994277954	3.5699999332428	47100	3.5	3.26999998092651	3.5	3.26999998092651	77100	3.47000002861023	3.21000003814697	3.21000003814697	3.28999996185303	133600	3.73699998855591	3.34999990463257	3.70000004768372	3.58999991416931	128700	3.70000004768372	3.29999995231628	3.61999988555908	3.42000007629395	116000	3.69300007820129	3.27999997138977	3.41000008583069	3.35999989509583	18000	3.47000002861023	3.30999994277954	3.47000002861023	3.30999994277954	30100	3.40000009536743	3.28999996185303	3.28999996185303	3.30999994277954	59000	3.4300000667572	3.21000003814697	3.36999988555908	3.4300000667572	105000	3.75	3.32999992370605	3.4300000667572	3.54999995231628	64000	3.59100008010864	3.27999997138977	3.4300000667572	3.38000011444092	32400	3.3989999294281	3.25500011444092	3.32999992370605	3.3199999332428	13000	3.45000004768372	3.32999992370605	3.35999989509583	3.44000005722046	24500	3.73000001907349	3.38000011444092	3.45000004768372	3.70000004768372	62500	4.16499996185303	3.5699999332428	3.5699999332428	4.05000019073486	67800	4.69999980926514	4	4	4.57000017166138	100600	5.13000011444092	4.40500020980835	4.5	5.1100001335144	124300	5.78800010681152	5.06899976730347	5.1399998664856	5.71999979019165	47000	5.84100008010864	5.48600006103516	5.59999990463257	5.78000020980835	49600	5.90000009536743	5.5460000038147	5.90000009536743	5.73000001907349	31100	5.9539999961853	5.67000007629395	5.75	5.94000005722046	83900	6.58300018310547	5.67399978637695	5.96999979019165	6.40000009536743	147000	7.17000007629395	6.2979998588562	6.51000022888184	6.98999977111816	64000	7.1399998664856	6.44999980926514	6.98999977111816	6.71000003814697	63800	6.6729998588562	5.96000003814697	6.59999990463257	6.15000009536743	50100	6.30000019073486	5.34999990463257	6.23999977111816	5.5	24300	5.8600001335144	5.34999990463257	5.40999984741211	5.46000003814697	51800	5.40000009536743	5.03499984741211	5.32999992370606	5.07000017166138	9500	5.23600006103516	5	5.01000022888184	5.11999988555908	12400	5.23000001907349	4.73000001907349	5.23000001907349	4.86999988555908	5500	4.92999982833862	4.59600019454956	4.59600019454956	4.78999996185303	76900	5.34700012207031	4.86499977111816	4.88000011444092	5.01000022888184	9500	5.23000001907349	4.55000019073486	4.90000009536743	5.21000003814697	11700	5.34999990463257	4.84000015258789	5.34999990463257	4.8600001335144	19600	4.8899998664856	4.6729998588562	4.69999980926514	4.78999996185303	18400	4.69000005722046	4.5	4.65000009536743	4.59999990463257	13400	4.94999980926514	4.5	4.79500007629395	4.94999980926514	3700	4.94999980926514	4.55999994277954	4.76000022888184	4.78999996185303	3900	5	4.6399998664856	4.67999982833862	4.80999994277954	3700	4.65999984741211	4.62900018692017	4.62900018692017	4.65999984741211	7300	4.71999979019165	4.44999980926514	4.46600008010864	4.55000019073486	37400	5.22100019454956	4.57000017166138	4.78000020980835	4.63000011444092															
2024-12-17	2024-12-17	OXLC	Oxford Lane Capital Corp.	Cohen Jonathan H	CEO	P - Purchase	5.08	2960000	7,824,728	+61%	+$15,036,800	15036800	16:17:17	0	3501100	25.7999992370605	25.1000003814697	25.75	25.5	1426440	25.5499992370606	25.1499996185303	25.5	25.25	1198860	25.3500003814697	25.1000003814697	25.2999992370606	25.25	1032340	25.4500007629395	25.1499996185303	25.2000007629395	25.2999992370606	1285740	25.5499992370606	25.3500003814697	25.3500003814697	25.5499992370606	508380	25.7999992370605	25.5499992370606	25.5499992370606	25.7999992370605	828860	25.8999996185303	25.6000003814697	25.7999992370605	25.6499996185303	843460	25.7999992370605	25.3999996185303	25.6499996185303	25.5499992370606	1482640	25.5	25.2000007629395	25.3999996185303	25.25	1172780	25.5	25.2999992370606	25.3999996185303	25.3500003814697	941980	25.6000003814697	25.3999996185303	25.4500007629395	25.4500007629395	2786340	25.6499996185303	25.5	25.5499992370606	25.5	844820	25.6000003814697	25.5	25.5499992370606	25.6000003814697	813860	25.7000007629395	25.3999996185303	25.6000003814697	25.5	615560	25.6000003814697	25.3500003814697	25.5	25.5	790080	25.5	25.3500003814697	25.4500007629395	25.3500003814697	804320	25.4500007629395	25.2999992370606	25.3500003814697	25.3999996185303	721500	25.6499996185303	25.4500007629395	25.5	25.5499992370606	857380	25.7999992370605	25.6499996185303	25.6499996185303	25.7999992370605	1309380	25.8999996185303	25.7000007629395	25.75	25.75	844440	25.5499992370606	25.2999992370606	25.4500007629395	25.3999996185303	1025900	25.4500007629395	25.2999992370606	25.3999996185303	25.3500003814697	800700	25.4500007629395	25.2999992370606	25.3500003814697	25.2999992370606	509920	25.5	25.3500003814697	25.3999996185303	25.4500007629395	469640	25.6499996185303	25.5	25.5	25.6000003814697	792840	25.6499996185303	25.4500007629395	25.5499992370606	25.5499992370606	606220	25.6000003814697	25.3999996185303	25.5499992370606	25.4500007629395	926440	25.5499992370606	25.25	25.4500007629395	25.3500003814697	703380	25.5	25.3999996185303	25.3999996185303	25.4500007629395	3170560	25.7000007629395	25.4500007629395	25.5499992370606	25.5	1261460	25.5	25.2999992370606	25.3500003814697	25.4500007629395	834100	25.6499996185303	25.5	25.5499992370606	25.5499992370606	829520	25.7000007629395	25.5499992370606	25.6499996185303	25.6499996185303	876200	25.7999992370605	25.6499996185303	25.7000007629395	25.75	878420	25.8999996185303	25.6499996185303	25.8500003814697	25.75	1562800	25.9500007629395	25.7999992370605	25.8500003814697	25.8500003814697	1239940	25.9500007629395	25.7999992370605	25.8500003814697	25.8500003814697	1661280	25.8500003814697	25.7000007629395	25.7999992370605	25.7000007629395	1444560	25.7999992370605	25.7000007629395	25.75	25.75	2094780	25.4500007629395	25.25	25.3999996185303	25.2999992370606																																													
2024-12-17	2024-12-13	NRDY	Nerdy Inc.	Cohn Charles K.	CEO, 10%	P - Purchase	1.82	5e+06	54,622,757	+10%	+$9,080,000	9100000	08:59:59	4	9372800	1.79999995231628	1.45500004291534	1.60000002384186	1.74000000953674	8083900	2.04999995231628	1.58000004291534	1.69000005722046	1.89999997615814	2375000	2.1800000667572	1.82000005245209	2.04999995231628	1.85000002384186	2552500	2	1.67999994754791	1.86000001430511	1.71000003814697	2521800	1.78999996185303	1.58000004291534	1.72000002861023	1.60000002384186	2357500	1.73000001907349	1.52999997138977	1.58000004291534	1.71000003814697	969000	1.76999998092651	1.63499999046326	1.74000000953674	1.69000005722046	427900	1.69000005722046	1.63100004196167	1.6599999666214	1.69000005722046	1068400	1.75	1.62999999523163	1.6599999666214	1.75	1214900	1.79499995708466	1.62999999523163	1.75999999046326	1.67999994754791	1133700	1.67999994754791	1.55999994277954	1.64999997615814	1.64999997615814	1002000	1.71800005435944	1.58000004291534	1.67999994754791	1.62000000476837	1085500	1.64999997615814	1.53999996185303	1.62000000476837	1.57000005245209	1148400	1.6599999666214	1.54499995708466	1.5900000333786	1.62999999523163	3589900	1.97000002861023	1.69099998474121	1.70000004768372	1.94000005722046	1806600	1.94000005722046	1.75999999046326	1.92999994754791	1.78999996185303	1064700	1.75	1.61000001430511	1.74000000953674	1.67999994754791	920800	1.64499998092651	1.57000005245209	1.62999999523163	1.5900000333786	1655300	1.55999994277954	1.4650000333786	1.55999994277954	1.52999997138977	760600	1.60000002384186	1.51999998092651	1.58000004291534	1.55999994277954	727700	1.67999994754791	1.60000002384186	1.62000000476837	1.67999994754791	883900	1.67499995231628	1.61500000953674	1.6599999666214	1.66999995708466	2975900	1.73500001430511	1.59500002861023	1.71000003814697	1.6599999666214	776900	1.70500004291534	1.62000000476837	1.66999995708466	1.66999995708466	1533800	1.67999994754791	1.60000002384186	1.6599999666214	1.61000001430511	1123300	1.75999999046326	1.54999995231628	1.61000001430511	1.74000000953674	1499400	1.87000000476837	1.75999999046326	1.75999999046326	1.75999999046326	1274500	1.86000001430511	1.66999995708466	1.69000005722046	1.75999999046326	1223300	1.91999995708466	1.69000005722046	1.74000000953674	1.87999999523163	1180400	1.9099999666214	1.76999998092651	1.85000002384186	1.80999994277954	756700	1.89600002765656	1.79999995231628	1.83000004291534	1.8400000333786	1075000	1.88499999046326	1.78999996185303	1.83000004291534	1.82000005245209	774400	1.82000005245209	1.69000005722046	1.73000001907349	1.79999995231628	1566300	1.97000002861023	1.76999998092651	1.77999997138977	1.92999994754791	1057100	1.99000000953674	1.88999998569489	1.9099999666214	1.97000002861023	842200	2	1.89999997615814	1.99000000953674	1.9099999666214	855500	1.96000003814697	1.83000004291534	1.9099999666214	1.85000002384186	633700	1.95000004768372	1.86500000953674	1.87000000476837	1.88999998569489	1133800	1.87000000476837	1.80999994277954	1.85000002384186	1.85000002384186	829600	1.96000003814697	1.76999998092651	1.79999995231628	1.94000005722046	1269300	2.00999999046326	1.92999994754791	1.95000004768372	1.97000002861023	911300	2.01999998092651	1.94500005245209	1.99000000953674	1.95000004768372																																			
2024-12-16	2024-12-12	BH	Biglari Holdings Inc.	Biglari, Sardar	COB, CEO, 10%	P - Purchase	494.45	1478	1,544,845	0%	+$730,796	730797.1	21:30:05	4	6100	239.679992675781	230.669998168945	234.490005493164	236.100006103516	3200	239.660003662109	230.820007324219	238.710006713867	230.830001831055	6600	244.270004272461	220.75	231.009994506836	236.240005493164	16800	265.730010986328	232.100006103516	235	256.690002441406	9700	262.450012207031	235.899993896484	256.040008544922	236.410003662109	45300	254.990005493164	232.339996337891	236.869995117188	243.699996948242	100600	253.130004882813	234.009994506836	238.919998168945	250.679992675781	27200	258.989990234375	248	250.339996337891	253.589996337891	11300	266.929992675781	255.199996948242	255.369995117188	264.549987792969	8300	271.350006103516	260.459991455078	262.589996337891	262.920013427734	10700	266.989990234375	252.619995117188	259.140014648438	257.200012207031	8900	262.980010986328	249.589996337891	249.699996948242	256	24300	262.690002441406	251.869995117188	255.759994506836	254.289993286133	11100	257.079986572266	244.979995727539	254.289993286133	249.960006713867	32500	269	244.699996948242	247.600006103516	257.760009765625	7200	260	248.050003051758	257.679992675781	248.169998168945	19100	248.199996948242	229.740005493164	245.520004272461	236.399993896484	8100	234	227.229995727539	233.070007324219	228.110000610352	10500	228.929992675781	214.179992675781	224.339996337891	218.160003662109	5900	221.080001831055	215.479995727539	217.309997558594	218.320007324219	6900	223	216.800003051758	222.029998779297	219.179992675781	4100	223.100006103516	217.220001220703	223	218.970001220703	2800	219.360000610352	213.100006103516	219.360000610352	214.389999389648	5700	219.970001220703	215.5	216.149993896484	218.339996337891	3400	223.690002441406	215.320007324219	221.220001220703	220.919998168945	3400	224.75	219.429992675781	221.339996337891	221.570007324219	5500	222.529998779297	218.869995117188	218.869995117188	222.050003051758	4700	225.910003662109	220.380004882812	220.380004882812	225.240005493164	4500	234.350006103516	223.419998168945	223.419998168945	228.089996337891	3200	232.179992675781	226.279998779297	226.279998779297	229.729995727539	5300	232.869995117188	226.929992675781	227.259994506836	231.699996948242	3500	236.5	230.729995727539	230.729995727539	233.860000610352	3600	235.899993896484	228.929992675781	235.470001220703	232.009994506836	1800	232.220001220703	225	227.559997558594	228.789993286133	2700	237.050003051758	230.220001220703	230.839996337891	234.75	3900	239.509994506836	232.360000610352	236	235.330001831055	1500	237.5	231.029998779297	233.809997558594	233.330001831055	3700	235.610000610352	230.179992675781	232.339996337891	231.210006713867	2400	239.75	234	234.360000610352	236.690002441406	2200	244.320007324219	236.240005493164	236.240005493164	240.050003051758	2600	241.130004882813	235.910003662109	240.759994506836	237.559997558594	2200	245	235.639999389648	239.720001220703	242.880004882813																																			
2024-12-16	2024-12-13	TDW	Tidewater Inc	Kneen Quintin	Dir, Pres, CEO	P - Purchase	48.06	41615	176,239	+31%	+$1,999,921	2000016.9	17:30:04	3	830300	48.4099998474121	47.189998626709	48.25	47.6300010681152	766100	47.9700012207031	46.8199996948242	47.25	47.0499992370606	2383500	52.9500007629395	47.939998626709	49.5499992370606	52.5400009155274	1742400	54	48.8499984741211	52.7200012207031	49.4199981689453	1186400	51.939998626709	48.5	51	48.6800003051758	3822100	50.9199981689453	47.7700004577637	48.6300010681152	49	1205300	50.5800018310547	48.7900009155274	49.2599983215332	50.310001373291	491800	50.7299995422363	48.8300018310547	50.310001373291	50.1399993896484	701700	51.060001373291	49.1500015258789	50.0499992370606	50.8499984741211	858400	51.810001373291	50.0400009155274	50.6100006103516	51.4700012207031	1854300	54.3499984741211	51	51.5	53.2000007629395	1757600	55.3499984741211	53.0800018310547	53.0800018310547	54.7099990844727	1113400	57.2200012207031	55	56.5299987792969	55.7299995422363	1061200	56.7799987792969	54.3800010681152	55.7299995422363	56.4599990844727	1267100	59.1599998474121	56.1399993896484	56.75	56.4300003051758	869400	58.5299987792969	56.25	56.9799995422363	57.689998626709	850800	56.5900001525879	55.2299995422363	56.5499992370606	55.8400001525879	1348800	58.3499984741211	55.2799987792969	57.3400001525879	55.4599990844727	1177800	56.4099998474121	54.4599990844727	55.4000015258789	55.0800018310547	1232600	55.5999984741211	52.1699981689453	54.6599998474121	54.6500015258789	1023300	57.560001373291	54.3499984741211	54.9799995422363	56.5099983215332	872300	56.8199996948242	54.7700004577637	56.0900001525879	55.3699989318848	1083800	56.2000007629395	53.7400016784668	55.7599983215332	55.7000007629395	721800	56.6399993896484	54.75	56.6300010681152	55.9599990844727	1398200	57.7900009155274	54.4099998474121	55.6199989318848	55.0499992370606	738500	55.9300003051758	54.7000007629395	55.3899993896484	55.5099983215332	898000	56.4000015258789	54.7900009155273	55.5099983215332	55.2799987792969	991600	56.7599983215332	54.2700004577637	54.9500007629395	55.0099983215332	936400	55.6199989318848	52.6699981689453	55.1599998474121	53.2599983215332	884200	54.0800018310547	52.6399993896484	53.2200012207031	53.6100006103516	745500	55.5499992370606	53.0999984741211	54.4000015258789	55.4599990844727	1001100	56	53.5099983215332	55.4599990844727	55.1100006103516	1025200	54.2599983215332	52.1500015258789	54.1699981689453	52.2700004577637	1004200	55.2599983215332	51.4500007629395	52.7299995422363	54.9300003051758	825300	55.4500007629395	53.189998626709	55.1500015258789	55.0699996948242	1023800	56.3300018310547	52.9199981689453	55.7099990844727	53.8800010681152	719500	55.439998626709	53.4700012207031	54.0099983215332	53.75	656500	56.1500015258789	54.060001373291	54.6599998474121	55.8400001525879	736900	56.3499984741211	54.75	55.9900016784668	54.9099998474121	621200	54.9000015258789	53.0699996948242	54.2599983215332	53.4099998474121	637700	54.4900016784668	52.9000015258789	53.4099998474121	54.4000015258789																																								
2024-12-16	2024-12-12	DOW	Dow Inc.	Fitterling James R	Chair, CEO	P - Purchase	41.49	25600	370,209	+7%	+$1,062,155	1062144	16:19:06	4	5738700	41.7400016784668	41.2299995422363	41.3699989318848	41.2799987792969	7580000	41.25	40.435001373291	41.25	40.8600006103516	8419800	40.689998626709	40.0400009155273	40.3499984741211	40.1100006103516	9702700	40.9459991455078	40.25	40.2999992370606	40.5699996948242	11720500	41.3600006103516	40.1100006103516	40.8499984741211	40.1500015258789	9553500	40.5800018310547	39.0900001525879	40.060001373291	39.0999984741211	17715600	40.2849998474121	38.8499984741211	38.9900016784668	39.939998626709	6718700	40.2599983215332	39.6829986572266	39.9900016784668	39.9700012207031	3784100	40.1800003051758	39.4300003051758	39.9099998474121	40.0900001525879	5274200	40.3650016784668	39.8499984741211	39.9900016784668	40.2200012207031	4855000	40.6949996948242	39.9000015258789	40.1199989318848	40.0299987792969	7954900	39.9199981689453	39.2299995422363	39.9000015258789	39.439998626709	6867200	40.2750015258789	39.4300003051758	39.5400009155273	40.1300010681152	7130500	40.5999984741211	39.5	40.3300018310547	39.5499992370605	6839900	39.814998626709	39.2000007629395	39.6500015258789	39.4000015258789	6899400	40.1399993896484	39.5499992370605	39.7999992370606	39.75	7248700	39.9449996948242	39.1549987792969	39.5	39.4099998474121	6196900	39.1100006103516	38.3300018310547	39.0499992370606	38.9199981689453	7833500	38.8349990844727	38.4500007629395	38.7200012207031	38.5	8230600	39.689998626709	38.5499992370606	38.5499992370606	39.6699981689453	4516000	40.1100006103516	39.6599998474121	39.9199981689453	40.0800018310547	5446400	40.7700004577637	40.1399993896484	40.4799995422363	40.4000015258789	5812300	41.0499992370606	40.0999984741211	40.3300018310547	40.8699989318848	6194800	41.3800010681152	40.9850006103516	41.1100006103516	41.0400009155273	5583600	41.7599983215332	41.1500015258789	41.3199996948242	41.5800018310547	5607300	41.4650001525879	40.810001373291	41.4000015258789	40.8199996948242	5442400	41.5299987792969	40.9000015258789	40.9500007629395	41.4700012207031	5111600	41.9199981689453	41.310001373291	41.7200012207031	41.3699989318848	6182700	41.9700012207031	41.2750015258789	41.7400016784668	41.9199981689453	6009600	42.173999786377	41.2799987792969	42.0099983215332	41.4199981689453	6765200	41.4749984741211	40.8349990844727	41.2299995422363	41.0499992370606	18933200	39.4799995422363	37.4900016784668	39.3199996948242	38.5499992370606	12725800	39.2799987792969	38.4099998474121	38.8250007629395	39.0499992370606	14986900	38.2999992370605	36.6599998474121	38.2000007629395	37.3800010681152	10017100	38.9199981689453	37.5400009155273	37.5800018310547	38.5499992370606	6757400	38.4500007629395	37.7200012207031	38.2200012207031	37.9500007629395	7610300	38.8899993896484	38.189998626709	38.2200012207031	38.7700004577637	5966200	39.0250015258789	38.3349990844727	38.9000015258789	38.5800018310547	5911100	39	38.1500015258789	38.9000015258789	38.5699996948242	5446500	38.8300018310547	38.435001373291	38.6500015258789	38.6300010681152	5607400	38.560001373291	38.0530014038086	38.3800010681152	38.2599983215332	6619000	38.6650009155273	38.0499992370606	38.3699989318848	38.3400001525879																																			
2024-12-13	2024-12-11	TKO	Tko Group Holdings, Inc.	Emanuel Ariel	CEO, 10%	P - Purchase	142.64	337447	2,040,791	+20%	+$48,133,382	48133440.08	21:42:59	2	900300	142.880004882813	140.610000610352	141.880004882813	141.330001831055	874300	144.399993896484	142.380004882813	143.070007324219	143.429992675781	855200	143.949996948242	141.160003662109	143.949996948242	141.919998168945	1755600	149.399993896484	142.070007324219	143.5	147.050003051758	1335700	148.570007324219	145.399993896484	147.050003051758	147.25	867600	148.380004882813	141.460006713867	148.360000610352	142.139999389648	1110100	147.350006103516	141.309997558594	147	143.789993286133	1679600	144.429992675781	140	142.100006103516	143.539993286133	471500	143.910003662109	141.220001220703	143.539993286133	141.75	279500	145.240005493164	141.789993286133	141.789993286133	144.860000610352	433300	144.869995117188	143.410003662109	143.669998168945	144.740005493164	360000	144.289993286133	142.309997558594	143.759994506836	144.020004272461	702600	144.410003662109	141.419998168945	142.779998779297	143.369995117188	580000	144.020004272461	142.070007324219	143.279998779297	142.110000610352	404400	143.839996337891	141.419998168945	142.25	142.729995727539	622800	143.639999389648	141.029998779297	142.470001220703	142.399993896484	740900	143.860000610352	140.169998168945	142.639999389648	141.630004882813	912300	147.449996948242	141.259994506836	144.419998168945	141.809997558594	975500	146.509994506836	139.619995117188	141.570007324219	142.339996337891	1047000	146.380004882813	139.610000610352	142.289993286133	140.179992675781	695400	143.5	137.5	138.919998168945	142.380004882813	610600	144.539993286133	142.470001220703	143.259994506836	143.110000610352	694300	144.460006713867	140.940002441406	143.940002441406	143.910003662109	611200	145	141.529998779297	144.259994506836	141.800003051758	803300	144	141.279998779297	142	142.199996948242	709100	144.699996948242	141.649993896484	142.029998779297	144.529998779297	682200	146.350006103516	142.389999389648	144.729995727539	142.929992675781	1967100	153.889999389648	146.550003051758	147.039993286133	151.970001220703	957600	154.25	151.059997558594	151.970001220703	153.080001831055	771600	154.089996337891	150.289993286133	151.759994506836	153.449996948242	1174400	159.529998779297	154.139999389648	155	158.440002441406	742300	159.169998168945	154.559997558594	158.259994506836	156.919998168945	501400	159.720001220703	156.919998168945	159.110000610352	157.470001220703	806700	159.320007324219	154.770004272461	158.899993896484	155.210006713867	900600	159.020004272461	152.580001831055	153.160003662109	157.050003051758	733600	159	156.289993286133	158.110000610352	157.740005493164	904800	161.270004272461	157.190002441406	159.399993896484	161.020004272461	654500	161.470001220703	159.570007324219	161	161.210006713867	2463700	168.25	161.899993896484	161.910003662109	166.369995117188	1999400	174.600006103516	166.309997558594	168	173.110000610352																																													
2024-12-13	2024-12-12	GAIIX	Gladstone Alternative Income Fund	Gladstone David	CEO, 10%	P - Purchase	10	250000	510,000	+96%	+$2,500,000	2500000	13:55:25	1	0	10	10	10	10	0	10	10	10	10	0	10	10	10	10	0	10	10	10	10	0	10	10	10	10	0	10	10	10	10	0	10	10	10	10	0	10	10	10	10	0	10	10	10	10	0	10	10	10	10	0	10	10	10	10	0	10	10	10	10	0	10	10	10	10	0	10	10	10	10	0	10	10	10	10	0	10	10	10	10	0	10	10	10	10	0	10	10	10	10	0	10	10	10	10	0	10	10	10	10	0	10	10	10	10	0	10	10	10	10	0	10	10	10	10	0	10	10	10	10	0	10	10	10	10	0	10	10	10	10	0	10	10	10	10	0	10	10	10	10	0	10	10	10	10	0	10	10	10	10						0	10	10	10	10						0	10	10	10	10	0	10	10	10	10	0	10	10	10	10	0	10	10	10	10	0	10	10	10	10	0	10	10	10	10																																																		
2024-12-12	2024-12-12	PLAY	Dave & Buster'S Entertainment, Inc.	Sheehan Kevin M	Interim CEO	P - Purchase	25.48	37735	139,011	+37%	+$961,397	961487.8	17:30:57	0	6747700	29.5200004577637	24.9950008392334	29.25	25.4899997711182	3767600	27.8799991607666	26.0300006866455	26.3199996948242	27.4799995422363	3016700	29.7600002288818	28.0300006866455	28.2700004577637	28.5599994659424	1847800	29.7800006866455	28.0949993133545	29.3799991607666	29.0599994659424	2346200	29.8400001525879	25.9050006866455	29.5	26.3199996948242	1526200	26.9899997711182	26	26.9500007629395	26.2000007629395	1948600	28.4200000762939	26.3369998931885	26.4099998474121	27.3999996185303	1573200	28.7900009155273	27.2399997711182	27.5	28.7000007629395	1070600	29.9500007629395	28.2199993133545	28.75	29.8199996948242	1798800	29.6499996185303	28.75	29.6299991607666	29.5499992370605	1174500	29.8099994659424	29	29.2600002288818	29.1399993896484	1367800	29.0200004577637	27.9300003051758	28.6599998474121	28.4500007629395	1462600	29.9500007629395	28.2000007629395	28.2000007629395	29.1900005340576	1741600	30.7099990844727	29.5300006866455	29.7199993133545	30.2900009155273	896800	30.6900005340576	29.7999992370606	30.6499996185303	30.3700008392334	1697600	32.4000015258789	30.5100002288818	30.75	30.5599994659424	1516300	31.5799999237061	29.3899993896484	30.6100006103516	29.4799995422363	1794900	29.3799991607666	28.4549999237061	28.8500003814697	29.3799991607666	2173600	28.6100006103516	27.3999996185303	28.4899997711182	28.3299999237061	1786100	28.5650005340576	26.7399997711182	28.0799999237061	26.9300003051758	2090500	27.25	25.0949993133545	27.0799999237061	25.2399997711182	2106900	26.3199996948242	25.0499992370606	26.0849990844727	25.0699996948242	2935600	25.0499992370606	22.8299999237061	25.0499992370606	24.8299999237061	4121300	25.4799995422363	23.7299995422363	25.0799999237061	24.0699996948242	3129600	26.9300003051758	24.3700008392334	24.3999996185303	26.5	2413400	27.2099990844727	25.9090003967285	26.4599990844727	26.7299995422363	2069900	28.9699993133545	26.3400001525879	26.6399993896484	28.8400001525879	1324500	28.8500003814697	27.420000076294	28.2199993133545	27.5	1452700	29.2999992370606	27.1100006103516	27.1100006103516	27.9400005340576	936900	28.3899993896484	27.5100002288818	27.7700004577637	27.5400009155273	817500	28.1200008392334	27.1399993896484	27.5599994659424	27.1399993896484	1599800	27.8999996185303	26.8199996948242	27.6399993896484	27.0799999237061	1416600	27.2800006866455	26.2299995422363	27.0799999237061	26.5599994659424	2046700	28.7000007629395	25.6800003051758	25.6800003051758	27.6800003051758	924800	27.7099990844727	26.7099990844727	27.4799995422363	27.3799991607666	1073000	27.5799999237061	26.5300006866455	27.4400005340576	26.5599994659424	702900	27.3969993591309	26.6599998474121	26.6900005340576	27.1399993896484	1572800	27.2299995422363	25.5799999237061	26.9599990844727	25.6200008392334																																																							
2024-12-11	2024-12-09	NRDY	Nerdy Inc.	Cohn Charles K.	CEO, 10%	P - Purchase	1.78	3e+05	49,322,757	+1%	+$534,000	534000	17:45:24	2	3844400	1.91999995708466	1.63999998569489	1.71000003814697	1.63999998569489	5314200	2	1.66499996185303	1.75999999046326	1.70000004768372	2375300	1.79999995231628	1.53999996185303	1.75	1.60000002384186	2768200	1.69000005722046	1.5349999666214	1.67999994754791	1.60000002384186	9372800	1.79999995231628	1.45500004291534	1.60000002384186	1.74000000953674	8083900	2.04999995231628	1.58000004291534	1.69000005722046	1.89999997615814	2375000	2.1800000667572	1.82000005245209	2.04999995231628	1.85000002384186	2552500	2	1.67999994754791	1.86000001430511	1.71000003814697	2521800	1.78999996185303	1.58000004291534	1.72000002861023	1.60000002384186	2357500	1.73000001907349	1.52999997138977	1.58000004291534	1.71000003814697	969000	1.76999998092651	1.63499999046326	1.74000000953674	1.69000005722046	427900	1.69000005722046	1.63100004196167	1.6599999666214	1.69000005722046	1068400	1.75	1.62999999523163	1.6599999666214	1.75	1214900	1.79499995708466	1.62999999523163	1.75999999046326	1.67999994754791	1133700	1.67999994754791	1.55999994277954	1.64999997615814	1.64999997615814	1002000	1.71800005435944	1.58000004291534	1.67999994754791	1.62000000476837	1085500	1.64999997615814	1.53999996185303	1.62000000476837	1.57000005245209	1148400	1.6599999666214	1.54499995708466	1.5900000333786	1.62999999523163	3589900	1.97000002861023	1.69099998474121	1.70000004768372	1.94000005722046	1806600	1.94000005722046	1.75999999046326	1.92999994754791	1.78999996185303	1064700	1.75	1.61000001430511	1.74000000953674	1.67999994754791	920800	1.64499998092651	1.57000005245209	1.62999999523163	1.5900000333786	1655300	1.55999994277954	1.4650000333786	1.55999994277954	1.52999997138977	760600	1.60000002384186	1.51999998092651	1.58000004291534	1.55999994277954	727700	1.67999994754791	1.60000002384186	1.62000000476837	1.67999994754791	883900	1.67499995231628	1.61500000953674	1.6599999666214	1.66999995708466	2975900	1.73500001430511	1.59500002861023	1.71000003814697	1.6599999666214	776900	1.70500004291534	1.62000000476837	1.66999995708466	1.66999995708466	1533800	1.67999994754791	1.60000002384186	1.6599999666214	1.61000001430511	1123300	1.75999999046326	1.54999995231628	1.61000001430511	1.74000000953674	1499400	1.87000000476837	1.75999999046326	1.75999999046326	1.75999999046326	1274500	1.86000001430511	1.66999995708466	1.69000005722046	1.75999999046326	1223300	1.91999995708466	1.69000005722046	1.74000000953674	1.87999999523163	1180400	1.9099999666214	1.76999998092651	1.85000002384186	1.80999994277954	756700	1.89600002765656	1.79999995231628	1.83000004291534	1.8400000333786	1075000	1.88499999046326	1.78999996185303	1.83000004291534	1.82000005245209	774400	1.82000005245209	1.69000005722046	1.73000001907349	1.79999995231628	1566300	1.97000002861023	1.76999998092651	1.77999997138977	1.92999994754791	1057100	1.99000000953674	1.88999998569489	1.9099999666214	1.97000002861023	842200	2	1.89999997615814	1.99000000953674	1.9099999666214	855500	1.96000003814697	1.83000004291534	1.9099999666214	1.85000002384186																																								
2024-12-11	2024-12-11	OPK	Opko Health, Inc.	Frost Phillip Md Et Al	CEO, COB, 10%	P - Purchase	1.56	5e+05	246,107,605	0%	+$781,050	780000	17:21:28	0	3025200	1.62000000476837	1.52999997138977	1.54999995231628	1.5900000333786	6925300	1.75999999046326	1.60000002384186	1.62000000476837	1.61000001430511	3051900	1.64999997615814	1.58000004291534	1.62999999523163	1.5900000333786	8201100	1.61000001430511	1.53999996185303	1.5900000333786	1.60000002384186	5517500	1.62999999523163	1.55999994277954	1.60000002384186	1.61000001430511	3147000	1.64999997615814	1.54999995231628	1.61000001430511	1.55999994277954	4119200	1.60000002384186	1.53999996185303	1.57000005245209	1.57000005245209	4494800	1.57000005245209	1.52999997138977	1.57000005245209	1.53999996185303	2957400	1.53999996185303	1.5	1.53999996185303	1.50999999046326	1407300	1.52999997138977	1.49000000953674	1.5	1.50999999046326	1287900	1.53999996185303	1.5	1.5	1.51999998092651	2219200	1.52999997138977	1.47000002861023	1.51999998092651	1.48000001907349	2755800	1.48000001907349	1.42999994754791	1.48000001907349	1.47000002861023	2964800	1.5	1.45000004768372	1.47000002861023	1.47000002861023	2049900	1.52999997138977	1.44000005722046	1.48000001907349	1.45000004768372	2083500	1.48000001907349	1.44000005722046	1.45000004768372	1.48000001907349	5485700	1.49000000953674	1.45000004768372	1.48000001907349	1.45000004768372	2548200	1.51999998092651	1.46000003814697	1.46000003814697	1.50999999046326	1898600	1.50999999046326	1.45000004768372	1.49000000953674	1.48000001907349	2556000	1.5	1.42999994754791	1.46000003814697	1.47000002861023	4989500	1.54999995231628	1.45000004768372	1.45000004768372	1.52999997138977	3411500	1.53999996185303	1.44000005722046	1.52999997138977	1.48000001907349	2679900	1.51999998092651	1.46000003814697	1.51999998092651	1.47000002861023	1502700	1.5	1.46000003814697	1.49000000953674	1.47000002861023	2573800	1.49000000953674	1.45000004768372	1.48000001907349	1.47000002861023	2252400	1.50999999046326	1.47000002861023	1.48000001907349	1.5	1795000	1.49000000953674	1.47000002861023	1.48000001907349	1.47000002861023	1852900	1.5	1.46000003814697	1.46000003814697	1.49000000953674	1341100	1.5	1.47000002861023	1.48000001907349	1.48000001907349	2016300	1.49000000953674	1.47000002861023	1.48000001907349	1.47000002861023	2072400	1.51999998092651	1.46000003814697	1.49000000953674	1.5	1809000	1.51999998092651	1.48000001907349	1.5	1.5	1779400	1.53999996185303	1.5	1.51999998092651	1.50999999046326	3805300	1.53999996185303	1.49000000953674	1.50999999046326	1.51999998092651	8058300	1.51999998092651	1.47000002861023	1.5	1.5	5834600	1.5900000333786	1.50999999046326	1.52999997138977	1.55999994277954	4024500	1.62000000476837	1.55999994277954	1.58000004291534	1.61000001430511	3291800	1.6599999666214	1.60000002384186	1.62999999523163	1.62000000476837	1729400	1.63999998569489	1.5900000333786	1.62000000476837	1.61000001430511																																																		
2024-12-10	2024-12-09	GAIAX	Gladstone Alternative Income Fund	Gladstone David	CEO, 10%	P - Purchase	10	250000	260,000	>999%	+$2,500,000	2500000	16:04:09	1	0	10	10	10	10	0	10	10	10	10	0	10	10	10	10	0	10	10	10	10	0	10	10	10	10	0	10	10	10	10	0	10	10	10	10	0	10	10	10	10	0	10	10	10	10	0	10	10	10	10	0	10	10	10	10	0	10	10	10	10	0	10	10	10	10	0	10	10	10	10	0	10	10	10	10	0	10	10	10	10	0	10	10	10	10	0	10	10	10	10	0	10	10	10	10	0	10	10	10	10	0	10	10	10	10	0	10	10	10	10	0	10	10	10	10	0	10	10	10	10	0	10	10	10	10	0	10	10	10	10	0	10	10	10	10	0	10	10	10	10	0	10	10	10	10	0	10	10	10	10	0	10	10	10	10						0	10	10	10	10						0	10	10	10	10	0	10	10	10	10	0	10	10	10	10	0	10	10	10	10	0	10	10	10	10																																																		
2024-12-09	2024-12-05	NRDY	Nerdy Inc.	Cohn Charles K.	CEO, 10%	P - Purchase	1.54	426758	48,854,396	+1%	+$657,207	657207.32	17:03:46	4	3257800	1.60000002384186	1.38999998569489	1.52999997138977	1.54999995231628	2740400	1.70500004291534	1.50499999523163	1.54999995231628	1.61000001430511	3844400	1.91999995708466	1.63999998569489	1.71000003814697	1.63999998569489	5314200	2	1.66499996185303	1.75999999046326	1.70000004768372	2375300	1.79999995231628	1.53999996185303	1.75	1.60000002384186	2768200	1.69000005722046	1.5349999666214	1.67999994754791	1.60000002384186	9372800	1.79999995231628	1.45500004291534	1.60000002384186	1.74000000953674	8083900	2.04999995231628	1.58000004291534	1.69000005722046	1.89999997615814	2375000	2.1800000667572	1.82000005245209	2.04999995231628	1.85000002384186	2552500	2	1.67999994754791	1.86000001430511	1.71000003814697	2521800	1.78999996185303	1.58000004291534	1.72000002861023	1.60000002384186	2357500	1.73000001907349	1.52999997138977	1.58000004291534	1.71000003814697	969000	1.76999998092651	1.63499999046326	1.74000000953674	1.69000005722046	427900	1.69000005722046	1.63100004196167	1.6599999666214	1.69000005722046	1068400	1.75	1.62999999523163	1.6599999666214	1.75	1214900	1.79499995708466	1.62999999523163	1.75999999046326	1.67999994754791	1133700	1.67999994754791	1.55999994277954	1.64999997615814	1.64999997615814	1002000	1.71800005435944	1.58000004291534	1.67999994754791	1.62000000476837	1085500	1.64999997615814	1.53999996185303	1.62000000476837	1.57000005245209	1148400	1.6599999666214	1.54499995708466	1.5900000333786	1.62999999523163	3589900	1.97000002861023	1.69099998474121	1.70000004768372	1.94000005722046	1806600	1.94000005722046	1.75999999046326	1.92999994754791	1.78999996185303	1064700	1.75	1.61000001430511	1.74000000953674	1.67999994754791	920800	1.64499998092651	1.57000005245209	1.62999999523163	1.5900000333786	1655300	1.55999994277954	1.4650000333786	1.55999994277954	1.52999997138977	760600	1.60000002384186	1.51999998092651	1.58000004291534	1.55999994277954	727700	1.67999994754791	1.60000002384186	1.62000000476837	1.67999994754791	883900	1.67499995231628	1.61500000953674	1.6599999666214	1.66999995708466	2975900	1.73500001430511	1.59500002861023	1.71000003814697	1.6599999666214	776900	1.70500004291534	1.62000000476837	1.66999995708466	1.66999995708466	1533800	1.67999994754791	1.60000002384186	1.6599999666214	1.61000001430511	1123300	1.75999999046326	1.54999995231628	1.61000001430511	1.74000000953674	1499400	1.87000000476837	1.75999999046326	1.75999999046326	1.75999999046326	1274500	1.86000001430511	1.66999995708466	1.69000005722046	1.75999999046326	1223300	1.91999995708466	1.69000005722046	1.74000000953674	1.87999999523163	1180400	1.9099999666214	1.76999998092651	1.85000002384186	1.80999994277954	756700	1.89600002765656	1.79999995231628	1.83000004291534	1.8400000333786	1075000	1.88499999046326	1.78999996185303	1.83000004291534	1.82000005245209	774400	1.82000005245209	1.69000005722046	1.73000001907349	1.79999995231628	1566300	1.97000002861023	1.76999998092651	1.77999997138977	1.92999994754791	1057100	1.99000000953674	1.88999998569489	1.9099999666214	1.97000002861023	842200	2	1.89999997615814	1.99000000953674	1.9099999666214																																			
2024-12-09	2024-12-06	TREE	Lendingtree, Inc.	Lebda Douglas R	COB, CEO, 10%	P - Purchase	39.72	13000	2,196,412	+1%	+$516,360	516360	15:27:52	3	528100	40.2999992370606	37.4799995422363	38.5	39.1800003051758	559800	41.4799995422363	37.939998626709	39.6199989318848	41.1100006103516	265900	41.6100006103516	40.0800018310547	41.1199989318848	41.3300018310547	328200	43.8400001525879	40.3600006103516	41.7200012207031	43.7799987792969	377700	44.5099983215332	40.5800018310547	43.5	40.8699989318848	215800	42.1399993896484	39.4000015258789	41.25	39.7999992370606	175600	40.5800018310547	39.1800003051758	39.7999992370606	40.1199989318848	270500	40.9199981689453	38.2799987792969	39.6100006103516	40.4599990844727	486800	43.4500007629395	38.560001373291	40.25	39.0900001525879	329700	40.6599998474121	38.4700012207031	39.810001373291	39.1500015258789	284100	40.5699996948242	38.25	38.5200004577637	39.6100006103516	181700	39.6100006103516	38.1800003051758	39.6100006103516	38.2700004577637	122100	38.5	37.3499984741211	38.0800018310547	38.439998626709	220200	40.4700012207031	37.6599998474121	38.189998626709	40.2900009155273	167400	40.3300018310547	38.25	40.0800018310547	39.25	169500	39.1800003051758	37.5400009155273	38.8699989318848	38.7599983215332	286600	39.4300003051758	38.2999992370605	38.7599983215332	38.75	165900	40.3600006103516	38.5299987792969	39.4799995422363	38.8400001525879	115800	40.0999984741211	38.9099998474121	39.0800018310547	39.9900016784668	158800	41.2000007629395	39.7000007629395	40.2900009155273	39.8699989318848	166300	40.6599998474121	38.7299995422363	40.1500015258789	39.3800010681152	216300	39.7000007629395	38.2599983215332	38.7200012207031	38.8600006103516	377900	37.75	35.7000007629395	37.75	36.2700004577637	166700	37.0699996948242	35.5	35.6500015258789	36.7700004577637	129500	37.8499984741211	36.2700004577637	37.0800018310547	36.560001373291	340300	39.1399993896484	37.5	38	38.5200004577637	214700	40.310001373291	38.439998626709	38.5699996948242	40.2900009155273	260600	41.5	39.7900009155273	40.5900001525879	40.6399993896484	492500	44.9500007629395	41.8199996948242	42.25	44.4900016784668	252700	44.7700004577637	43.2599983215332	43.9900016784668	43.310001373291	174200	43.4000015258789	42.1199989318848	42.5200004577637	42.5099983215332	266000	42.9799995422363	40.8199996948242	42.6699981689453	41.4500007629395	750500	50.0900001525879	42.8899993896484	42.9000015258789	49.3199996948242	267500	49.2400016784668	46.3800010681152	48.939998626709	46.6399993896484	356500	46.4799995422363	44.1199989318848	46.2000007629395	45.9199981689453	217400	47.9599990844727	46.4599990844727	46.7099990844727	47.1399993896484	165300	47.4300003051758	44.5699996948242	47.2099990844727	44.9300003051758	149500	44.8899993896484	43	44.1500015258789	44.0900001525879	115500	45.1500015258789	43.7700004577637	43.9099998474121	44.7999992370606	145200	45.4099998474121	44	45.310001373291	44.9700012207031	163300	45.939998626709	44.7299995422363	45.0999984741211	45.4099998474121																																								
2024-12-09	2024-12-03	STRW	Strawberry Fields Reit, Inc.	Gubin Moishe	CEO	P - Purchase	11.16	250567	700,667	+56%	+$2,795,202	2796327.72	08:36:03	6	55500	12.3999996185303	11.3000001907349	12.3000001907349	11.7799997329712	221400	12.4200000762939	11	11.8000001907349	12.4200000762939	1532400	10.8400001525879	9.39999961853027	10.5	9.39999961853027	760500	10.0900001525879	9.01000022888184	9.71000003814697	9.82999992370605	242500	10.5	10	10.0500001907349	10.0100002288818	366300	10.5600004196167	10.1899995803833	10.3000001907349	10.1999998092651	404300	10.6599998474121	10.1899995803833	10.5299997329712	10.289999961853	323500	10.5	10.1890001296997	10.2600002288818	10.3699998855591	59000	10.5500001907349	10.2799997329712	10.5500001907349	10.3500003814697	103000	10.4049997329712	10.0900001525879	10.2799997329712	10.1300001144409	101000	10.3999996185303	10.0590000152588	10.3199996948242	10.3500003814697	152400	10.6040000915527	9.61999988555908	10.4399995803833	9.98999977111816	222100	10.3900003433228	10.0799999237061	10.2399997711182	10.1999998092651	566000	10.75	10.0500001907349	10.1099996566772	10.6499996185303	69200	10.8299999237061	10.3699998855591	10.5900001525879	10.6000003814697	10300	10.6999998092651	10.3500003814697	10.6999998092651	10.6199998855591	30100	10.8199996948242	10.3199996948242	10.6199998855591	10.6300001144409	23600	10.6800003051758	10.2600002288818	10.5500001907349	10.3599996566772	38000	10.6499996185303	10.3100004196167	10.5	10.539999961853	19400	10.6300001144409	10.4499998092651	10.6300001144409	10.539999961853	35400	10.6999998092651	10.1300001144409	10.6000003814697	10.3000001907349	30800	10.710000038147	10.2700004577637	10.3100004196167	10.710000038147	34600	10.6639995574951	10.25	10.5600004196167	10.2799997329712	404900	11.6199998855591	10.3199996948242	10.3199996948242	10.8800001144409	239000	11.5	10.8699998855591	11.5	11.0600004196167	104800	11.4799995422363	11.0699996948242	11.4799995422363	11.1400003433228	69500	11.1099996566772	10.9519996643066	11.1099996566772	11.0500001907349	60500	11.3000001907349	11.0200004577637	11.1899995803833	11.1899995803833	96300	11.3500003814697	11.1899995803833	11.3500003814697	11.1999998092651	34900	11.3000001907349	11.1029996871948	11.2200002670288	11.2299995422363	155400	11.5059995651245	11.0299997329712	11.2700004577637	11.1800003051758	125200	11.4799995422363	10.8999996185303	11.4799995422363	11.0799999237061	69900	11.2340002059937	10.8599996566772	11.0799999237061	10.8599996566772	47800	11.1890001296997	10.9200000762939	10.9200000762939	11.1000003814697	43200	11.3000001907349	11.1199998855591	11.1199998855591	11.1999998092651	104900	11.6999998092651	11.1999998092651	11.1999998092651	11.4399995803833	75900	11.4899997711182	10.960000038147	11.4899997711182	10.960000038147	45800	11.4200000762939	10.9799995422363	10.9799995422363	11.4200000762939	52800	11.5	11.3549995422363	11.460000038147	11.460000038147	30900	11.4899997711182	11.1999998092651	11.4899997711182	11.1999998092651	29200	11.1999998092651	11	11.1099996566772	11.1899995803833	52000	11.4499998092651	10.9499998092651	11.039999961853	11.3999996185303	87100	11.8400001525879	11.3409996032715	11.5	11.539999961853	73900	11.6899995803833	11.3800001144409	11.6400003433228	11.5100002288818																									
2024-12-09	2024-12-05	MSCI	Msci Inc.	Fernandez Henry A	COB, CEO	P - Purchase	612.8	2900	2,121,846	0%	+$1,777,119	1777120	06:55:51	4	402000	616.390014648438	608.719970703125	610.260009765625	609.909973144531	484400	619.75	609.169982910156	609.169982910156	617.179992675781	323900	620.97998046875	612.22998046875	618.539978027344	618.5	483900	635.739990234375	617.330017089844	617.900024414063	629.010009765625	455000	638.760009765625	629.030029296875	631.510009765625	629.609985351563	430300	642.450012207031	634.059997558594	638.940002441406	635.989990234375	380500	636.219970703125	620.320007324219	635	625.099975585938	506500	627.289978027344	617.030029296875	625.039978027344	618.380004882813	555000	619.440002441406	610.390014648438	617.669982910156	611.5	715200	620.299987792969	597.299987792969	619.059997558594	597.900024414063	508400	606.200012207031	593.260009765625	596.190002441406	600.580017089844	828400	606.739990234375	596.159973144531	597.47998046875	604.799987792969	302900	607.099975585938	598.960021972656	601.669982910156	605.419982910156	157400	607.909973144531	602.989990234375	607.309997558594	607.909973144531	221100	613.559997558594	604.859985351563	604.859985351563	610.969970703125	245400	611.929992675781	603.330017089844	607	609.590026855469	358300	602.260009765625	595.070007324219	602.070007324219	599.650024414063	223800	606.22998046875	598.130004882813	601.22998046875	600.010009765625	390300	603.760009765625	595.090026855469	601.5	597.130004882813	243800	602.940002441406	595.940002441406	597.880004882813	601.47998046875	359400	604.929992675781	596.539978027344	601.47998046875	596.659973144531	445400	597.700012207031	588.049987792969	594.510009765625	591.330017089844	417300	602.299987792969	586.109985351563	588.049987792969	602.22998046875	448000	595	573.700012207031	589.530029296875	575.72998046875	410400	581.669982910156	570.25	574	580.52001953125	446900	587.469970703125	579.460021972656	582.669982910156	585.799987792969	504100	602.710021972656	593.320007324219	596.669982910156	601	425400	610.890014648438	598.739990234375	603.440002441406	609.969970703125	311700	617.190002441406	609.02001953125	612.760009765625	612.02001953125	676000	618.609985351563	604.960021972656	604.960021972656	617.380004882813	406700	618.760009765625	611.289978027344	615.940002441406	613	574300	616	609.77001953125	615.369995117188	615.960021972656	369300	622.969970703125	612.200012207031	613.380004882813	620.719970703125	400400	625.440002441406	613.070007324219	615.969970703125	623.72998046875	514500	634.989990234375	619.330017089844	622.539978027344	628.340026855469	1061400	618.190002441406	572.27001953125	595.950012207031	593.049987792969	503100	603.75	585.059997558594	593.5	590.72998046875	735900	597.090026855469	586.039978027344	590.849975585938	596.77001953125	604500	592.950012207031	581.380004882813	587.190002441406	582.429992675781	855700	589.469970703125	578.799987792969	580.200012207031	584.469970703125	825600	588.179992675781	575.210021972656	586.169982910156	582.119995117188	570200	587.75	579.47998046875	587.080017089844	587.47998046875																																			
2024-12-04	2024-12-03	ZBIO	Zenas Biopharma, Inc.	Moulder Leon O Jr	CEO	P - Purchase	10.26	70000	1,913,194	+4%	+$718,100	718200	21:03:46	1	286200	11.210000038147	10.5600004196167	11.1099996566772	10.7299995422363	383800	10.6300001144409	9.80000019073486	10.6300001144409	9.84000015258789	428200	10.9250001907349	10.3500003814697	10.75	10.5	462000	11.3929996490479	10.5500001907349	10.7399997711182	10.8500003814697	373600	10.8599996566772	9.97000026702881	10.8500003814697	10.0200004577637	582700	10.210000038147	8.88500022888184	9.93000030517578	9.5	302600	9.59000015258789	9.10000038146973	9.31999969482422	9.15999984741211	345400	9.48999977111816	8.95499992370606	9.25	9.25	265200	9.39000034332275	8.80000019073486	9.1899995803833	8.92000007629395	399300	9.43000030517578	8.60000038146973	9.30000019073486	8.77000045776367	712900	9.51000022888184	8.32999992370606	8.78999996185303	9.47999954223633	395500	9.63000011444092	8.86499977111816	9.63000011444092	9.21000003814697	437200	9.92000007629395	9.02999973297119	9.13000011444092	9.76000022888184	3634500	10.378999710083	9.3100004196167	9.71000003814697	10.0100002288818	340300	10.1660003662109	9.47500038146973	10.1199998855591	9.56999969482422	157000	9.77000045776367	9.38000011444092	9.53999996185303	9.75	178200	10.2609996795654	9.60999965667725	9.85999965667725	10.0500001907349	119100	10.2200002670288	9.43000030517578	9.97000026702881	9.84000015258789	193300	9.96500015258789	8.90999984741211	9.77999973297119	8.98999977111816	391200	9.67000007629395	7.78999996185303	9	8.1899995803833	175700	9.40999984741211	8.26000022888184	8.26000022888184	9.01000022888184	195200	10.0699996948242	8.76000022888184	9.06999969482422	9.82999992370605	280700	10.9499998092651	9.4069995880127	9.8100004196167	10.1300001144409	231900	10.6000003814697	9.71000003814697	10.1300001144409	9.77000045776367	204700	10.1199998855591	9.1899995803833	9.68000030517578	9.27999973297119	216800	9.14999961853027	7.92500019073486	9.14999961853027	8.11999988555908	172400	8.1899995803833	7.49499988555908	7.92000007629395	8.11999988555908	190700	8.43099975585938	7.86999988555908	8.21000003814697	8.02000045776367	65600	8.22999954223633	7.78999996185303	7.98000001907349	8.10999965667725	110000	8.18000030517578	7.69000005722046	8.18000030517578	7.78000020980835	112500	7.99200010299683	7.67999982833862	7.80000019073486	7.84999990463257	228900	8.57999992370606	7.84000015258789	7.98000001907349	8.39999961853027	214800	8.82999992370606	8.22000026702881	8.52999973297119	8.32999992370606	166300	8.64999961853027	8.05000019073486	8.26000022888184	8.38000011444092	185500	8.5	7.65999984741211	8.38000011444092	7.73000001907349	197700	7.80000019073486	6.70499992370606	7.69999980926514	6.70499992370606	355400	6.87599992752075	5.82999992370606	6.75	6.42999982833862	292600	7.59000015258789	6.44000005722046	6.46999979019165	7.28999996185303	543800	7.98999977111816	6.8899998664856	7.34999990463257	7.61999988555908	192600	8.27000045776367	7.42000007629395	7.53000020980835	8.02000045776367																																													
2024-12-04	2024-12-02	BH	Biglari Holdings Inc.	Biglari, Sardar	COB, CEO, 10%	P - Purchase	292.96	5120	1,541,200	0%	+$1,499,971	1499955.2	19:20:08	2	11200	219.5	208.389999389648	212.429992675781	216.039993286133	16300	226.300003051758	216.929992675781	217.729995727539	224	6500	228.979995727539	221.460006713867	224	224.179992675781	10700	231.5	219.520004272461	228.050003051758	230	12500	236.509994506836	225	232.279998779297	229.669998168945	4400	233.660003662109	226.240005493164	229.970001220703	226.309997558594	6300	232.490005493164	224	230.270004272461	228.600006103516	6200	234.600006103516	228.5	231.710006713867	230.789993286133	6100	239.679992675781	230.669998168945	234.490005493164	236.100006103516	3200	239.660003662109	230.820007324219	238.710006713867	230.830001831055	6600	244.270004272461	220.75	231.009994506836	236.240005493164	16800	265.730010986328	232.100006103516	235	256.690002441406	9700	262.450012207031	235.899993896484	256.040008544922	236.410003662109	45300	254.990005493164	232.339996337891	236.869995117188	243.699996948242	100600	253.130004882813	234.009994506836	238.919998168945	250.679992675781	27200	258.989990234375	248	250.339996337891	253.589996337891	11300	266.929992675781	255.199996948242	255.369995117188	264.549987792969	8300	271.350006103516	260.459991455078	262.589996337891	262.920013427734	10700	266.989990234375	252.619995117188	259.140014648438	257.200012207031	8900	262.980010986328	249.589996337891	249.699996948242	256	24300	262.690002441406	251.869995117188	255.759994506836	254.289993286133	11100	257.079986572266	244.979995727539	254.289993286133	249.960006713867	32500	269	244.699996948242	247.600006103516	257.760009765625	7200	260	248.050003051758	257.679992675781	248.169998168945	19100	248.199996948242	229.740005493164	245.520004272461	236.399993896484	8100	234	227.229995727539	233.070007324219	228.110000610352	10500	228.929992675781	214.179992675781	224.339996337891	218.160003662109	5900	221.080001831055	215.479995727539	217.309997558594	218.320007324219	6900	223	216.800003051758	222.029998779297	219.179992675781	4100	223.100006103516	217.220001220703	223	218.970001220703	2800	219.360000610352	213.100006103516	219.360000610352	214.389999389648	5700	219.970001220703	215.5	216.149993896484	218.339996337891	3400	223.690002441406	215.320007324219	221.220001220703	220.919998168945	3400	224.75	219.429992675781	221.339996337891	221.570007324219	5500	222.529998779297	218.869995117188	218.869995117188	222.050003051758	4700	225.910003662109	220.380004882812	220.380004882812	225.240005493164	4500	234.350006103516	223.419998168945	223.419998168945	228.089996337891	3200	232.179992675781	226.279998779297	226.279998779297	229.729995727539	5300	232.869995117188	226.929992675781	227.259994506836	231.699996948242	3500	236.5	230.729995727539	230.729995727539	233.860000610352	3600	235.899993896484	228.929992675781	235.470001220703	232.009994506836																																								
2024-12-04	2024-12-03	ALLE	Allegion Plc	Stone John H	Pres, CEO	P - Purchase	140.7	7500	120,481	+7%	+$1,055,246	1055250	17:28:52	1	797900	141.529998779297	139.929992675781	140.5	140.490005493164	536000	141.229995727539	139.699996948242	139.789993286133	141.070007324219	1293800	144.419998168945	139.990005493164	143.720001220703	140.320007324219	760500	141.869995117188	139.720001220703	141.520004272461	140.490005493164	955000	141.770004272461	140.119995117188	140.660003662109	141.429992675781	690500	141.830001831055	138.850006103516	140.850006103516	140.580001831055	638900	141.889999389648	140.169998168945	141.550003051758	140.440002441406	692900	140.570007324219	139.009994506836	140.240005493164	139.25	484100	139.669998168945	137.699996948242	138.369995117188	138.830001831055	602600	139.339996337891	137.350006103516	138.690002441406	137.520004272461	856400	137.309997558594	135.589996337891	136.270004272461	136.639999389648	900700	138.410003662109	132.360000610352	137.029998779297	132.479995727539	1192800	133.580001831055	130.5	132.660003662109	130.630004882813	2061300	132.720001220703	130.149993896484	130.149993896484	132.179992675781	588900	132.550003051758	130.889999389648	131.479995727539	132.130004882813	248800	133.130004882813	131.399993896484	131.740005493164	133.039993286133	386700	134	132.029998779297	132.570007324219	132.990005493164	429000	133.330001831055	131.429992675781	132	131.970001220703	298200	131.570007324219	129.610000610352	131.339996337891	130.970001220703	385900	132.220001220703	130.470001220703	130.940002441406	130.679992675781	523400	131.880004882813	128.360000610352	131.470001220703	128.589996337891	597300	130.440002441406	128.100006103516	129.070007324219	130.179992675781	778200	131.289993286133	128.639999389648	130.410003662109	129.119995117188	902900	129.509994506836	126.889999389648	129.050003051758	127.419998168945	1077100	128.770004272461	126.330001831055	126.620002746582	128.399993896484	741500	128	126.029998779297	127.120002746582	126.209999084473	828000	128.300003051758	125.26000213623	125.720001220703	128.259994506836	469500	130.119995117188	128.470001220703	128.869995117188	129.75	641100	132.929992675781	129.919998168945	132.509994506836	130.929992675781	552500	132.850006103516	130.619995117188	130.699996948242	132.619995117188	592900	134.080001831055	132.589996337891	133.580001831055	133.589996337891	610100	136.279998779297	134.470001220703	134.669998168945	135.070007324219	898800	135.289993286133	131.729995727539	134.479995727539	132.179992675781	704300	133.419998168945	131.369995117188	132.389999389648	133.25	603800	133.75	132.199996948242	133.410003662109	132.529998779297	962400	135.580001831055	132.589996337891	132.830001831055	135.5	640100	135.460006713867	132.070007324219	134.830001831055	132.110000610352	624600	132.630004882813	130.880004882813	131.910003662109	131	565800	134.380004882813	131.600006103516	131.729995727539	133.520004272461	862600	134.940002441406	132.380004882813	133.520004272461	132.729995727539																																													
2024-12-02	2024-11-26	HFUS	Hartford Creative Group, Inc.	Chang Sheng-Yih	CEO, 10%	P - Purchase	0.02	43786800	45,786,800	>999%	+$875,736	875736	19:40:13	6	25	9.76000022888184	9.76000022888184	9.76000022888184	9.76000022888184	0	9.76000022888184	9.76000022888184	9.76000022888184	9.76000022888184	49	7.40000009536743	7.40000009536743	7.40000009536743	7.40000009536743	25	7.15520000457764	7.15520000457764	7.15520000457764	7.15520000457764	775	7.80480003356934	7.23999977111816	7.23999977111816	7.67999982833862	150	8.19999980926514	7.67999982833862	8.19999980926514	7.67999982833862	56	8.23999977111816	7.80000019073486	7.80000019073486	8.23999977111816	370	9.76000022888184	8.23999977111816	8.23999977111816	9.60000038146973	0	9.60000038146973	9.60000038146973	9.60000038146973	9.60000038146973	100	14.6000003814697	13.5799999237061	13.5799999237061	14.6000003814697	43	14.6000003814697	14.6000003814697	14.6000003814697	14.6000003814697	0	14.6000003814697	14.6000003814697	14.6000003814697	14.6000003814697	1484	8	1.05359995365143	4	8	50	14	8	8	8	287	10	7.40000009536743	10	8.64000034332275	25	7.80000019073486	7.80000019073486	7.80000019073486	7.80000019073486	0	7.80000019073486	7.80000019073486	7.80000019073486	7.80000019073486	0	7.80000019073486	7.80000019073486	7.80000019073486	7.80000019073486	0	7.80000019073486	7.80000019073486	7.80000019073486	7.80000019073486	0	7.80000019073486	7.80000019073486	7.80000019073486	7.80000019073486	0	7.80000019073486	7.80000019073486	7.80000019073486	7.80000019073486	0	7.80000019073486	7.80000019073486	7.80000019073486	7.80000019073486	0	7.80000019073486	7.80000019073486	7.80000019073486	7.80000019073486	27	4.88000011444092	4.88000011444092	4.88000011444092	4.88000011444092	0	4.88000011444092	4.88000011444092	4.88000011444092	4.88000011444092	37	5.44000005722046	5.44000005722046	5.44000005722046	5.44000005722046	25	4.87960004806519	4.87960004806519	4.87960004806519	4.87960004806519	0	4.87960004806519	4.87960004806519	4.87960004806519	4.87960004806519	83	5.44000005722046	4.87960004806519	5.44000005722046	4.87960004806519	0	4.87960004806519	4.87960004806519	4.87960004806519	4.87960004806519	0	4.87960004806519	4.87960004806519	4.87960004806519	4.87960004806519	0	4.87960004806519	4.87960004806519	4.87960004806519	4.87960004806519	0	4.87960004806519	4.87960004806519	4.87960004806519	4.87960004806519	0	4.87960004806519	4.87960004806519	4.87960004806519	4.87960004806519	25	5.28480005264282	5.28480005264282	5.28480005264282	5.28480005264282	50	4.51999998092651	4.44000005722046	4.44000005722046	4.51999998092651	0	4.51999998092651	4.51999998092651	4.51999998092651	4.51999998092651	0	4.51999998092651	4.51999998092651	4.51999998092651	4.51999998092651	0	4.51999998092651	4.51999998092651	4.51999998092651	4.51999998092651	0	4.51999998092651	4.51999998092651	4.51999998092651	4.51999998092651	50	4.65000009536743	4.40000009536743	4.65000009536743	4.40000009536743	0	4.40000009536743	4.40000009536743	4.40000009536743	4.40000009536743	0	4.40000009536743	4.40000009536743	4.40000009536743	4.40000009536743																														
2024-11-29	2024-11-26	BH	Biglari Holdings Inc.	Biglari, Sardar	COB, CEO, 10%	P - Purchase	326.46	3350	1,536,080	0%	+$1,093,635	1093641	21:51:44	3	5600	208	201.029998779297	205.880004882812	206.860000610352	9700	217.690002441406	204.309997558594	207.440002441406	215	1500	216	208.710006713867	214.330001831055	210.429992675781	11200	219.5	208.389999389648	212.429992675781	216.039993286133	16300	226.300003051758	216.929992675781	217.729995727539	224	6500	228.979995727539	221.460006713867	224	224.179992675781	10700	231.5	219.520004272461	228.050003051758	230	12500	236.509994506836	225	232.279998779297	229.669998168945	4400	233.660003662109	226.240005493164	229.970001220703	226.309997558594	6300	232.490005493164	224	230.270004272461	228.600006103516	6200	234.600006103516	228.5	231.710006713867	230.789993286133	6100	239.679992675781	230.669998168945	234.490005493164	236.100006103516	3200	239.660003662109	230.820007324219	238.710006713867	230.830001831055	6600	244.270004272461	220.75	231.009994506836	236.240005493164	16800	265.730010986328	232.100006103516	235	256.690002441406	9700	262.450012207031	235.899993896484	256.040008544922	236.410003662109	45300	254.990005493164	232.339996337891	236.869995117188	243.699996948242	100600	253.130004882813	234.009994506836	238.919998168945	250.679992675781	27200	258.989990234375	248	250.339996337891	253.589996337891	11300	266.929992675781	255.199996948242	255.369995117188	264.549987792969	8300	271.350006103516	260.459991455078	262.589996337891	262.920013427734	10700	266.989990234375	252.619995117188	259.140014648438	257.200012207031	8900	262.980010986328	249.589996337891	249.699996948242	256	24300	262.690002441406	251.869995117188	255.759994506836	254.289993286133	11100	257.079986572266	244.979995727539	254.289993286133	249.960006713867	32500	269	244.699996948242	247.600006103516	257.760009765625	7200	260	248.050003051758	257.679992675781	248.169998168945	19100	248.199996948242	229.740005493164	245.520004272461	236.399993896484	8100	234	227.229995727539	233.070007324219	228.110000610352	10500	228.929992675781	214.179992675781	224.339996337891	218.160003662109	5900	221.080001831055	215.479995727539	217.309997558594	218.320007324219	6900	223	216.800003051758	222.029998779297	219.179992675781	4100	223.100006103516	217.220001220703	223	218.970001220703	2800	219.360000610352	213.100006103516	219.360000610352	214.389999389648	5700	219.970001220703	215.5	216.149993896484	218.339996337891	3400	223.690002441406	215.320007324219	221.220001220703	220.919998168945	3400	224.75	219.429992675781	221.339996337891	221.570007324219	5500	222.529998779297	218.869995117188	218.869995117188	222.050003051758	4700	225.910003662109	220.380004882812	220.380004882812	225.240005493164	4500	234.350006103516	223.419998168945	223.419998168945	228.089996337891																																													
2024-11-27	2024-11-25	TFC	Truist Financial Corp	Rogers William H Jr	COB, CEO	P - Purchase	48.56	34180	1,139,193	+3%	+$1,659,781	1659780.8	08:13:37	2	9813600	49.060001373291	48.0699996948242	48.3600006103516	48.0999984741211	7296500	48.2900009155274	47.6800003051758	48.1599998474121	47.7000007629395	6619800	48.310001373291	47.7299995422363	48.0499992370606	47.75	4588400	48.1100006103516	47.5400009155274	48.0099983215332	47.6800003051758	8346000	47.9700012207031	46.8300018310547	47.9000015258789	46.9799995422363	6863000	47.060001373291	46.2000007629395	46.8899993896484	46.4300003051758	5702000	46.6500015258789	45.9599990844727	46.5699996948242	46.2200012207031	6923500	47.439998626709	46.2700004577637	46.4599990844727	47.1699981689453	4849000	47.6199989318848	46.7799987792969	47.2200012207031	47.2599983215332	7355900	47.4900016784668	46.7799987792969	47.2000007629395	46.7999992370606	10123700	47.7599983215332	46.4199981689453	46.8400001525879	46.4599990844727	10208600	46.8400001525879	45.6599998474121	46.7999992370606	45.6599998474121	8251100	45.8499984741211	45.0900001525879	45.7099990844727	45.7200012207031	8230900	45.939998626709	45.4199981689453	45.7900009155274	45.7799987792969	11068400	45.8899993896484	45.1500015258789	45.8400001525879	45.2900009155273	7813900	45.4799995422363	44.6599998474121	44.939998626709	45.1300010681152	8981400	45.439998626709	43.0699996948242	45.2400016784668	43.1100006103516	7541800	43.8600006103516	42.3899993896484	43.5999984741211	42.5499992370605	14849800	43.6800003051758	42.2799987792969	42.310001373291	43.3199996948242	5013600	43.560001373291	42.9099998474121	43	43.5400009155273	1742200	43.9900016784668	43.3899993896484	43.5400009155273	43.9900016784668	2877100	44.0699996948242	43.5400009155273	43.6699981689453	44	3307200	44.2999992370606	43.4599990844727	43.689998626709	43.6699981689453	3432500	43.6399993896484	42.8899993896484	43.310001373291	43.3699989318848	5316200	43.7999992370605	43.2400016784668	43.5999984741211	43.3800010681152	5056600	44.0800018310547	43.1399993896484	43.7400016784668	43.3300018310547	5156400	44.1399993896484	43.060001373291	43.5699996948242	44.0999984741211	6246400	45.0499992370606	44.0099983215332	44.5999984741211	44.0999984741211	7067400	44.75	43.7299995422363	44.6500015258789	43.9700012207031	5727100	44.25	43.4500007629395	43.9599990844727	43.9500007629395	8002200	43.4799995422363	42.5699996948242	43.3199996948242	42.7799987792969	8693000	43.1699981689453	42.6300010681152	42.689998626709	43.1199989318848	10297800	43.9900016784668	43.2400016784668	43.5	43.9099998474121	7973700	45.5800018310547	44.9700012207031	45.1699981689453	45.3899993896484	11164600	45.4900016784668	44.439998626709	44.939998626709	44.9799995422363	15704900	47.75	46.5499992370606	47.0200004577637	47.6500015258789	10278500	48.5299987792969	47.7400016784668	48	47.8899993896484	9029100	47.7400016784668	46.4099998474121	47.7299995422363	47.0099983215332	6453200	47.2299995422363	46.5499992370606	47.0499992370606	46.7599983215332	6377300	47.189998626709	46.4500007629395	46.5	47																																													
2024-11-26	2024-11-22	IIIV	I3 Verticals, Inc.	Daily Gregory S	CEO, 10%	P - Purchase	23.76	88544	316,227	+39%	+$2,103,669	2103805.44	17:30:21	4	375600	24.0200004577637	23.3400001525879	23.4699993133545	23.6700000762939	324400	24.4400005340576	23.7099990844727	23.7999992370606	24.0200004577637	145400	24.2299995422363	23.7600002288818	23.8700008392334	23.7900009155273	487800	26.6599998474121	24.5799999237061	26.6599998474121	24.8600006103516	145000	25.2999992370606	24.7700004577637	24.9699993133545	24.7999992370606	197400	25.3799991607666	24.6399993896484	24.8600006103516	25.0300006866455	162000	25.0100002288818	24.4899997711182	25.0100002288818	24.75	196700	25.3099994659424	24.4899997711182	24.7900009155273	24.5499992370605	321200	24.6000003814697	23.2199993133545	24.5300006866455	23.2800006866455	256000	24	23.3099994659424	23.4300003051758	23.3799991607666	271600	23.5499992370605	22.75	23.4200000762939	23.1200008392334	220700	23.6499996185303	22.7199993133545	23.2600002288818	23.3500003814697	172300	23.5699996948242	23.25	23.5	23.5499992370605	101000	23.6499996185303	23.3099994659424	23.5499992370605	23.4599990844727	186400	23.4099998474121	22.4099998474121	23.3799991607666	22.4500007629395	258300	22.8400001525879	22.2299995422363	22.4200000762939	22.4599990844727	267700	22.8700008392334	22.3700008392334	22.3799991607666	22.4699993133545	813300	23.2900009155273	22.2000007629395	22.670000076294	22.4200000762939	254900	23.5300006866455	22.5300006866455	22.7099990844727	23.4599990844727	420700	23.8899993896484	23.1900005340576	23.25	23.3400001525879	166500	23.6000003814697	23	23.1800003051758	23.0599994659424	61300	23.3400001525879	22.9699993133545	22.9699993133545	23.2999992370605	109300	24.0300006866455	23.1200008392334	23.1200008392334	24.0200004577637	137200	24.0599994659424	23.3799991607666	23.8899993896484	23.9099998474121	103200	23.7299995422363	23.1399993896484	23.6200008392334	23.6700000762939	434500	23.9599990844727	23.0400009155273	23.7299995422363	23.0400009155273	765800	23.6299991607666	22.9799995422363	23.1000003814697	23.2900009155273	664600	23.7900009155273	23	23.2700004577637	23.5200004577637	250300	24.0200004577637	23.3899993896484	23.6000003814697	23.8700008392334	211100	24.0699996948242	23.2000007629395	23.8500003814697	23.8500003814697	147900	24.0599994659424	23.4799995422363	23.7399997711182	23.9300003051758	210900	23.9099998474121	23.2900009155273	23.7099990844727	23.3899993896484	173200	23.4699993133545	22.9799995422363	23.1000003814697	23.3299999237061	132500	23.7399997711182	23.2900009155273	23.4200000762939	23.6599998474121	233500	24.2199993133545	23.7600002288818	24.1200008392334	23.7999992370606	138700	24.0400009155273	23.7299995422363	23.8099994659424	23.9400005340576	167900	24.2099990844727	23.5	24.1499996185303	23.7099990844727	112500	24.1800003051758	23.7600002288818	23.7900009155273	24.1800003051758	292100	24.3999996185303	23.7000007629395	24.0400009155273	24.3500003814697	765400	24.6100006103516	23.4899997711182	24.3500003814697	23.8400001525879	277700	24.3199996948242	23.5499992370605	23.5499992370605	24.3099994659424																																								
2024-11-26	2024-11-22	NRDY	Nerdy Inc.	Cohn Charles K.	CEO, 10%	P - Purchase	1.4	421796	48,088,009	+1%	+$590,514	590514.4	17:28:46	4	3597800	1.46000003814697	1.32000005245209	1.36000001430511	1.39999997615814	2638900	1.49500000476837	1.3400000333786	1.45000004768372	1.38999998569489	2799000	1.55999994277954	1.38999998569489	1.42999994754791	1.47000002861023	1273300	1.5	1.37000000476837	1.49000000953674	1.37999999523163	3453700	1.6599999666214	1.42200005054474	1.44000005722046	1.58000004291534	2386100	1.69000005722046	1.50499999523163	1.62000000476837	1.52999997138977	1663700	1.58000004291534	1.44000005722046	1.52999997138977	1.49000000953674	2115200	1.62999999523163	1.48500001430511	1.60000002384186	1.52999997138977	3257800	1.60000002384186	1.38999998569489	1.52999997138977	1.54999995231628	2740400	1.70500004291534	1.50499999523163	1.54999995231628	1.61000001430511	3844400	1.91999995708466	1.63999998569489	1.71000003814697	1.63999998569489	5314200	2	1.66499996185303	1.75999999046326	1.70000004768372	2375300	1.79999995231628	1.53999996185303	1.75	1.60000002384186	2768200	1.69000005722046	1.5349999666214	1.67999994754791	1.60000002384186	9372800	1.79999995231628	1.45500004291534	1.60000002384186	1.74000000953674	8083900	2.04999995231628	1.58000004291534	1.69000005722046	1.89999997615814	2375000	2.1800000667572	1.82000005245209	2.04999995231628	1.85000002384186	2552500	2	1.67999994754791	1.86000001430511	1.71000003814697	2521800	1.78999996185303	1.58000004291534	1.72000002861023	1.60000002384186	2357500	1.73000001907349	1.52999997138977	1.58000004291534	1.71000003814697	969000	1.76999998092651	1.63499999046326	1.74000000953674	1.69000005722046	427900	1.69000005722046	1.63100004196167	1.6599999666214	1.69000005722046	1068400	1.75	1.62999999523163	1.6599999666214	1.75	1214900	1.79499995708466	1.62999999523163	1.75999999046326	1.67999994754791	1133700	1.67999994754791	1.55999994277954	1.64999997615814	1.64999997615814	1002000	1.71800005435944	1.58000004291534	1.67999994754791	1.62000000476837	1085500	1.64999997615814	1.53999996185303	1.62000000476837	1.57000005245209	1148400	1.6599999666214	1.54499995708466	1.5900000333786	1.62999999523163	3589900	1.97000002861023	1.69099998474121	1.70000004768372	1.94000005722046	1806600	1.94000005722046	1.75999999046326	1.92999994754791	1.78999996185303	1064700	1.75	1.61000001430511	1.74000000953674	1.67999994754791	920800	1.64499998092651	1.57000005245209	1.62999999523163	1.5900000333786	1655300	1.55999994277954	1.4650000333786	1.55999994277954	1.52999997138977	760600	1.60000002384186	1.51999998092651	1.58000004291534	1.55999994277954	727700	1.67999994754791	1.60000002384186	1.62000000476837	1.67999994754791	883900	1.67499995231628	1.61500000953674	1.6599999666214	1.66999995708466	2975900	1.73500001430511	1.59500002861023	1.71000003814697	1.6599999666214	776900	1.70500004291534	1.62000000476837	1.66999995708466	1.66999995708466	1533800	1.67999994754791	1.60000002384186	1.6599999666214	1.61000001430511	1123300	1.75999999046326	1.54999995231628	1.61000001430511	1.74000000953674	1499400	1.87000000476837	1.75999999046326	1.75999999046326	1.75999999046326																																								
2024-11-26	2024-11-22	PSEC	Prospect Capital Corp	Barry John F	CEO, 10%	P - Purchase	4.78	1e+06	77,793,888	+1%	+$4,780,000	4780000	16:01:24	4	4680800	4.84000015258789	4.6399998664856	4.6399998664856	4.82999992370606	3604200	4.88000011444092	4.76000022888184	4.82999992370606	4.80999994277954	2574000	4.76999998092651	4.69999980926514	4.75	4.73999977111816	3010500	4.80000019073486	4.69999980926514	4.75	4.75	1634600	4.82000017166138	4.73999977111816	4.75	4.78000020980835	4499500	4.78000020980835	4.53000020980835	4.75	4.57999992370606	2969700	4.59000015258789	4.51000022888184	4.59000015258789	4.55000019073486	2279600	4.59000015258789	4.51000022888184	4.57000017166138	4.57999992370606	3904000	4.57000017166138	4.42999982833862	4.53999996185303	4.51999998092651	2631900	4.53999996185303	4.46999979019165	4.48999977111816	4.53000020980835	4539800	4.57000017166138	4.40000009536743	4.51000022888184	4.44000005722046	3114500	4.42999982833862	4.34000015258789	4.40000009536743	4.40999984741211	2570700	4.44999980926514	4.40000009536743	4.42000007629395	4.44000005722046	2521900	4.5	4.42000007629395	4.42000007629395	4.48000001907349	2788200	4.5	4.40000009536743	4.46999979019165	4.5	3681100	4.48000001907349	4.3600001335144	4.48000001907349	4.38000011444092	2581000	4.38000011444092	4.30000019073486	4.36999988555908	4.36999988555908	3512600	4.3899998664856	4.25	4.36999988555908	4.26000022888184	5225500	4.38000011444092	4.23000001907349	4.26000022888184	4.23999977111816	11566400	4.26000022888184	4.11999988555908	4.19999980926514	4.19000005722046	4077200	4.19000005722046	4.09000015258789	4.17999982833862	4.15999984741211	5863400	4.38000011444092	4.15000009536743	4.15999984741211	4.3600001335144	3123500	4.34999990463257	4.26999998092651	4.34000015258789	4.32999992370605	3579700	4.30999994277954	4.23000001907349	4.26000022888184	4.26000022888184	6321400	4.28999996185303	4.19999980926514	4.21999979019165	4.26000022888184	4871500	4.32999992370605	4.21999979019165	4.26999998092651	4.30999994277954	3953800	4.36999988555908	4.28999996185303	4.28999996185303	4.34000015258789	2389600	4.36999988555908	4.30999994277954	4.3600001335144	4.32999992370605	2593600	4.36999988555908	4.28999996185303	4.34999990463257	4.30999994277954	3337900	4.32999992370605	4.26999998092651	4.30999994277954	4.30999994277954	2448400	4.28999996185303	4.23999977111816	4.28999996185303	4.23999977111816	2760200	4.23999977111816	4.17000007629395	4.23000001907349	4.21999979019165	2168600	4.25	4.15000009536743	4.19999980926514	4.25	1519200	4.28999996185303	4.21999979019165	4.25	4.26999998092651	1785100	4.32999992370605	4.26999998092651	4.28999996185303	4.28999996185303	1415300	4.32999992370605	4.28000020980835	4.28999996185303	4.32000017166138	1945300	4.34999990463257	4.28999996185303	4.32000017166138	4.32999992370605	2786500	4.40000009536743	4.30999994277954	4.32000017166138	4.3899998664856	2575000	4.40000009536743	4.34000015258789	4.3899998664856	4.38000011444092	1918800	4.3899998664856	4.34000015258789	4.3600001335144	4.36999988555908	1683900	4.40000009536743	4.3600001335144	4.3600001335144	4.38000011444092																																								
2024-11-25	2024-11-22	NGNE	Neurogene Inc.	McMinn Rachel	CEO	P - Purchase	20.4	47500	1,297,859	+4%	+$969,000	969000	21:29:04	3	1062900	20.9300003051758	15.4799995422363	15.4799995422363	20.2999992370605	1297400	22.5699996948242	20.5	21.0499992370605	22.3150005340576	1332400	27.6100006103516	24.2299995422363	25.9699993133545	26.8700008392334	530600	27.6800003051758	24.6000003814697	27.1399993896484	25.7999992370605	318100	26.75	24.7800006866455	26.7099990844727	25.4300003051758	554700	25.9300003051758	24.4850006103516	25.2000007629395	24.5699996948242	519000	24.3899993896484	22.0300006866455	24.2099990844727	22.3400001525879	494400	22.25	20.8199996948242	22.25	22.0200004577637	246000	22.5900001525879	21.4400005340576	22.0400009155273	21.9899997711182	252800	24.1700000762939	21.4899997711182	22.3799991607666	23.7199993133545	197800	25.5300006866455	23	23.9400005340576	23.3099994659424	442500	25.1049995422363	22.9899997711182	23.2600002288818	23.7000007629395	178300	24.2000007629395	22.5900001525879	24.1700000762939	23.2000007629395	304100	24.0599994659424	21.67799949646	22.9200000762939	22.3349990844727	252900	24.3700008392334	21.8500003814697	22.4400005340576	23.5100002288818	280400	25.1800003051758	22.9699993133545	23.3600006103516	25.1299991607666	296500	25.3500003814697	22.9200000762939	24.7399997711182	23.7199993133545	303500	24.0149993896484	21.6800003051758	23.9699993133545	21.7900009155273	299800	23.2000007629395	21.3400001525879	22.0200004577637	22.0750007629395	466300	23.8899993896484	21.5100002288818	21.7800006866455	22.6399993896484	184500	22.9200000762939	21.9899997711182	22.6499996185303	22.5	76100	22.8500003814697	22.0300006866455	22.2700004577637	22.6200008392334	217200	24.8400001525879	23.0100002288818	23.3199996948242	24.1000003814697	158700	24.8299999237061	22.9599990844727	24.8299999237061	22.9699993133545	253600	22.5400009155273	21.2900009155273	22.1900005340576	22.2800006866455	349200	23.3700008392334	21.3299999237061	22.6000003814697	22.8600006103516	278000	23.8400001525879	22.4400005340576	23.4899997711182	22.8899993896484	193300	23.7999992370606	22.6399993896484	22.9099998474121	23.2299995422363	218200	24	22.8999996185303	23.3099994659424	23.1200008392334	202900	23.6149997711182	21.4400005340576	22.5900001525879	21.8600006103516	165700	22.2299995422363	20.6499996185303	21.6299991607666	21.4899997711182	190600	20.8500003814697	19.2700004577637	20.8500003814697	19.5799999237061	229700	19.3199996948242	17.9099998474121	19.1000003814697	18.8099994659424	282900	20.2900009155273	17.6299991607666	19.0699996948242	17.8899993896484	85400	19.1399993896484	18.1450004577637	18.5900001525879	18.5400009155273	149500	18.4799995422363	17.5	18.4300003051758	17.6299991607666	159300	17.746000289917	16.1399993896484	17.6000003814697	16.6000003814697	202000	16.9799995422363	16	16.6900005340576	16.6200008392334	135400	16.8500003814697	15.9200000762939	16.3099994659424	15.9499998092651	267400	16.1200008392334	15.3299999237061	15.8599996566772	15.5799999237061																																													
2024-11-25	2024-11-22	VTYX	Ventyx Biosciences, Inc.	Mohan Raju	CEO, Pres	P - Purchase	1.92	5e+05	2,175,028	+30%	+$959,889	960000	21:07:34	3	2149400	1.91499996185303	1.71000003814697	1.72000002861023	1.85000002384186	2160500	2.09999990463257	1.86500000953674	1.86500000953674	2.05999994277954	7611600	2.67000007629395	2.22000002861023	2.25	2.53999996185303	2272000	2.75	2.41000008583069	2.52999997138977	2.65000009536743	731100	2.72000002861023	2.52999997138977	2.65000009536743	2.6800000667572	2020500	2.71000003814697	2.49000000953674	2.65000009536743	2.51999998092651	1063300	2.52999997138977	2.36999988555908	2.5	2.45000004768372	1045900	2.60999989509583	2.38100004196167	2.45000004768372	2.59999990463257	870700	2.64000010490418	2.48099994659424	2.58999991416931	2.50999999046326	8273500	3.39000010490418	2.51999998092651	2.55999994277954	3.11999988555908	2115000	3.30999994277954	2.9449999332428	3.17000007629395	3.00999999046326	1154000	3.03999996185303	2.75999999046326	3	2.77999997138977	1602600	2.82999992370605	2.41000008583069	2.80999994277954	2.60999989509583	685800	2.64000010490418	2.44000005722046	2.60999989509583	2.44000005722046	1072000	2.4300000667572	2.24499988555908	2.40000009536743	2.27999997138977	824000	2.36500000953674	2.23000001907349	2.23000001907349	2.25	1125200	2.44000005722046	2.23000001907349	2.24000000953674	2.36999988555908	2005600	2.53900003433228	2.23000001907349	2.38000011444092	2.29999995231628	1761200	2.38000011444092	2.20499992370605	2.30999994277954	2.27999997138977	4760300	2.35999989509583	2.24000000953674	2.26999998092651	2.24000000953674	1226900	2.38499999046326	2.25	2.25	2.34999990463257	481900	2.36500000953674	2.21000003814697	2.35999989509583	2.26999998092651	1300300	2.33999991416931	2.25999999046326	2.28999996185303	2.32999992370605	2889600	2.5	2.3199999332428	2.48000001907349	2.38000011444092	1564500	2.36999988555908	2.1800000667572	2.33999991416931	2.23000001907349	1627300	2.25	2.09500002861023	2.24000000953674	2.19000005722046	1427100	2.24000000953674	2.11999988555908	2.22000002861023	2.14000010490417	2967900	2.55999994277954	2.14000010490417	2.14000010490417	2.49000000953674	2424700	2.51999998092651	2.34999990463257	2.49000000953674	2.42000007629395	1285000	2.60500001907349	2.4210000038147	2.44000005722046	2.51999998092651	6121000	2.50999999046326	2.24000000953674	2.50999999046326	2.25	887200	2.18899989128113	2.0699999332428	2.15000009536743	2.07999992370605	1402200	2.11999988555908	1.92900002002716	2.0699999332428	1.95000004768372	1170500	2.03900003433228	1.89999997615814	2.01999998092651	1.94000005722046	961800	2.01900005340576	1.92999994754791	2.00999999046326	1.96000003814697	1140200	1.97000002861023	1.86000001430511	1.96000003814697	1.88999998569489	2278900	2.03500008583069	1.83000004291534	1.89999997615814	2.01999998092651	1466200	2.125	1.91999995708466	2.01999998092651	2.07999992370605	4982700	2.18499994277954	1.98000001907349	2.04999995231628	2.16000008583069	1490200	2.30999994277954	2.03500008583069	2.17000007629395	2.30999994277954																																													
2024-11-25	2024-11-21	PSEC	Prospect Capital Corp	Barry John F	CEO, 10%	P - Purchase	4.64	1e+06	76,793,888	+1%	+$4,640,000	4640000	16:01:09	4	4104300	4.65999984741211	4.57999992370606	4.63000011444092	4.65000009536743	4680800	4.84000015258789	4.6399998664856	4.6399998664856	4.82999992370606	3604200	4.88000011444092	4.76000022888184	4.82999992370606	4.80999994277954	2574000	4.76999998092651	4.69999980926514	4.75	4.73999977111816	3010500	4.80000019073486	4.69999980926514	4.75	4.75	1634600	4.82000017166138	4.73999977111816	4.75	4.78000020980835	4499500	4.78000020980835	4.53000020980835	4.75	4.57999992370606	2969700	4.59000015258789	4.51000022888184	4.59000015258789	4.55000019073486	2279600	4.59000015258789	4.51000022888184	4.57000017166138	4.57999992370606	3904000	4.57000017166138	4.42999982833862	4.53999996185303	4.51999998092651	2631900	4.53999996185303	4.46999979019165	4.48999977111816	4.53000020980835	4539800	4.57000017166138	4.40000009536743	4.51000022888184	4.44000005722046	3114500	4.42999982833862	4.34000015258789	4.40000009536743	4.40999984741211	2570700	4.44999980926514	4.40000009536743	4.42000007629395	4.44000005722046	2521900	4.5	4.42000007629395	4.42000007629395	4.48000001907349	2788200	4.5	4.40000009536743	4.46999979019165	4.5	3681100	4.48000001907349	4.3600001335144	4.48000001907349	4.38000011444092	2581000	4.38000011444092	4.30000019073486	4.36999988555908	4.36999988555908	3512600	4.3899998664856	4.25	4.36999988555908	4.26000022888184	5225500	4.38000011444092	4.23000001907349	4.26000022888184	4.23999977111816	11566400	4.26000022888184	4.11999988555908	4.19999980926514	4.19000005722046	4077200	4.19000005722046	4.09000015258789	4.17999982833862	4.15999984741211	5863400	4.38000011444092	4.15000009536743	4.15999984741211	4.3600001335144	3123500	4.34999990463257	4.26999998092651	4.34000015258789	4.32999992370605	3579700	4.30999994277954	4.23000001907349	4.26000022888184	4.26000022888184	6321400	4.28999996185303	4.19999980926514	4.21999979019165	4.26000022888184	4871500	4.32999992370605	4.21999979019165	4.26999998092651	4.30999994277954	3953800	4.36999988555908	4.28999996185303	4.28999996185303	4.34000015258789	2389600	4.36999988555908	4.30999994277954	4.3600001335144	4.32999992370605	2593600	4.36999988555908	4.28999996185303	4.34999990463257	4.30999994277954	3337900	4.32999992370605	4.26999998092651	4.30999994277954	4.30999994277954	2448400	4.28999996185303	4.23999977111816	4.28999996185303	4.23999977111816	2760200	4.23999977111816	4.17000007629395	4.23000001907349	4.21999979019165	2168600	4.25	4.15000009536743	4.19999980926514	4.25	1519200	4.28999996185303	4.21999979019165	4.25	4.26999998092651	1785100	4.32999992370605	4.26999998092651	4.28999996185303	4.28999996185303	1415300	4.32999992370605	4.28000020980835	4.28999996185303	4.32000017166138	1945300	4.34999990463257	4.28999996185303	4.32000017166138	4.32999992370605	2786500	4.40000009536743	4.30999994277954	4.32000017166138	4.3899998664856	2575000	4.40000009536743	4.34000015258789	4.3899998664856	4.38000011444092	1918800	4.3899998664856	4.34000015258789	4.3600001335144	4.36999988555908																																								
2024-11-25	2024-11-21	IMNM	Immunome Inc.	Siegall Clay B	Pres, CEO	P - Purchase	9.62	1e+05	519,636	+24%	+$962,181	962000	08:41:00	4	663000	9.71199989318848	9.05000019073486	9.43000030517578	9.42000007629395	1176200	10.0299997329712	9.32499980926514	9.46000003814697	9.81999969482422	2247600	11.3100004196167	10.6700000762939	11.1000003814697	11.1499996185303	1014800	11.8100004196167	10.8199996948242	11.1499996185303	11.5299997329712	1384100	13.5299997329712	11.6199998855591	11.6800003051758	13.4700002670288	438900	13.6599998474121	13.0799999237061	13.4399995803833	13.5500001907349	972600	14.4700002670288	13.6400003433228	13.9300003051758	14.0799999237061	679500	14.1700000762939	13.2700004577637	14	13.539999961853	896500	14.0900001525879	12.960000038147	13.6499996185303	13.539999961853	661600	13.6300001144409	12.6700000762939	13.4700002670288	12.6999998092651	462200	13.83899974823	12.5450000762939	12.8299999237061	13.7299995422363	796200	15.125	13.8999996185303	13.8999996185303	14.5299997329712	699900	14.4200000762939	13.3400001525879	14.4200000762939	13.8999996185303	671600	14.1000003814697	12.9910001754761	13.9899997711182	14.039999961853	535100	14.0900001525879	13	13.4700002670288	13.0699996948242	595200	13.125	12.3400001525879	13	12.5799999237061	548500	12.8500003814697	12.2270002365112	12.5500001907349	12.4399995803833	894500	12.539999961853	11.6999998092651	12.3999996185303	12.0200004577637	1076000	12.1400003433228	10.7600002288818	12.0100002288818	11.1099996566772	1029200	11.4399995803833	10.8599996566772	11.2600002288818	11.0799999237061	1453600	11.5	10.8199996948242	10.9399995803833	10.9700002670288	1280900	11.0749998092651	10.75	10.9700002670288	10.9700002670288	594300	11.0830001831055	10.6700000762939	10.9799995422363	11.0200004577637	377600	11.2760000228882	10.835000038147	11	11.1000003814697	2457100	11.1599998474121	10.3649997711182	11	10.539999961853	464300	10.5699996948242	10.1099996566772	10.4200000762939	10.2799997329712	1036300	10.7399997711182	10.1999998092651	10.4300003051758	10.6199998855591	579300	11.1599998474121	10.4700002670288	10.7200002670288	10.5299997329712	705200	11.3549995422363	10.6099996566772	10.6099996566772	11.2700004577637	568300	11.5550003051758	11.0299997329712	11.460000038147	11.1999998092651	371700	11.6000003814697	10.710000038147	11.3999996185303	10.7600002288818	334800	10.8500003814697	10.3500003814697	10.7200002670288	10.6599998474121	865100	10.6599998474121	10.2700004577637	10.3699998855591	10.6000003814697	1036800	10.4849996566772	9.35999965667725	10.3500003814697	10.039999961853	517600	10.1300001144409	9.23999977111816	10.1199998855591	9.38000011444092	670300	10.1499996185303	9.5	9.8100004196167	10.1099996566772	1316300	11.0600004196167	9.60299968719482	10.6300001144409	9.85999965667725	900300	10.3850002288818	9.6899995803833	10.0200004577637	9.98999977111816	740600	10.5200004577637	9.85000038146973	10.1700000762939	10.1700000762939	542000	10.3299999237061	9.88000011444092	10.1700000762939	10.210000038147	781800	10.5729999542236	9.82999992370605	10.0900001525879	10.2200002670288																																								
2024-11-22	2024-11-20	BH	Biglari Holdings Inc.	Biglari, Sardar	COB, CEO, 10%	P - Purchase	208.77	2427	1,532,730	0%	+$506,690	506684.79	18:38:06	2	6900	213.5	209.929992675781	210	210.610000610352	7900	213.949996948242	200.009994506836	209.639999389648	208.5	4400	208.490005493164	203.809997558594	208.490005493164	206.410003662109	7900	211.690002441406	205.149993896484	208.880004882813	206.979995727539	5600	208	201.029998779297	205.880004882812	206.860000610352	9700	217.690002441406	204.309997558594	207.440002441406	215	1500	216	208.710006713867	214.330001831055	210.429992675781	11200	219.5	208.389999389648	212.429992675781	216.039993286133	16300	226.300003051758	216.929992675781	217.729995727539	224	6500	228.979995727539	221.460006713867	224	224.179992675781	10700	231.5	219.520004272461	228.050003051758	230	12500	236.509994506836	225	232.279998779297	229.669998168945	4400	233.660003662109	226.240005493164	229.970001220703	226.309997558594	6300	232.490005493164	224	230.270004272461	228.600006103516	6200	234.600006103516	228.5	231.710006713867	230.789993286133	6100	239.679992675781	230.669998168945	234.490005493164	236.100006103516	3200	239.660003662109	230.820007324219	238.710006713867	230.830001831055	6600	244.270004272461	220.75	231.009994506836	236.240005493164	16800	265.730010986328	232.100006103516	235	256.690002441406	9700	262.450012207031	235.899993896484	256.040008544922	236.410003662109	45300	254.990005493164	232.339996337891	236.869995117188	243.699996948242	100600	253.130004882813	234.009994506836	238.919998168945	250.679992675781	27200	258.989990234375	248	250.339996337891	253.589996337891	11300	266.929992675781	255.199996948242	255.369995117188	264.549987792969	8300	271.350006103516	260.459991455078	262.589996337891	262.920013427734	10700	266.989990234375	252.619995117188	259.140014648438	257.200012207031	8900	262.980010986328	249.589996337891	249.699996948242	256	24300	262.690002441406	251.869995117188	255.759994506836	254.289993286133	11100	257.079986572266	244.979995727539	254.289993286133	249.960006713867	32500	269	244.699996948242	247.600006103516	257.760009765625	7200	260	248.050003051758	257.679992675781	248.169998168945	19100	248.199996948242	229.740005493164	245.520004272461	236.399993896484	8100	234	227.229995727539	233.070007324219	228.110000610352	10500	228.929992675781	214.179992675781	224.339996337891	218.160003662109	5900	221.080001831055	215.479995727539	217.309997558594	218.320007324219	6900	223	216.800003051758	222.029998779297	219.179992675781	4100	223.100006103516	217.220001220703	223	218.970001220703	2800	219.360000610352	213.100006103516	219.360000610352	214.389999389648	5700	219.970001220703	215.5	216.149993896484	218.339996337891																																																		
2024-11-22	2024-11-20	NRDY	Nerdy Inc.	Cohn Charles K.	CEO, 10%	P - Purchase	1.23	746335	47,529,460	+2%	+$917,992	917992.05	17:39:09	2	2516400	1.27999997138977	1.12999999523163	1.19000005722046	1.25	1599300	1.35000002384186	1.21000003814697	1.24000000953674	1.32000005245209	3597800	1.46000003814697	1.32000005245209	1.36000001430511	1.39999997615814	2638900	1.49500000476837	1.3400000333786	1.45000004768372	1.38999998569489	2799000	1.55999994277954	1.38999998569489	1.42999994754791	1.47000002861023	1273300	1.5	1.37000000476837	1.49000000953674	1.37999999523163	3453700	1.6599999666214	1.42200005054474	1.44000005722046	1.58000004291534	2386100	1.69000005722046	1.50499999523163	1.62000000476837	1.52999997138977	1663700	1.58000004291534	1.44000005722046	1.52999997138977	1.49000000953674	2115200	1.62999999523163	1.48500001430511	1.60000002384186	1.52999997138977	3257800	1.60000002384186	1.38999998569489	1.52999997138977	1.54999995231628	2740400	1.70500004291534	1.50499999523163	1.54999995231628	1.61000001430511	3844400	1.91999995708466	1.63999998569489	1.71000003814697	1.63999998569489	5314200	2	1.66499996185303	1.75999999046326	1.70000004768372	2375300	1.79999995231628	1.53999996185303	1.75	1.60000002384186	2768200	1.69000005722046	1.5349999666214	1.67999994754791	1.60000002384186	9372800	1.79999995231628	1.45500004291534	1.60000002384186	1.74000000953674	8083900	2.04999995231628	1.58000004291534	1.69000005722046	1.89999997615814	2375000	2.1800000667572	1.82000005245209	2.04999995231628	1.85000002384186	2552500	2	1.67999994754791	1.86000001430511	1.71000003814697	2521800	1.78999996185303	1.58000004291534	1.72000002861023	1.60000002384186	2357500	1.73000001907349	1.52999997138977	1.58000004291534	1.71000003814697	969000	1.76999998092651	1.63499999046326	1.74000000953674	1.69000005722046	427900	1.69000005722046	1.63100004196167	1.6599999666214	1.69000005722046	1068400	1.75	1.62999999523163	1.6599999666214	1.75	1214900	1.79499995708466	1.62999999523163	1.75999999046326	1.67999994754791	1133700	1.67999994754791	1.55999994277954	1.64999997615814	1.64999997615814	1002000	1.71800005435944	1.58000004291534	1.67999994754791	1.62000000476837	1085500	1.64999997615814	1.53999996185303	1.62000000476837	1.57000005245209	1148400	1.6599999666214	1.54499995708466	1.5900000333786	1.62999999523163	3589900	1.97000002861023	1.69099998474121	1.70000004768372	1.94000005722046	1806600	1.94000005722046	1.75999999046326	1.92999994754791	1.78999996185303	1064700	1.75	1.61000001430511	1.74000000953674	1.67999994754791	920800	1.64499998092651	1.57000005245209	1.62999999523163	1.5900000333786	1655300	1.55999994277954	1.4650000333786	1.55999994277954	1.52999997138977	760600	1.60000002384186	1.51999998092651	1.58000004291534	1.55999994277954	727700	1.67999994754791	1.60000002384186	1.62000000476837	1.67999994754791	883900	1.67499995231628	1.61500000953674	1.6599999666214	1.66999995708466	2975900	1.73500001430511	1.59500002861023	1.71000003814697	1.6599999666214																																																		
2024-11-22	2024-11-20	PSEC	Prospect Capital Corp	Barry John F	CEO, 10%	P - Purchase	4.59	1e+06	75,793,876	+1%	+$4,590,000	4590000	16:01:25	2	3737300	4.67999982833862	4.55000019073486	4.61999988555908	4.59000015258789	4104300	4.65999984741211	4.57999992370606	4.63000011444092	4.65000009536743	4680800	4.84000015258789	4.6399998664856	4.6399998664856	4.82999992370606	3604200	4.88000011444092	4.76000022888184	4.82999992370606	4.80999994277954	2574000	4.76999998092651	4.69999980926514	4.75	4.73999977111816	3010500	4.80000019073486	4.69999980926514	4.75	4.75	1634600	4.82000017166138	4.73999977111816	4.75	4.78000020980835	4499500	4.78000020980835	4.53000020980835	4.75	4.57999992370606	2969700	4.59000015258789	4.51000022888184	4.59000015258789	4.55000019073486	2279600	4.59000015258789	4.51000022888184	4.57000017166138	4.57999992370606	3904000	4.57000017166138	4.42999982833862	4.53999996185303	4.51999998092651	2631900	4.53999996185303	4.46999979019165	4.48999977111816	4.53000020980835	4539800	4.57000017166138	4.40000009536743	4.51000022888184	4.44000005722046	3114500	4.42999982833862	4.34000015258789	4.40000009536743	4.40999984741211	2570700	4.44999980926514	4.40000009536743	4.42000007629395	4.44000005722046	2521900	4.5	4.42000007629395	4.42000007629395	4.48000001907349	2788200	4.5	4.40000009536743	4.46999979019165	4.5	3681100	4.48000001907349	4.3600001335144	4.48000001907349	4.38000011444092	2581000	4.38000011444092	4.30000019073486	4.36999988555908	4.36999988555908	3512600	4.3899998664856	4.25	4.36999988555908	4.26000022888184	5225500	4.38000011444092	4.23000001907349	4.26000022888184	4.23999977111816	11566400	4.26000022888184	4.11999988555908	4.19999980926514	4.19000005722046	4077200	4.19000005722046	4.09000015258789	4.17999982833862	4.15999984741211	5863400	4.38000011444092	4.15000009536743	4.15999984741211	4.3600001335144	3123500	4.34999990463257	4.26999998092651	4.34000015258789	4.32999992370605	3579700	4.30999994277954	4.23000001907349	4.26000022888184	4.26000022888184	6321400	4.28999996185303	4.19999980926514	4.21999979019165	4.26000022888184	4871500	4.32999992370605	4.21999979019165	4.26999998092651	4.30999994277954	3953800	4.36999988555908	4.28999996185303	4.28999996185303	4.34000015258789	2389600	4.36999988555908	4.30999994277954	4.3600001335144	4.32999992370605	2593600	4.36999988555908	4.28999996185303	4.34999990463257	4.30999994277954	3337900	4.32999992370605	4.26999998092651	4.30999994277954	4.30999994277954	2448400	4.28999996185303	4.23999977111816	4.28999996185303	4.23999977111816	2760200	4.23999977111816	4.17000007629395	4.23000001907349	4.21999979019165	2168600	4.25	4.15000009536743	4.19999980926514	4.25	1519200	4.28999996185303	4.21999979019165	4.25	4.26999998092651	1785100	4.32999992370605	4.26999998092651	4.28999996185303	4.28999996185303	1415300	4.32999992370605	4.28000020980835	4.28999996185303	4.32000017166138	1945300	4.34999990463257	4.28999996185303	4.32000017166138	4.32999992370605																																																		
2024-11-21	2024-11-19	NRDY	Nerdy Inc.	Cohn Charles K.	CEO, 10%	P - Purchase	1.21	1501500	46,783,125	+3%	+$1,816,815	1816815	17:42:37	2	6453700	1.27999997138977	1.00999999046326	1.02999997138977	1.25999999046326	2516400	1.27999997138977	1.12999999523163	1.19000005722046	1.25	1599300	1.35000002384186	1.21000003814697	1.24000000953674	1.32000005245209	3597800	1.46000003814697	1.32000005245209	1.36000001430511	1.39999997615814	2638900	1.49500000476837	1.3400000333786	1.45000004768372	1.38999998569489	2799000	1.55999994277954	1.38999998569489	1.42999994754791	1.47000002861023	1273300	1.5	1.37000000476837	1.49000000953674	1.37999999523163	3453700	1.6599999666214	1.42200005054474	1.44000005722046	1.58000004291534	2386100	1.69000005722046	1.50499999523163	1.62000000476837	1.52999997138977	1663700	1.58000004291534	1.44000005722046	1.52999997138977	1.49000000953674	2115200	1.62999999523163	1.48500001430511	1.60000002384186	1.52999997138977	3257800	1.60000002384186	1.38999998569489	1.52999997138977	1.54999995231628	2740400	1.70500004291534	1.50499999523163	1.54999995231628	1.61000001430511	3844400	1.91999995708466	1.63999998569489	1.71000003814697	1.63999998569489	5314200	2	1.66499996185303	1.75999999046326	1.70000004768372	2375300	1.79999995231628	1.53999996185303	1.75	1.60000002384186	2768200	1.69000005722046	1.5349999666214	1.67999994754791	1.60000002384186	9372800	1.79999995231628	1.45500004291534	1.60000002384186	1.74000000953674	8083900	2.04999995231628	1.58000004291534	1.69000005722046	1.89999997615814	2375000	2.1800000667572	1.82000005245209	2.04999995231628	1.85000002384186	2552500	2	1.67999994754791	1.86000001430511	1.71000003814697	2521800	1.78999996185303	1.58000004291534	1.72000002861023	1.60000002384186	2357500	1.73000001907349	1.52999997138977	1.58000004291534	1.71000003814697	969000	1.76999998092651	1.63499999046326	1.74000000953674	1.69000005722046	427900	1.69000005722046	1.63100004196167	1.6599999666214	1.69000005722046	1068400	1.75	1.62999999523163	1.6599999666214	1.75	1214900	1.79499995708466	1.62999999523163	1.75999999046326	1.67999994754791	1133700	1.67999994754791	1.55999994277954	1.64999997615814	1.64999997615814	1002000	1.71800005435944	1.58000004291534	1.67999994754791	1.62000000476837	1085500	1.64999997615814	1.53999996185303	1.62000000476837	1.57000005245209	1148400	1.6599999666214	1.54499995708466	1.5900000333786	1.62999999523163	3589900	1.97000002861023	1.69099998474121	1.70000004768372	1.94000005722046	1806600	1.94000005722046	1.75999999046326	1.92999994754791	1.78999996185303	1064700	1.75	1.61000001430511	1.74000000953674	1.67999994754791	920800	1.64499998092651	1.57000005245209	1.62999999523163	1.5900000333786	1655300	1.55999994277954	1.4650000333786	1.55999994277954	1.52999997138977	760600	1.60000002384186	1.51999998092651	1.58000004291534	1.55999994277954	727700	1.67999994754791	1.60000002384186	1.62000000476837	1.67999994754791	883900	1.67499995231628	1.61500000953674	1.6599999666214	1.66999995708466	2975900	1.73500001430511	1.59500002861023	1.71000003814697	1.6599999666214																																													
2024-11-21	2024-11-19	PSEC	Prospect Capital Corp	Barry John F	CEO, 10%	P - Purchase	4.63	1e+06	74,793,876	+1%	+$4,630,000	4630000	16:02:10	2	5020100	4.67000007629395	4.5	4.51999998092651	4.6399998664856	3737300	4.67999982833862	4.55000019073486	4.61999988555908	4.59000015258789	4104300	4.65999984741211	4.57999992370606	4.63000011444092	4.65000009536743	4680800	4.84000015258789	4.6399998664856	4.6399998664856	4.82999992370606	3604200	4.88000011444092	4.76000022888184	4.82999992370606	4.80999994277954	2574000	4.76999998092651	4.69999980926514	4.75	4.73999977111816	3010500	4.80000019073486	4.69999980926514	4.75	4.75	1634600	4.82000017166138	4.73999977111816	4.75	4.78000020980835	4499500	4.78000020980835	4.53000020980835	4.75	4.57999992370606	2969700	4.59000015258789	4.51000022888184	4.59000015258789	4.55000019073486	2279600	4.59000015258789	4.51000022888184	4.57000017166138	4.57999992370606	3904000	4.57000017166138	4.42999982833862	4.53999996185303	4.51999998092651	2631900	4.53999996185303	4.46999979019165	4.48999977111816	4.53000020980835	4539800	4.57000017166138	4.40000009536743	4.51000022888184	4.44000005722046	3114500	4.42999982833862	4.34000015258789	4.40000009536743	4.40999984741211	2570700	4.44999980926514	4.40000009536743	4.42000007629395	4.44000005722046	2521900	4.5	4.42000007629395	4.42000007629395	4.48000001907349	2788200	4.5	4.40000009536743	4.46999979019165	4.5	3681100	4.48000001907349	4.3600001335144	4.48000001907349	4.38000011444092	2581000	4.38000011444092	4.30000019073486	4.36999988555908	4.36999988555908	3512600	4.3899998664856	4.25	4.36999988555908	4.26000022888184	5225500	4.38000011444092	4.23000001907349	4.26000022888184	4.23999977111816	11566400	4.26000022888184	4.11999988555908	4.19999980926514	4.19000005722046	4077200	4.19000005722046	4.09000015258789	4.17999982833862	4.15999984741211	5863400	4.38000011444092	4.15000009536743	4.15999984741211	4.3600001335144	3123500	4.34999990463257	4.26999998092651	4.34000015258789	4.32999992370605	3579700	4.30999994277954	4.23000001907349	4.26000022888184	4.26000022888184	6321400	4.28999996185303	4.19999980926514	4.21999979019165	4.26000022888184	4871500	4.32999992370605	4.21999979019165	4.26999998092651	4.30999994277954	3953800	4.36999988555908	4.28999996185303	4.28999996185303	4.34000015258789	2389600	4.36999988555908	4.30999994277954	4.3600001335144	4.32999992370605	2593600	4.36999988555908	4.28999996185303	4.34999990463257	4.30999994277954	3337900	4.32999992370605	4.26999998092651	4.30999994277954	4.30999994277954	2448400	4.28999996185303	4.23999977111816	4.28999996185303	4.23999977111816	2760200	4.23999977111816	4.17000007629395	4.23000001907349	4.21999979019165	2168600	4.25	4.15000009536743	4.19999980926514	4.25	1519200	4.28999996185303	4.21999979019165	4.25	4.26999998092651	1785100	4.32999992370605	4.26999998092651	4.28999996185303	4.28999996185303	1415300	4.32999992370605	4.28000020980835	4.28999996185303	4.32000017166138	1945300	4.34999990463257	4.28999996185303	4.32000017166138	4.32999992370605																																													
2024-11-20	2024-11-18	NRDY	Nerdy Inc.	Cohn Charles K.	CEO, 10%	P - Purchase	0.98	796096	45,281,625	+2%	+$780,174	780174.08	17:45:25	2	2576000	1.01800000667572	0.910000026226044	0.954999983310699	1	6453700	1.27999997138977	1.00999999046326	1.02999997138977	1.25999999046326	2516400	1.27999997138977	1.12999999523163	1.19000005722046	1.25	1599300	1.35000002384186	1.21000003814697	1.24000000953674	1.32000005245209	3597800	1.46000003814697	1.32000005245209	1.36000001430511	1.39999997615814	2638900	1.49500000476837	1.3400000333786	1.45000004768372	1.38999998569489	2799000	1.55999994277954	1.38999998569489	1.42999994754791	1.47000002861023	1273300	1.5	1.37000000476837	1.49000000953674	1.37999999523163	3453700	1.6599999666214	1.42200005054474	1.44000005722046	1.58000004291534	2386100	1.69000005722046	1.50499999523163	1.62000000476837	1.52999997138977	1663700	1.58000004291534	1.44000005722046	1.52999997138977	1.49000000953674	2115200	1.62999999523163	1.48500001430511	1.60000002384186	1.52999997138977	3257800	1.60000002384186	1.38999998569489	1.52999997138977	1.54999995231628	2740400	1.70500004291534	1.50499999523163	1.54999995231628	1.61000001430511	3844400	1.91999995708466	1.63999998569489	1.71000003814697	1.63999998569489	5314200	2	1.66499996185303	1.75999999046326	1.70000004768372	2375300	1.79999995231628	1.53999996185303	1.75	1.60000002384186	2768200	1.69000005722046	1.5349999666214	1.67999994754791	1.60000002384186	9372800	1.79999995231628	1.45500004291534	1.60000002384186	1.74000000953674	8083900	2.04999995231628	1.58000004291534	1.69000005722046	1.89999997615814	2375000	2.1800000667572	1.82000005245209	2.04999995231628	1.85000002384186	2552500	2	1.67999994754791	1.86000001430511	1.71000003814697	2521800	1.78999996185303	1.58000004291534	1.72000002861023	1.60000002384186	2357500	1.73000001907349	1.52999997138977	1.58000004291534	1.71000003814697	969000	1.76999998092651	1.63499999046326	1.74000000953674	1.69000005722046	427900	1.69000005722046	1.63100004196167	1.6599999666214	1.69000005722046	1068400	1.75	1.62999999523163	1.6599999666214	1.75	1214900	1.79499995708466	1.62999999523163	1.75999999046326	1.67999994754791	1133700	1.67999994754791	1.55999994277954	1.64999997615814	1.64999997615814	1002000	1.71800005435944	1.58000004291534	1.67999994754791	1.62000000476837	1085500	1.64999997615814	1.53999996185303	1.62000000476837	1.57000005245209	1148400	1.6599999666214	1.54499995708466	1.5900000333786	1.62999999523163	3589900	1.97000002861023	1.69099998474121	1.70000004768372	1.94000005722046	1806600	1.94000005722046	1.75999999046326	1.92999994754791	1.78999996185303	1064700	1.75	1.61000001430511	1.74000000953674	1.67999994754791	920800	1.64499998092651	1.57000005245209	1.62999999523163	1.5900000333786	1655300	1.55999994277954	1.4650000333786	1.55999994277954	1.52999997138977	760600	1.60000002384186	1.51999998092651	1.58000004291534	1.55999994277954	727700	1.67999994754791	1.60000002384186	1.62000000476837	1.67999994754791	883900	1.67499995231628	1.61500000953674	1.6599999666214	1.66999995708466	2975900	1.73500001430511	1.59500002861023	1.71000003814697	1.6599999666214																																								
2024-11-20	2024-11-18	PSEC	Prospect Capital Corp	Barry John F	CEO, 10%	P - Purchase	4.47	837273	73,774,401	+1%	+$3,742,610	3742610.31	16:01:14	2	4842400	4.51999998092651	4.40000009536743	4.40000009536743	4.51000022888184	5020100	4.67000007629395	4.5	4.51999998092651	4.6399998664856	3737300	4.67999982833862	4.55000019073486	4.61999988555908	4.59000015258789	4104300	4.65999984741211	4.57999992370606	4.63000011444092	4.65000009536743	4680800	4.84000015258789	4.6399998664856	4.6399998664856	4.82999992370606	3604200	4.88000011444092	4.76000022888184	4.82999992370606	4.80999994277954	2574000	4.76999998092651	4.69999980926514	4.75	4.73999977111816	3010500	4.80000019073486	4.69999980926514	4.75	4.75	1634600	4.82000017166138	4.73999977111816	4.75	4.78000020980835	4499500	4.78000020980835	4.53000020980835	4.75	4.57999992370606	2969700	4.59000015258789	4.51000022888184	4.59000015258789	4.55000019073486	2279600	4.59000015258789	4.51000022888184	4.57000017166138	4.57999992370606	3904000	4.57000017166138	4.42999982833862	4.53999996185303	4.51999998092651	2631900	4.53999996185303	4.46999979019165	4.48999977111816	4.53000020980835	4539800	4.57000017166138	4.40000009536743	4.51000022888184	4.44000005722046	3114500	4.42999982833862	4.34000015258789	4.40000009536743	4.40999984741211	2570700	4.44999980926514	4.40000009536743	4.42000007629395	4.44000005722046	2521900	4.5	4.42000007629395	4.42000007629395	4.48000001907349	2788200	4.5	4.40000009536743	4.46999979019165	4.5	3681100	4.48000001907349	4.3600001335144	4.48000001907349	4.38000011444092	2581000	4.38000011444092	4.30000019073486	4.36999988555908	4.36999988555908	3512600	4.3899998664856	4.25	4.36999988555908	4.26000022888184	5225500	4.38000011444092	4.23000001907349	4.26000022888184	4.23999977111816	11566400	4.26000022888184	4.11999988555908	4.19999980926514	4.19000005722046	4077200	4.19000005722046	4.09000015258789	4.17999982833862	4.15999984741211	5863400	4.38000011444092	4.15000009536743	4.15999984741211	4.3600001335144	3123500	4.34999990463257	4.26999998092651	4.34000015258789	4.32999992370605	3579700	4.30999994277954	4.23000001907349	4.26000022888184	4.26000022888184	6321400	4.28999996185303	4.19999980926514	4.21999979019165	4.26000022888184	4871500	4.32999992370605	4.21999979019165	4.26999998092651	4.30999994277954	3953800	4.36999988555908	4.28999996185303	4.28999996185303	4.34000015258789	2389600	4.36999988555908	4.30999994277954	4.3600001335144	4.32999992370605	2593600	4.36999988555908	4.28999996185303	4.34999990463257	4.30999994277954	3337900	4.32999992370605	4.26999998092651	4.30999994277954	4.30999994277954	2448400	4.28999996185303	4.23999977111816	4.28999996185303	4.23999977111816	2760200	4.23999977111816	4.17000007629395	4.23000001907349	4.21999979019165	2168600	4.25	4.15000009536743	4.19999980926514	4.25	1519200	4.28999996185303	4.21999979019165	4.25	4.26999998092651	1785100	4.32999992370605	4.26999998092651	4.28999996185303	4.28999996185303	1415300	4.32999992370605	4.28000020980835	4.28999996185303	4.32000017166138	1945300	4.34999990463257	4.28999996185303	4.32000017166138	4.32999992370605																																								
2024-11-19	2024-11-15	BH	Biglari Holdings Inc.	Biglari, Sardar	COB, CEO, 10%	P - Purchase	271.92	15195	1,530,303	+1%	+$4,131,792	4131824.4	19:10:50	4	18800	214.779998779297	204.940002441406	214.119995117188	210	20000	215	189.210006713867	210.110000610352	210	10700	211.899993896484	205	209.559997558594	209.029998779297	6900	213.5	209.929992675781	210	210.610000610352	7900	213.949996948242	200.009994506836	209.639999389648	208.5	4400	208.490005493164	203.809997558594	208.490005493164	206.410003662109	7900	211.690002441406	205.149993896484	208.880004882813	206.979995727539	5600	208	201.029998779297	205.880004882812	206.860000610352	9700	217.690002441406	204.309997558594	207.440002441406	215	1500	216	208.710006713867	214.330001831055	210.429992675781	11200	219.5	208.389999389648	212.429992675781	216.039993286133	16300	226.300003051758	216.929992675781	217.729995727539	224	6500	228.979995727539	221.460006713867	224	224.179992675781	10700	231.5	219.520004272461	228.050003051758	230	12500	236.509994506836	225	232.279998779297	229.669998168945	4400	233.660003662109	226.240005493164	229.970001220703	226.309997558594	6300	232.490005493164	224	230.270004272461	228.600006103516	6200	234.600006103516	228.5	231.710006713867	230.789993286133	6100	239.679992675781	230.669998168945	234.490005493164	236.100006103516	3200	239.660003662109	230.820007324219	238.710006713867	230.830001831055	6600	244.270004272461	220.75	231.009994506836	236.240005493164	16800	265.730010986328	232.100006103516	235	256.690002441406	9700	262.450012207031	235.899993896484	256.040008544922	236.410003662109	45300	254.990005493164	232.339996337891	236.869995117188	243.699996948242	100600	253.130004882813	234.009994506836	238.919998168945	250.679992675781	27200	258.989990234375	248	250.339996337891	253.589996337891	11300	266.929992675781	255.199996948242	255.369995117188	264.549987792969	8300	271.350006103516	260.459991455078	262.589996337891	262.920013427734	10700	266.989990234375	252.619995117188	259.140014648438	257.200012207031	8900	262.980010986328	249.589996337891	249.699996948242	256	24300	262.690002441406	251.869995117188	255.759994506836	254.289993286133	11100	257.079986572266	244.979995727539	254.289993286133	249.960006713867	32500	269	244.699996948242	247.600006103516	257.760009765625	7200	260	248.050003051758	257.679992675781	248.169998168945	19100	248.199996948242	229.740005493164	245.520004272461	236.399993896484	8100	234	227.229995727539	233.070007324219	228.110000610352	10500	228.929992675781	214.179992675781	224.339996337891	218.160003662109	5900	221.080001831055	215.479995727539	217.309997558594	218.320007324219	6900	223	216.800003051758	222.029998779297	219.179992675781	4100	223.100006103516	217.220001220703	223	218.970001220703	2800	219.360000610352	213.100006103516	219.360000610352	214.389999389648	5700	219.970001220703	215.5	216.149993896484	218.339996337891																																			
2024-11-19	2024-11-15	PSEC	Prospect Capital Corp	Barry John F	CEO, 10%	P - Purchase	4.4	205900	72,937,128	0%	+$905,960	905960	18:37:58	4	3309000	4.44000005722046	4.38000011444092	4.38000011444092	4.42000007629395	4842400	4.51999998092651	4.40000009536743	4.40000009536743	4.51000022888184	5020100	4.67000007629395	4.5	4.51999998092651	4.6399998664856	3737300	4.67999982833862	4.55000019073486	4.61999988555908	4.59000015258789	4104300	4.65999984741211	4.57999992370606	4.63000011444092	4.65000009536743	4680800	4.84000015258789	4.6399998664856	4.6399998664856	4.82999992370606	3604200	4.88000011444092	4.76000022888184	4.82999992370606	4.80999994277954	2574000	4.76999998092651	4.69999980926514	4.75	4.73999977111816	3010500	4.80000019073486	4.69999980926514	4.75	4.75	1634600	4.82000017166138	4.73999977111816	4.75	4.78000020980835	4499500	4.78000020980835	4.53000020980835	4.75	4.57999992370606	2969700	4.59000015258789	4.51000022888184	4.59000015258789	4.55000019073486	2279600	4.59000015258789	4.51000022888184	4.57000017166138	4.57999992370606	3904000	4.57000017166138	4.42999982833862	4.53999996185303	4.51999998092651	2631900	4.53999996185303	4.46999979019165	4.48999977111816	4.53000020980835	4539800	4.57000017166138	4.40000009536743	4.51000022888184	4.44000005722046	3114500	4.42999982833862	4.34000015258789	4.40000009536743	4.40999984741211	2570700	4.44999980926514	4.40000009536743	4.42000007629395	4.44000005722046	2521900	4.5	4.42000007629395	4.42000007629395	4.48000001907349	2788200	4.5	4.40000009536743	4.46999979019165	4.5	3681100	4.48000001907349	4.3600001335144	4.48000001907349	4.38000011444092	2581000	4.38000011444092	4.30000019073486	4.36999988555908	4.36999988555908	3512600	4.3899998664856	4.25	4.36999988555908	4.26000022888184	5225500	4.38000011444092	4.23000001907349	4.26000022888184	4.23999977111816	11566400	4.26000022888184	4.11999988555908	4.19999980926514	4.19000005722046	4077200	4.19000005722046	4.09000015258789	4.17999982833862	4.15999984741211	5863400	4.38000011444092	4.15000009536743	4.15999984741211	4.3600001335144	3123500	4.34999990463257	4.26999998092651	4.34000015258789	4.32999992370605	3579700	4.30999994277954	4.23000001907349	4.26000022888184	4.26000022888184	6321400	4.28999996185303	4.19999980926514	4.21999979019165	4.26000022888184	4871500	4.32999992370605	4.21999979019165	4.26999998092651	4.30999994277954	3953800	4.36999988555908	4.28999996185303	4.28999996185303	4.34000015258789	2389600	4.36999988555908	4.30999994277954	4.3600001335144	4.32999992370605	2593600	4.36999988555908	4.28999996185303	4.34999990463257	4.30999994277954	3337900	4.32999992370605	4.26999998092651	4.30999994277954	4.30999994277954	2448400	4.28999996185303	4.23999977111816	4.28999996185303	4.23999977111816	2760200	4.23999977111816	4.17000007629395	4.23000001907349	4.21999979019165	2168600	4.25	4.15000009536743	4.19999980926514	4.25	1519200	4.28999996185303	4.21999979019165	4.25	4.26999998092651	1785100	4.32999992370605	4.26999998092651	4.28999996185303	4.28999996185303	1415300	4.32999992370605	4.28000020980835	4.28999996185303	4.32000017166138	1945300	4.34999990463257	4.28999996185303	4.32000017166138	4.32999992370605																																			
2024-11-19	2024-11-18	AZTA	Azenta, Inc.	Marotta John	Pres, CEO	P - Purchase	39.59	13967	100,862	+16%	+$552,904	552953.53	16:10:16	1	1097000	41.4799995422363	38.8199996948242	41.4799995422363	40.3699989318848	668500	40.9500007629395	39.0099983215332	39.9700012207031	40.9099998474121	1942900	46.0099983215332	43.5200004577637	44.4300003051758	44.6500015258789	1347000	46.4599990844727	44.4199981689453	44.8400001525879	45.5299987792969	10017800	46.439998626709	44.7099990844727	45.4700012207031	45.1599998474121	1459100	47.3499984741211	45.310001373291	45.4700012207031	45.5800018310547	802500	46.4099998474121	44.9700012207031	45.25	45.7599983215332	557600	47.4900016784668	45.9199981689453	45.9199981689453	47.1100006103516	445400	47.5499992370606	46.0900001525879	47.2200012207031	46.2099990844727	655400	47.2799987792969	45.7299995422363	45.8699989318848	47.2099990844727	585600	47.0999984741211	45.3300018310547	47.0699996948242	46.9700012207031	589400	47.4799995422363	46.0900001525879	46.6500015258789	46.9300003051758	784400	47.1599998474121	44.6599998474121	46.4799995422363	45	352500	46.6399993896484	44.8300018310547	45.3199996948242	45.5900001525879	478400	47.4599990844727	45.5800018310547	45.6500015258789	46.8400001525879	326100	47.2400016784668	45.7900009155274	46.939998626709	46.3600006103516	347200	47.189998626709	45.7200012207031	46.5200004577637	45.9099998474121	385800	46.7700004577637	44.0999984741211	45.5099983215332	45.939998626709	561700	46.4000015258789	44.439998626709	45.9900016784668	44.9300003051758	610000	45.5699996948242	44	44.8400001525879	44.4900016784668	761100	46.4199981689453	43.9700012207031	44.5	46.310001373291	1745500	50.7999992370606	47.4099998474121	47.4799995422363	49.6500015258789	1249700	50.060001373291	48.7900009155274	49.3699989318848	49.5	2585500	51.25	49.2700004577637	49.7000007629395	50.4300003051758	538300	51.0099983215332	49.4900016784668	50.5999984741211	50.0299987792969	180900	50.8899993896484	49.6699981689453	49.9900016784668	50.25	325700	51.7900009155274	49.5	50	51.5699996948242	262900	52.0999984741211	50.7700004577637	51.560001373291	51.2999992370606	389600	50.7799987792969	48.9900016784668	50.6699981689453	49.9500007629395	328200	51.5	49.9500007629395	50.3300018310547	50	315700	51.4599990844727	49.7900009155273	50.4300003051758	50.0400009155274	490800	50.6399993896484	49.2799987792969	50.1199989318848	50.5200004577637	517000	53	50.9599990844727	50.9599990844727	51.8899993896484	381700	53.7900009155274	51.7799987792969	51.9599990844727	51.9199981689453	367500	52.2299995422363	51	51.7200012207031	51.810001373291	426900	52.560001373291	50	51.1800003051758	51.7000007629395	394500	52.5099983215332	50.9700012207031	51.4099998474121	52.2700004577637	358100	53.4700012207031	50.4700012207031	52.2200012207031	51.439998626709	359200	53.0099983215332	51.4500007629395	52.060001373291	52.2999992370606	319600	53.189998626709	50.7900009155274	52.0900001525879	53	372100	53.3899993896484	52.4700012207031	53.3899993896484	52.6300010681152																																								
2024-11-19	2024-11-18	BRKR	Bruker Corp	Laukien Frank H	Pres, CEO, 10%	P - Purchase	50.14	1e+05	39,387,671	0%	+$5,014,069	5014000	16:07:19	1	2131000	51.4900016784668	48.8499984741211	51.189998626709	49.4099998474121	1426200	49.1100006103516	48.0699996948242	48.9799995422363	48.25	2900000	53.7099990844727	50.1300010681152	50.6199989318848	53.3699989318848	2660200	56.3699989318848	52.5900001525879	53.1500015258789	56.2200012207031	2079900	57.560001373291	56.1699981689453	56.2400016784668	57.0699996948242	2332700	59.5099983215332	57.1599998474121	57.1599998474121	58.9000015258789	1942900	58.3400001525879	56.3499984741211	58.2999992370606	57.5	1436500	59	57.560001373291	57.560001373291	58.3800010681152	805900	58.5999984741211	57.7299995422363	58.0999984741211	57.9500007629395	833800	58.5499992370606	57.2599983215332	57.4099998474121	58.3699989318848	1133600	58.689998626709	56.9300003051758	58.3800010681152	57.5499992370606	1328100	60.2999992370606	56.5	57.2000007629395	59.5	1286500	61.5	58.4000015258789	59.9500007629395	58.4799995422363	1094000	59.9300003051758	58.1800003051758	59.1699981689453	58.9599990844727	1078500	61.9099998474121	58.810001373291	58.810001373291	61.4500007629395	1078700	61.5	59.8699989318848	61.0499992370606	59.9799995422363	823500	60.560001373291	58.9700012207031	59.9799995422363	59.6500015258789	953200	59.9900016784668	58.4099998474121	59.5400009155274	58.5200004577637	1529300	59.4500007629395	56.2599983215332	58.5699996948242	57.7299995422363	1100400	57.9599990844727	56.6699981689453	56.6800003051758	57.1800003051758	1643800	58.3199996948242	56.5999984741211	56.9799995422363	57.810001373291	1651800	57.9700012207031	55.1699981689453	57.439998626709	55.3800010681152	2548500	56.7099990844727	54.6199989318848	56.2200012207031	55.2900009155274	3337900	58.0900001525879	55.2700004577637	55.3300018310547	57	1653900	57.6199989318848	56.3499984741211	56.810001373291	57.3899993896484	463000	58.9099998474121	57.5099983215332	57.8699989318848	58.25	816200	58.439998626709	57.7000007629395	57.7200012207031	58.310001373291	790800	58.7299995422363	57.5699996948242	57.7900009155274	58.4099998474121	798800	58.8400001525879	56.9799995422363	57.9000015258789	58.5	850000	59.4700012207031	58.1800003051758	58.8600006103516	58.6199989318848	1115900	60.1100006103516	58.6300010681152	59.0699996948242	58.810001373291	932700	60.0900001525879	57.5099983215332	58.7799987792969	59.7299995422363	1059900	61.7599983215332	59.8899993896484	60.2400016784668	60.6500015258789	867400	62.4599990844727	60.5900001525879	60.9700012207031	61.25	1267800	61.5499992370606	59.5299987792969	61.0299987792969	60.9500007629395	1376800	61.0099983215332	58.7799987792969	60.0200004577637	60.7799987792969	2796000	64.6399993896484	60.0200004577637	60.5900001525879	62.9500007629395	1303800	63.9500007629395	60.560001373291	63.8400001525879	61.2599983215332	2942700	63.1300010681152	57.1100006103516	62.7099990844727	57.5299987792969	2036400	59.7000007629395	54.5999984741211	57.0900001525879	59.0099983215332	1330600	59.9700012207031	56.8300018310547	59.5800018310547	56.8800010681152																																								
2024-11-18	2024-11-14	PSEC	Prospect Capital Corp	Barry John F	CEO, 10%	P - Purchase	4.37	1e+06	72,731,228	+1%	+$4,370,000	4370000	16:01:42	4	4467600	4.3899998664856	4.28000020980835	4.30000019073486	4.38000011444092	3309000	4.44000005722046	4.38000011444092	4.38000011444092	4.42000007629395	4842400	4.51999998092651	4.40000009536743	4.40000009536743	4.51000022888184	5020100	4.67000007629395	4.5	4.51999998092651	4.6399998664856	3737300	4.67999982833862	4.55000019073486	4.61999988555908	4.59000015258789	4104300	4.65999984741211	4.57999992370606	4.63000011444092	4.65000009536743	4680800	4.84000015258789	4.6399998664856	4.6399998664856	4.82999992370606	3604200	4.88000011444092	4.76000022888184	4.82999992370606	4.80999994277954	2574000	4.76999998092651	4.69999980926514	4.75	4.73999977111816	3010500	4.80000019073486	4.69999980926514	4.75	4.75	1634600	4.82000017166138	4.73999977111816	4.75	4.78000020980835	4499500	4.78000020980835	4.53000020980835	4.75	4.57999992370606	2969700	4.59000015258789	4.51000022888184	4.59000015258789	4.55000019073486	2279600	4.59000015258789	4.51000022888184	4.57000017166138	4.57999992370606	3904000	4.57000017166138	4.42999982833862	4.53999996185303	4.51999998092651	2631900	4.53999996185303	4.46999979019165	4.48999977111816	4.53000020980835	4539800	4.57000017166138	4.40000009536743	4.51000022888184	4.44000005722046	3114500	4.42999982833862	4.34000015258789	4.40000009536743	4.40999984741211	2570700	4.44999980926514	4.40000009536743	4.42000007629395	4.44000005722046	2521900	4.5	4.42000007629395	4.42000007629395	4.48000001907349	2788200	4.5	4.40000009536743	4.46999979019165	4.5	3681100	4.48000001907349	4.3600001335144	4.48000001907349	4.38000011444092	2581000	4.38000011444092	4.30000019073486	4.36999988555908	4.36999988555908	3512600	4.3899998664856	4.25	4.36999988555908	4.26000022888184	5225500	4.38000011444092	4.23000001907349	4.26000022888184	4.23999977111816	11566400	4.26000022888184	4.11999988555908	4.19999980926514	4.19000005722046	4077200	4.19000005722046	4.09000015258789	4.17999982833862	4.15999984741211	5863400	4.38000011444092	4.15000009536743	4.15999984741211	4.3600001335144	3123500	4.34999990463257	4.26999998092651	4.34000015258789	4.32999992370605	3579700	4.30999994277954	4.23000001907349	4.26000022888184	4.26000022888184	6321400	4.28999996185303	4.19999980926514	4.21999979019165	4.26000022888184	4871500	4.32999992370605	4.21999979019165	4.26999998092651	4.30999994277954	3953800	4.36999988555908	4.28999996185303	4.28999996185303	4.34000015258789	2389600	4.36999988555908	4.30999994277954	4.3600001335144	4.32999992370605	2593600	4.36999988555908	4.28999996185303	4.34999990463257	4.30999994277954	3337900	4.32999992370605	4.26999998092651	4.30999994277954	4.30999994277954	2448400	4.28999996185303	4.23999977111816	4.28999996185303	4.23999977111816	2760200	4.23999977111816	4.17000007629395	4.23000001907349	4.21999979019165	2168600	4.25	4.15000009536743	4.19999980926514	4.25	1519200	4.28999996185303	4.21999979019165	4.25	4.26999998092651	1785100	4.32999992370605	4.26999998092651	4.28999996185303	4.28999996185303	1415300	4.32999992370605	4.28000020980835	4.28999996185303	4.32000017166138																																			
2024-11-18	2024-11-18	ZETA	Zeta Global Holdings Corp.	Steinberg David	CEO, 10%	P - Purchase	19.24	53676	3,526,230	+2%	+$1,032,726	1032726.24	11:43:24	0	18986400	20.1200008392334	18.2800006866455	18.6000003814697	19.5799999237061	14872900	22.0799999237061	19.6499996185303	20.0599994659424	22.0200004577637	24990000	25.7000007629395	22.4500007629395	22.8500003814697	23.1100006103516	11737100	23.2600002288818	21.2199993133545	23.0699996948242	21.7199993133545	10581200	22.5	20.6700000762939	20.8400001525879	22.3799991607666	11128000	22.9799995422363	20.8799991607666	22.9099998474121	21.2700004577637	9760300	21.8500003814697	19.9799995422363	21.2000007629395	20.0400009155273	8328800	20.5699996948242	19.6100006103516	20.1399993896484	20.2000007629395	5669600	21.7299995422363	20.7099990844727	20.7399997711182	21.2999992370606	15765100	24.8600006103516	21.1299991607666	21.2999992370606	24.0100002288818	12099700	25.9599990844727	23.0200004577637	23.2399997711182	23.9300003051758	13797800	27.7900009155273	24.2299995422363	24.2399997711182	26.3099994659424	9354200	26.7430000305176	25.1499996185303	26.3299999237061	25.7900009155273	6105100	26.9400005340576	25.4500007629395	25.9400005340576	26.1800003051758	11972300	26.1200008392334	22.7999992370606	26.1000003814697	22.9699993133545	9790100	23.2590007781982	21.3850002288818	22	21.4599990844727	8553000	21.8700008392334	20.8600006103516	21.2999992370606	21.5300006866455	6838900	22.4099998474121	20.7900009155273	20.9200000762939	21.7299995422363	5929800	22.8600006103516	21.371000289917	21.4500007629395	22.3199996948242	5967200	22.2000007629395	21.1299991607666	21.8199996948242	21.5300006866455	6904100	21.5799999237061	20.1700000762939	20.8799991607666	20.3400001525879	8081800	20.7999992370605	18.8700008392334	20.1000003814697	19.3400001525879	7833100	20.1399993896484	18.7999992370605	19.3999996185303	19.0699996948242	8653600	19.5400009155273	18.5400009155273	18.7000007629395	19.3999996185303	5595200	19.4400005340576	18.4799995422363	19.3199996948242	18.7299995422363	3116000	18.9200000762939	18.0699996948242	18.3600006103516	18.7399997711182	4217400	19.2000007629395	18.3700008392334	18.5100002288818	18.9699993133545	10786800	18.75	17.1800003051758	18.6800003051758	17.6700000762939	5776600	18.2600002288818	17.2110004425049	17.3700008392334	18.0599994659424	6754600	18.3400001525879	17.3400001525879	18.1499996185303	17.9899997711182	5249800	19.3400001525879	17.9200000762939	18.1800003051758	18.7399997711182	5094100	19.4500007629395	18.2199993133545	18.7299995422363	18.6100006103516	3589200	19.1100006103516	18.0949993133545	18.7600002288818	18.9799995422363	3733600	19.1200008392334	17.7299995422363	19.0400009155273	18.1800003051758	4168800	18.6499996185303	17.6200008392334	18.1499996185303	18.4799995422363	4657300	17.9300003051758	17.2600002288818	17.8299999237061	17.3299999237061	4439300	17.2900009155273	16.5	16.7299995422363	17.1700000762939	2720200	17.6200008392334	16.8700008392334	17.2999992370605	17.2000007629395	5108000	18.3799991607666	17.3799991607666	17.9699993133545	17.8899993896484	5183800	19.3700008392334	18.2199993133545	18.2399997711182	18.8099994659424																																													
2024-11-15	2024-11-13	AMRC	Ameresco, Inc.	Sakellaris George P	Pres, CEO, 10%	P - Purchase	26.54	25000	2,153,638	+1%	+$663,500	663500	16:38:47	2	379000	28.0900001525879	25.7700004577637	27.1000003814697	26.2800006866455	400800	27.3299999237061	25.6700000762939	26.4099998474121	26.7800006866455	354600	27.2000007629395	25.3199996948242	27.2000007629395	25.4899997711182	386600	28.3199996948242	26.6499996185303	27.3899993896484	26.6700000762939	271000	26.9799995422363	26.1599998474121	26.3700008392334	26.5300006866455	253900	27.1599998474121	26.2299995422363	26.6700000762939	26.75	292300	27.2199993133545	26.0300006866455	26.6700000762939	26.1299991607666	286100	26.5400009155273	25.6599998474121	26.1499996185303	26.3700008392334	451300	28.4899997711182	26.9400005340576	27.3199996948242	27.2000007629395	317900	27.0900001525879	25.8999996185303	26.8099994659424	26.1900005340576	318100	29	26.9200000762939	26.9200000762939	28.5300006866455	234900	29.5699996948242	28.0400009155273	28.8400001525879	28.1700000762939	336600	29.0499992370606	27.8999996185303	28.25	28.7099990844727	374300	28.7800006866455	27.6100006103516	28.4799995422363	28.1299991607666	295600	28.8299999237061	27.6299991607666	28.3500003814697	27.8400001525879	240800	28.5400009155273	27.1800003051758	27.9699993133545	27.2999992370606	178400	27.9300003051758	27.0900001525879	27.8299999237061	27.7800006866455	344700	28.6499996185303	27.0900001525879	27.8700008392334	27.1700000762939	331300	27.5699996948242	26	26.8700008392334	26.5900001525879	326100	27.1499996185303	25.8799991607666	26.9599990844727	25.9099998474121	298800	26.0499992370606	25.0699996948242	25.7600002288818	25.1599998474121	225000	25.4200000762939	24.5300006866455	25.0900001525879	25	295500	25.3500003814697	24.1000003814697	24.7199993133545	24.3099994659424	319500	24.5699996948242	23.75	24	23.920000076294	308400	25.2000007629395	22.4899997711182	23.9899997711182	22.8999996185303	376000	23.2800006866455	21.8899993896484	23.2800006866455	22.1000003814697	560500	22.9799995422363	21.7600002288818	21.7900009155273	22.3500003814697	243700	22.9699993133545	22.1499996185303	22.3500003814697	22.8500003814697	148800	23.5400009155273	22.5	22.9899997711182	23.5300006866455	213100	23.9400005340576	22.8999996185303	23.2199993133545	23.4699993133545	376400	23.6100006103516	22.6900005340576	23.1800003051758	23.1800003051758	347700	23.2299995422363	22.4400005340576	22.8700008392334	22.9699993133545	375000	23.6000003814697	23.0900001525879	23.1800003051758	23.4799995422363	329900	25.3799991607666	23.9500007629395	23.9500007629395	25.1399993896484	415300	27.5799999237061	25.4400005340576	25.5599994659424	27.5100002288818	282100	28.8700008392334	27.8400001525879	28.0499992370606	27.9099998474121	228100	28.5900001525879	27.3400001525879	28.2000007629395	28.1700000762939	193600	27.7299995422363	26.4599990844727	27.6200008392334	27.1000003814697	226200	26.7199993133545	25.2999992370606	26.6900005340576	25.6700000762939	531600	25.4200000762939	23.5300006866455	25.4200000762939	24.1900005340576																																													
2024-11-14	2024-11-12	BH	Biglari Holdings Inc.	Biglari, Sardar	COB, CEO, 10%	P - Purchase	316.87	18215	1,515,108	+1%	+$5,771,814	5771787.05	19:33:45	2	9300	187	171.940002441406	174.699996948242	185.479995727539	14600	205	186.830001831055	186.830001831055	204	14600	215.059997558594	202.009994506836	204.039993286133	212.160003662109	18800	214.779998779297	204.940002441406	214.119995117188	210	20000	215	189.210006713867	210.110000610352	210	10700	211.899993896484	205	209.559997558594	209.029998779297	6900	213.5	209.929992675781	210	210.610000610352	7900	213.949996948242	200.009994506836	209.639999389648	208.5	4400	208.490005493164	203.809997558594	208.490005493164	206.410003662109	7900	211.690002441406	205.149993896484	208.880004882813	206.979995727539	5600	208	201.029998779297	205.880004882812	206.860000610352	9700	217.690002441406	204.309997558594	207.440002441406	215	1500	216	208.710006713867	214.330001831055	210.429992675781	11200	219.5	208.389999389648	212.429992675781	216.039993286133	16300	226.300003051758	216.929992675781	217.729995727539	224	6500	228.979995727539	221.460006713867	224	224.179992675781	10700	231.5	219.520004272461	228.050003051758	230	12500	236.509994506836	225	232.279998779297	229.669998168945	4400	233.660003662109	226.240005493164	229.970001220703	226.309997558594	6300	232.490005493164	224	230.270004272461	228.600006103516	6200	234.600006103516	228.5	231.710006713867	230.789993286133	6100	239.679992675781	230.669998168945	234.490005493164	236.100006103516	3200	239.660003662109	230.820007324219	238.710006713867	230.830001831055	6600	244.270004272461	220.75	231.009994506836	236.240005493164	16800	265.730010986328	232.100006103516	235	256.690002441406	9700	262.450012207031	235.899993896484	256.040008544922	236.410003662109	45300	254.990005493164	232.339996337891	236.869995117188	243.699996948242	100600	253.130004882813	234.009994506836	238.919998168945	250.679992675781	27200	258.989990234375	248	250.339996337891	253.589996337891	11300	266.929992675781	255.199996948242	255.369995117188	264.549987792969	8300	271.350006103516	260.459991455078	262.589996337891	262.920013427734	10700	266.989990234375	252.619995117188	259.140014648438	257.200012207031	8900	262.980010986328	249.589996337891	249.699996948242	256	24300	262.690002441406	251.869995117188	255.759994506836	254.289993286133	11100	257.079986572266	244.979995727539	254.289993286133	249.960006713867	32500	269	244.699996948242	247.600006103516	257.760009765625	7200	260	248.050003051758	257.679992675781	248.169998168945	19100	248.199996948242	229.740005493164	245.520004272461	236.399993896484	8100	234	227.229995727539	233.070007324219	228.110000610352	10500	228.929992675781	214.179992675781	224.339996337891	218.160003662109																																													
2024-11-14	2024-11-12	NRDY	Nerdy Inc.	Cohn Charles K.	CEO, 10%	P - Purchase	0.9	8338206	44,254,500	+23%	+$7,476,003	7504385.4	18:24:32	2	1807300	0.939999997615814	0.879999995231628	0.889999985694885	0.899999976158142	1857500	0.899999976158142	0.791999995708466	0.889999985694885	0.819000005722046	1594600	0.915000021457672	0.810000002384186	0.819999992847443	0.841000020503998	4548400	0.990000009536743	0.856000006198883	0.899999976158142	0.955999970436096	2576000	1.01800000667572	0.910000026226044	0.954999983310699	1	6453700	1.27999997138977	1.00999999046326	1.02999997138977	1.25999999046326	2516400	1.27999997138977	1.12999999523163	1.19000005722046	1.25	1599300	1.35000002384186	1.21000003814697	1.24000000953674	1.32000005245209	3597800	1.46000003814697	1.32000005245209	1.36000001430511	1.39999997615814	2638900	1.49500000476837	1.3400000333786	1.45000004768372	1.38999998569489	2799000	1.55999994277954	1.38999998569489	1.42999994754791	1.47000002861023	1273300	1.5	1.37000000476837	1.49000000953674	1.37999999523163	3453700	1.6599999666214	1.42200005054474	1.44000005722046	1.58000004291534	2386100	1.69000005722046	1.50499999523163	1.62000000476837	1.52999997138977	1663700	1.58000004291534	1.44000005722046	1.52999997138977	1.49000000953674	2115200	1.62999999523163	1.48500001430511	1.60000002384186	1.52999997138977	3257800	1.60000002384186	1.38999998569489	1.52999997138977	1.54999995231628	2740400	1.70500004291534	1.50499999523163	1.54999995231628	1.61000001430511	3844400	1.91999995708466	1.63999998569489	1.71000003814697	1.63999998569489	5314200	2	1.66499996185303	1.75999999046326	1.70000004768372	2375300	1.79999995231628	1.53999996185303	1.75	1.60000002384186	2768200	1.69000005722046	1.5349999666214	1.67999994754791	1.60000002384186	9372800	1.79999995231628	1.45500004291534	1.60000002384186	1.74000000953674	8083900	2.04999995231628	1.58000004291534	1.69000005722046	1.89999997615814	2375000	2.1800000667572	1.82000005245209	2.04999995231628	1.85000002384186	2552500	2	1.67999994754791	1.86000001430511	1.71000003814697	2521800	1.78999996185303	1.58000004291534	1.72000002861023	1.60000002384186	2357500	1.73000001907349	1.52999997138977	1.58000004291534	1.71000003814697	969000	1.76999998092651	1.63499999046326	1.74000000953674	1.69000005722046	427900	1.69000005722046	1.63100004196167	1.6599999666214	1.69000005722046	1068400	1.75	1.62999999523163	1.6599999666214	1.75	1214900	1.79499995708466	1.62999999523163	1.75999999046326	1.67999994754791	1133700	1.67999994754791	1.55999994277954	1.64999997615814	1.64999997615814	1002000	1.71800005435944	1.58000004291534	1.67999994754791	1.62000000476837	1085500	1.64999997615814	1.53999996185303	1.62000000476837	1.57000005245209	1148400	1.6599999666214	1.54499995708466	1.5900000333786	1.62999999523163	3589900	1.97000002861023	1.69099998474121	1.70000004768372	1.94000005722046	1806600	1.94000005722046	1.75999999046326	1.92999994754791	1.78999996185303	1064700	1.75	1.61000001430511	1.74000000953674	1.67999994754791	920800	1.64499998092651	1.57000005245209	1.62999999523163	1.5900000333786																																													
2024-11-13	2024-11-13	EXAS	Exact Sciences Corp	Conroy Kevin T	Pres, CEO	P - Purchase	51.35	19500	1,414,311	+1%	+$1,001,325	1001325	12:56:28	0	7092400	52.3199996948242	49.2400016784668	50.2400016784668	50.7299995422363	3142300	51.689998626709	49.1699981689453	50.0999984741211	50.9300003051758	2492700	50.9599990844727	48.7200012207031	50.9000015258789	49.3300018310547	2439100	50	48.8199996948242	48.9799995422363	49.5400009155274	2889100	54.5499992370606	49.2900009155274	49.4700012207031	53.9199981689453	2141800	54.3899993896484	51.7099990844727	54.1399993896484	52.7000007629395	2578300	54.060001373291	52.1699981689453	52.7700004577637	53.0699996948242	2005500	54.2599983215332	52.7900009155274	53.3199996948242	52.9099998474121	3100700	55.3800010681152	52.810001373291	53.0999984741211	55.1399993896484	5857200	61.2200012207031	57.7999992370606	60.2999992370606	60.0999984741211	2495300	61.9500007629395	59.8699989318848	60.4099998474121	61.689998626709	1254800	62.2799987792969	61.1500015258789	61.3699989318848	62.0800018310547	1801700	61.8499984741211	60.1100006103516	61.1599998474121	61.689998626709	2556600	62.2599983215332	60.5200004577637	61.5699996948242	60.560001373291	2630600	64.5599975585938	60.6199989318848	61.0099983215332	64.1399993896484	1903300	64.7699966430664	62.0200004577637	63.5299987792969	62.6100006103516	2263300	64.3199996948242	62.25	62.7400016784668	62.4599990844727	1343900	63.8400001525879	61.7999992370606	62.6199989318848	61.7999992370606	1512700	63.2099990844727	61.2799987792969	62.0299987792969	61.5800018310547	1770500	63.8899993896484	61.7299995422363	61.9700012207031	63.1599998474121	2233900	64.5500030517578	62.4799995422363	63.2000007629395	62.5099983215332	1482100	63.0999984741211	60.6100006103516	62.4099998474121	61.25	1694700	61.9199981689453	60.2299995422363	61.3800010681152	60.75	2310200	62.1500015258789	60.189998626709	60.9799995422363	60.3699989318848	2095500	60.6199989318848	57.189998626709	60.0699996948242	57.3800010681152	2059000	57.439998626709	55.6500015258789	57.2700004577637	56.1100006103516	3273800	59.7000007629395	55.9799995422363	56.0400009155273	59.4000015258789	924800	59.5499992370606	58.2099990844727	59.0299987792969	58.9300003051758	485100	58.9500007629395	57.6399993896484	58.2099990844727	58.1100006103516	951100	58.6599998474121	57.2900009155273	57.8600006103516	57.4799995422363	1069000	58	57.0099983215332	57.2700004577637	57.5499992370606	1351100	57.2299995422363	55.6100006103516	57.1599998474121	56.2000007629395	798900	57.1100006103516	55.939998626709	56.7200012207031	56.189998626709	1266900	58.7999992370606	56.2999992370606	57.5099983215332	56.9300003051758	1463300	57.5900001525879	56.4300003051758	57.2799987792969	57.25	1661800	58.3899993896484	57.2900009155273	57.7599983215332	57.7999992370606	2310800	59.9500007629395	56.939998626709	58.6199989318848	57.0999984741211	2499500	57.310001373291	54.7400016784668	56.9799995422363	56.6800003051758	2458000	56.6300010681152	54.9300003051758	56.0200004577637	56.5																																																		
2024-11-12	2024-11-07	HTLD	Heartland Express Inc	Gerdin Michael J	CEO, 10%	P - Purchase	11.98	46911	31,803,935	0%	+$561,880	561993.78	08:53:07	5	507700	12.3800001144409	11.9700002670288	12.289999961853	12.0500001907349	436700	12.1300001144409	11.8800001144409	12.0299997329712	11.9899997711182	330700	12.3900003433228	12.0600004196167	12.0600004196167	12.210000038147	1238600	12.5900001525879	11.9799995422363	12.2399997711182	12.5699996948242	743500	12.789999961853	12.3900003433228	12.75	12.6400003433228	471500	12.8500003814697	12.3800001144409	12.710000038147	12.4200000762939	810800	12.5100002288818	12.1499996185303	12.5100002288818	12.1999998092651	389900	12.3400001525879	12.1199998855591	12.2200002670288	12.2600002288818	265300	12.289999961853	12.0299997329712	12.1899995803833	12.2600002288818	398200	12.3000001907349	11.9399995803833	12.25	12.1899995803833	301500	12.3699998855591	12.1400003433228	12.3699998855591	12.2200002670288	335900	12.4700002670288	12.1999998092651	12.2700004577637	12.3699998855591	426400	12.8500003814697	12.4499998092651	12.4499998092651	12.5200004577637	381200	12.75	12.3999996185303	12.5100002288818	12.6499996185303	364700	12.7700004577637	12.4899997711182	12.6700000762939	12.5600004196167	128100	12.8000001907349	12.5900001525879	12.6000003814697	12.7700004577637	392600	12.7799997329712	12.4799995422363	12.7799997329712	12.7200002670288	241100	12.7600002288818	12.460000038147	12.7600002288818	12.4899997711182	315300	12.6300001144409	12.2299995422363	12.4700002670288	12.460000038147	245400	12.4700002670288	12.0900001525879	12.4700002670288	12.1899995803833	224200	12.3199996948242	11.8900003433228	12.3100004196167	11.9499998092651	283300	12.1999998092651	11.9499998092651	11.9499998092651	11.9799995422363	361800	12.1800003051758	11.789999961853	12	12.0200004577637	371800	12.1800003051758	12.0100002288818	12.0299997329712	12.0200004577637	363700	12.0699996948242	11.8299999237061	12	11.9899997711182	233400	11.9899997711182	11.7700004577637	11.9399995803833	11.7799997329712	308600	11.8299999237061	11.6499996185303	11.7299995422363	11.7600002288818	359100	11.8199996948242	11.6800003051758	11.6999998092651	11.7200002670288	687100	11.8599996566772	11.3999996185303	11.8100004196167	11.4899997711182	355900	11.789999961853	11.3900003433228	11.6199998855591	11.5699996948242	1587300	11.5799999237061	11.1499996185303	11.4899997711182	11.2600002288818	393000	11.3699998855591	10.960000038147	11.1999998092651	11.0799999237061	167500	11.1599998474121	10.9399995803833	11.0799999237061	11.1300001144409	170100	11.1599998474121	10.960000038147	11.0299997329712	11.1400003433228	213200	11.1700000762939	10.8999996185303	11.0600004196167	11.1300001144409	266700	11.1599998474121	10.9300003051758	11.1000003814697	11.1000003814697	240800	11.25	11.1099996566772	11.1099996566772	11.2200002670288	304000	11.3100004196167	10.960000038147	11.3000001907349	10.960000038147	291800	11.1800003051758	10.8800001144409	11.0299997329712	11.1800003051758	363400	11.3199996948242	11.0299997329712	11.2399997711182	11.039999961853	418100	11.0500001907349	10.6999998092651	11.0500001907349	10.8500003814697	341600	10.8800001144409	10.6300001144409	10.7700004577637	10.8100004196167	372300	10.7299995422363	10.5900001525879	10.6300001144409	10.6999998092651																														
2024-11-06	2024-11-04	HTLD	Heartland Express Inc	Gerdin Michael J	CEO, 10%	P - Purchase	10.99	68284	31,757,024	0%	+$750,246	750441.16	18:28:25	2	383300	11.0500001907349	10.8100004196167	10.8100004196167	10.8999996185303	363800	11.0100002288818	10.8199996948242	10.9099998474121	10.8800001144409	669800	11.9899997711182	11.1400003433228	11.2600002288818	11.8800001144409	507700	12.3800001144409	11.9700002670288	12.289999961853	12.0500001907349	436700	12.1300001144409	11.8800001144409	12.0299997329712	11.9899997711182	330700	12.3900003433228	12.0600004196167	12.0600004196167	12.210000038147	1238600	12.5900001525879	11.9799995422363	12.2399997711182	12.5699996948242	743500	12.789999961853	12.3900003433228	12.75	12.6400003433228	471500	12.8500003814697	12.3800001144409	12.710000038147	12.4200000762939	810800	12.5100002288818	12.1499996185303	12.5100002288818	12.1999998092651	389900	12.3400001525879	12.1199998855591	12.2200002670288	12.2600002288818	265300	12.289999961853	12.0299997329712	12.1899995803833	12.2600002288818	398200	12.3000001907349	11.9399995803833	12.25	12.1899995803833	301500	12.3699998855591	12.1400003433228	12.3699998855591	12.2200002670288	335900	12.4700002670288	12.1999998092651	12.2700004577637	12.3699998855591	426400	12.8500003814697	12.4499998092651	12.4499998092651	12.5200004577637	381200	12.75	12.3999996185303	12.5100002288818	12.6499996185303	364700	12.7700004577637	12.4899997711182	12.6700000762939	12.5600004196167	128100	12.8000001907349	12.5900001525879	12.6000003814697	12.7700004577637	392600	12.7799997329712	12.4799995422363	12.7799997329712	12.7200002670288	241100	12.7600002288818	12.460000038147	12.7600002288818	12.4899997711182	315300	12.6300001144409	12.2299995422363	12.4700002670288	12.460000038147	245400	12.4700002670288	12.0900001525879	12.4700002670288	12.1899995803833	224200	12.3199996948242	11.8900003433228	12.3100004196167	11.9499998092651	283300	12.1999998092651	11.9499998092651	11.9499998092651	11.9799995422363	361800	12.1800003051758	11.789999961853	12	12.0200004577637	371800	12.1800003051758	12.0100002288818	12.0299997329712	12.0200004577637	363700	12.0699996948242	11.8299999237061	12	11.9899997711182	233400	11.9899997711182	11.7700004577637	11.9399995803833	11.7799997329712	308600	11.8299999237061	11.6499996185303	11.7299995422363	11.7600002288818	359100	11.8199996948242	11.6800003051758	11.6999998092651	11.7200002670288	687100	11.8599996566772	11.3999996185303	11.8100004196167	11.4899997711182	355900	11.789999961853	11.3900003433228	11.6199998855591	11.5699996948242	1587300	11.5799999237061	11.1499996185303	11.4899997711182	11.2600002288818	393000	11.3699998855591	10.960000038147	11.1999998092651	11.0799999237061	167500	11.1599998474121	10.9399995803833	11.0799999237061	11.1300001144409	170100	11.1599998474121	10.960000038147	11.0299997329712	11.1400003433228	213200	11.1700000762939	10.8999996185303	11.0600004196167	11.1300001144409	266700	11.1599998474121	10.9300003051758	11.1000003814697	11.1000003814697	240800	11.25	11.1099996566772	11.1099996566772	11.2200002670288	304000	11.3100004196167	10.960000038147	11.3000001907349	10.960000038147	291800	11.1800003051758	10.8800001144409	11.0299997329712	11.1800003051758																																			
2024-11-04	2024-11-01	CMCO	Columbus McKinnon Corp	Wilson David J.	Pres, CEO	P - Purchase	32.02	31300	161,702	+24%	+$1,002,155	1002226	18:32:36	3	354000	32.4099998474121	31.5499992370606	31.8500003814697	31.9599990844727	309100	32.689998626709	31.3700008392334	31.9099998474121	31.420000076294	544600	33.8199996948242	31.8600006103516	32.9300003051758	33.6300010681152	488300	36.75	35.1199989318848	36.25	36.2799987792969	358400	36.8199996948242	35.9000015258789	36.2400016784668	36.5699996948242	230700	36.5699996948242	35.7799987792969	36.2000007629395	36.2999992370606	190600	37.1399993896484	36.5099983215332	36.7299995422363	37.0999984741211	397600	37.689998626709	36.3300018310547	36.9599990844727	37.3199996948242	341500	38.0400009155273	37.2999992370606	37.4700012207031	37.5999984741211	326600	37.8400001525879	36.8300018310547	37.5699996948242	37.4300003051758	292500	37.810001373291	36.8699989318848	37.6800003051758	37.1399993896484	212800	37.2099990844727	36.689998626709	37.0499992370605	36.7099990844727	161200	36.2599983215332	35.7000007629395	36.0999984741211	35.9700012207031	99100	36.0200004577637	35.3600006103516	35.7900009155273	36.0099983215332	177800	37.2099990844727	36.060001373291	36.2099990844727	37.1399993896484	212200	38.7900009155273	36.8800010681152	37.4000015258789	38.5299987792969	268300	40.5200004577637	39.0200004577637	39.0200004577637	39.9900016784668	241000	39.7999992370606	38.7799987792969	39.5	38.8699989318848	230600	39.5999984741211	38.9199981689453	38.9199981689453	39.0999984741211	160200	39.6699981689453	39.0200004577637	39.1699981689453	39.2900009155273	188100	39.6800003051758	38.9199981689453	39.1599998474121	39.0999984741211	280500	39.1500015258789	38.3600006103516	39.1500015258789	38.9700012207031	222500	39.7200012207031	39	39	39.5699996948242	301900	39.8600006103516	39.0699996948242	39.5	39.6500015258789	271400	39.9599990844727	39.4700012207031	39.9599990844727	39.7099990844727	344700	41.0499992370606	39.9000015258789	39.9900016784668	40.5900001525879	338400	40.7599983215332	39.6300010681152	40.3400001525879	40.189998626709	216700	40.8699989318848	40.2200012207031	40.7999992370605	40.3499984741211	244800	40.3899993896484	39.0499992370606	40.1300010681152	39.0499992370606	178900	39.1699981689453	38.5	38.9700012207031	38.9000015258789	186500	39.2599983215332	38.3499984741211	38.7200012207031	38.7599983215332	202100	38.9000015258789	38.189998626709	38.5400009155273	38.4300003051758	605300	39.1500015258789	36.8300018310547	38.6599998474121	37.1699981689453	314000	37.7400016784668	36.2700004577637	37.4599990844727	36.6399993896484	331600	37.3199996948242	35.8600006103516	36.3300018310547	36.560001373291	164300	36.7299995422363	36.25	36.5299987792969	36.5999984741211	65500	37.2799987792969	36.5999984741211	36.9799995422363	37.2799987792969	100400	38.0499992370606	36.9199981689453	37.0800018310547	37.9700012207031	199900	38.310001373291	37.189998626709	37.6699981689453	37.439998626709	151000	37.5499992370606	36.4099998474121	37.1300010681152	37.2999992370606	92300	37.9700012207031	37.1300010681152	37.5400009155273	37.2400016784668	167700	37.7799987792969	36.75	37.6500015258789	36.939998626709																																			
2024-10-28	2024-10-25	CSGP	Costar Group, Inc.	Florance Andrew C	Pres, CEO	P - Purchase	74.67	14731	1,263,098	+1%	+$1,099,966	1099963.77	17:13:24	3	4795600	75.620002746582	73.8600006103516	74.3899993896484	74.4800033569336	5792000	75.4700012207031	73.4899978637695	74.9700012207031	74.3099975585938	2984600	75.6100006103516	73.1999969482422	75.2200012207031	73.2399978637695	2447900	74.2900009155274	73.0899963378906	73.3000030517578	73.4599990844727	2342900	74.1800003051758	72.7900009155274	73.4199981689453	72.7900009155274	1926900	73.75	71.9599990844727	72.7099990844727	72.5	2681400	74.4100036621094	72.6800003051758	72.6900024414063	73.8300018310547	2419200	75.9100036621094	73.7099990844727	74.0199966430664	75.3399963378906	3496900	76.9899978637695	74.3499984741211	76.8899993896484	74.870002746582	2602600	76.9100036621094	74.7399978637695	74.8000030517578	76.3000030517578	2277900	77.6399993896484	76.4899978637695	76.5	77.3899993896484	3044900	78	75.8499984741211	77.8600006103516	75.870002746582	2535000	76.1600036621094	75.1100006103516	75.6999969482422	75.4100036621094	1736600	76.3300018310547	75.3399963378906	75.4599990844727	75.7699966430664	2697500	76.3600006103516	74.8499984741211	75.4599990844727	75.0400009155274	3569600	74.9800033569336	71.0599975585938	74.9599990844727	71.25	3527400	73.4700012207031	70.7699966430664	71.3499984741211	73.3499984741211	2026200	73.3000030517578	71.9599990844727	72.870002746582	72.0899963378906	4391300	76.4599990844727	71.5100021362305	71.5199966430664	76.2699966430664	2001100	77.1999969482422	74.9000015258789	76.8199996948242	77	3842500	80.6100006103516	76.9000015258789	76.9000015258789	79.8099975585938	3044900	81.75	79.8000030517578	80.870002746582	80.2799987792969	1913800	81.1399993896484	79.4800033569336	80.4100036621094	79.9199981689453	1754000	82.2300033569336	80.1699981689453	80.5299987792969	81.9700012207031	1063000	82.4899978637695	81.0999984741211	82.3600006103516	81.3399963378906	1550800	81.2300033569336	79.9199981689453	80.6999969482422	80.0699996948242	1524300	80.6399993896484	79.0899963378906	79.2699966430664	80.1500015258789	2079100	80.8499984741211	79.5800018310547	80.1699981689453	79.75	3286600	79.4899978637695	74.3600006103516	79.379997253418	77.0299987792969	2480700	78.3600006103516	77.0400009155274	77.4000015258789	77.3199996948242	2335800	79.1100006103516	77.0599975585938	77.3600006103516	78.6500015258789	2003200	78.4599990844727	76.0800018310547	78.4599990844727	76.4300003051758	1673600	78.129997253418	76.8899993896484	77.1399993896484	77.5800018310547	1533100	78.5199966430664	76.9100036621094	77.7200012207031	78.25	2325200	78.120002746582	74.5899963378906	77.6900024414063	75.0699996948242	2370900	77	74.370002746582	75.0500030517578	75.2200012207031	2823100	76.4499969482422	73.0800018310547	74.7600021362305	73.129997253418	4020400	74.2600021362305	70.7600021362305	73.120002746582	70.7699966430664	3860800	72.0999984741211	69.75	70.6500015258789	69.8399963378906	7036000	71.8600006103516	69.6100006103516	69.8899993896484	71.4400024414063	2637900	72.8600006103516	70.1100006103516	70.120002746582	72.7399978637695	1159700	73	71.9300003051758	72.3300018310547	72.9499969482422	1293000	73.5199966430664	71.8000030517578	72.379997253418	73.0999984741211																														
2024-10-25	2024-10-25	INGM	Ingram Micro Holding Corp	Bay Paul D	CEO	P - Purchase	22	45500	409,763	+12%	+$1,001,000	1001000	16:37:19	0	1185900	24.7999992370606	23.951000213623	24.6100006103516	24.25	506800	24.8600006103516	24.0100002288818	24.7000007629395	24.0100002288818	547100	24.1100006103516	23.0100002288818	24	24	380700	24.4500007629395	23.7999992370606	23.8199996948242	24.1299991607666	450700	24.7800006866455	23.9400005340576	24.3799991607666	24.25	292200	24.4699993133545	24	24.3999996185303	24.2199993133545	141600	24.1749992370606	23.5100002288818	24.1100006103516	23.5799999237061	121300	24.0300006866455	23.3199996948242	23.3199996948242	24.0300006866455	253200	24.5	24.0300006866455	24.5	24.3400001525879	152900	24.3400001525879	23.5699996948242	24.2299995422363	24.1800003051758	123200	24.1200008392334	23.6840000152588	24	24.0799999237061	289900	24.7600002288818	23.9249992370605	24.7600002288818	24.6100006103516	349500	24.5750007629395	23.5599994659424	24.1900005340576	24.0900001525879	231300	24.4459991455078	23.5200004577637	23.8099994659424	24	178000	24.1499996185303	23.4699993133545	23.8999996185303	23.4699993133545	235500	23.3640003204346	22.25	23.2800006866455	22.75	505000	23.1499996185303	22.0069999694824	22.8500003814697	22.7700004577637	195200	23.1979999542236	22.6399993896484	22.6399993896484	22.7800006866455	241700	22.5949993133545	21.8400001525879	22.5499992370606	21.8899993896484	226200	22.0699996948242	21.25	21.9899997711182	21.4699993133545	486700	22.0100002288818	21.1399993896484	21.5	22	281400	22.3099994659424	21.3799991607666	21.9099998474121	22.1599998474121	349000	22.0799999237061	21.5799999237061	21.8299999237061	21.8199996948242	882400	22.5699996948242	21.5100002288818	21.5100002288818	22.5300006866455	393600	24.25	22.5599994659424	22.5599994659424	23.8199996948242	251900	23.8479995727539	22.8099994659424	23.7000007629395	23.3099994659424	156200	23.5	22.6000003814697	23.1399993896484	23.1000003814697	449100	23.5970001220703	22.6900005340576	23.4500007629395	22.7800006866455	195000	23.1299991607666	22.3700008392334	22.7099990844727	23.0200004577637	215200	23.4599990844727	22.7099990844727	23.1800003051758	22.8999996185303	210400	23.2399997711182	22.2999992370605	22.8999996185303	22.4699993133545	268200	22.6299991607666	21.6100006103516	22.5599994659424	21.7000007629395	315000	22.4599990844727	21.5	21.7099990844727	22.1200008392334	209200	22.2900009155273	21.5400009155273	21.9500007629395	21.6000003814697	277500	21.7700004577637	21.0400009155273	21.6000003814697	21.1000003814697	251900	21.7000007629395	20.8299999237061	21.0100002288818	21.0499992370605	254000	21.3500003814697	20.6100006103516	21	20.9400005340576	383800	21.3400001525879	19.1900005340576	20.7299995422363	19.7399997711182	319800	20.2649993896484	19.1900005340576	19.75	19.7900009155273	1271500	20.5	19.2900009155273	20	19.8799991607666	270000	20.5	19.5100002288818	19.8799991607666	20.2399997711182																																								
2024-10-25	2024-10-22	RMCF	Rocky Mountain Chocolate Factory, Inc.	Geygan Jeffrey Richart	Interim CEO, 10%	P - Purchase	2.66	508054	1,822,766	+39%	+$1,352,749	1351423.64	16:00:05	3	8300	2.60999989509583	2.35999989509583	2.38000011444092	2.42000007629395	388900	2.8199999332428	2.40000009536743	2.66000008583069	2.75	446600	2.78999996185303	2.55999994277954	2.75	2.76999998092651	216800	3.49000000953674	3.01999998092651	3.08999991416931	3.1800000667572	69000	3.25	2.79999995231628	3.25	3.22000002861023	210500	3.27999997138977	2.63000011444092	3.27999997138977	2.70000004768372	58900	2.88000011444092	2.57999992370605	2.88000011444092	2.70000004768372	48100	2.70000004768372	2.5699999332428	2.67000007629395	2.63000011444092	24900	2.70000004768372	2.55999994277954	2.60999989509583	2.59999990463257	54200	2.66000008583069	2.42000007629395	2.48000001907349	2.58999991416931	33000	2.6800000667572	2.50999999046326	2.50999999046326	2.6800000667572	31200	2.70000004768372	2.60999989509583	2.65000009536743	2.64000010490418	42600	2.65000009536743	2.53999996185303	2.59999990463257	2.60999989509583	76200	2.70000004768372	2.48000001907349	2.5699999332428	2.60999989509583	23500	2.6800000667572	2.48000001907349	2.52999997138977	2.6800000667572	12500	2.6800000667572	2.57999992370605	2.63000011444092	2.58999991416931	23500	2.63000011444092	2.54999995231628	2.54999995231628	2.60999989509583	38300	2.65000009536743	2.54999995231628	2.59999990463257	2.65000009536743	11200	2.66000008583069	2.50999999046326	2.66000008583069	2.54999995231628	13100	2.66000008583069	2.54999995231628	2.55999994277954	2.55999994277954	60400	2.80999994277954	2.59999990463257	2.60999989509583	2.67000007629395	14900	2.72000002861023	2.64000010490418	2.70000004768372	2.6800000667572	27300	2.73000001907349	2.51999998092651	2.64000010490418	2.66000008583069	9500	2.72000002861023	2.50999999046326	2.70000004768372	2.65000009536743	22600	2.75	2.55999994277954	2.70000004768372	2.70000004768372	42900	2.99000000953674	2.69000005722046	2.70000004768372	2.8199999332428	53000	2.88000011444092	2.59999990463257	2.88000011444092	2.67000007629395	6600	2.76999998092651	2.67000007629395	2.76999998092651	2.70000004768372	34200	2.84999990463257	2.6800000667572	2.84999990463257	2.74000000953674	17400	2.90000009536743	2.71000003814697	2.90000009536743	2.85999989509583	25200	3.09999990463257	2.84999990463257	2.92000007629395	3.09999990463257	31800	3.13000011444092	2.91000008583069	3.11999988555908	3.00999999046326	3300	2.98000001907349	2.86999988555908	2.98000001907349	2.96000003814697	12700	2.98000001907349	2.91000008583069	2.92000007629395	2.96000003814697	10200	3.00999999046326	2.85999989509583	2.95000004768372	2.92000007629395	20900	2.88000011444092	2.73000001907349	2.84999990463257	2.8199999332428	9800	2.86999988555908	2.74000000953674	2.75999999046326	2.75999999046326	19900	2.82999992370605	2.72000002861023	2.82999992370605	2.73000001907349	25100	2.78999996185303	2.52999997138977	2.73000001907349	2.54999995231628	35600	2.63000011444092	2.51999998092651	2.54999995231628	2.54999995231628	26800	2.55999994277954	2.46000003814697	2.54999995231628	2.46000003814697	19200	2.48000001907349	2.34999990463257	2.45000004768372	2.34999990463257	8700	2.44000005722046	2.34999990463257	2.34999990463257	2.39000010490418	2000	2.48000001907349	2.4300000667572	2.44000005722046	2.4300000667572																									
2024-10-24	2024-10-24	SNYR	Synergy Chc Corp.	Ross Jack	CEO, COB, 10%	P - Purchase	9	3e+05	4,711,757	+7%	+$2,700,000	2700000	19:01:13	0	73500	9.14999961853027	8.8100004196167	8.8100004196167	9.01000022888184	48900	9.30000019073486	8.14999961853027	9.30000019073486	8.39999961853027	7300	8.8120002746582	7.42000007629395	8.75	7.61999988555908	41800	8.86999988555908	7.09999990463257	7.6100001335144	7.61999988555908	12300	8.47999954223633	7.19999980926514	7.875	7.30000019073486	20200	7.26999998092651	6.27299976348877	7.07000017166138	7.19000005722046	2800	7.21000003814697	7	7.01999998092651	7.01999998092651	18100	7.40000009536743	6.75	7.09999990463257	6.75	46500	7.94799995422363	5.69999980926514	7.53000020980835	6.5	29700	8	6.19999980926514	6.19999980926514	7.09999990463257	18000	7.49200010299683	6.5	6.5	6.5	19200	6.55000019073486	6	6.30999994277954	6.53599977493286	11000	6.57399988174439	6	6.48000001907349	6.28499984741211	15700	7.1399998664856	6	6.01000022888184	6.34999990463257	12100	6.59000015258789	5.94999980926514	6.35500001907349	6.07999992370606	13800	6.53999996185303	6	6.1399998664856	6	20500	7.40999984741211	6.09999990463257	6.19999980926514	6.3600001335144	40100	7.61999988555908	6.03000020980835	6.88000011444092	6.38000011444092	92700	6.98000001907349	5.73000001907349	6.75	5.90000009536743	35900	7.65000009536743	5.75	6.36999988555908	5.82000017166138	22900	7.03000020980835	6	6.09999990463257	6.01999998092651	37200	6.34000015258789	5.5	5.76999998092651	5.80000019073486	15600	5.8899998664856	5.63000011444092	5.82200002670288	5.8899998664856	32600	6.09999990463257	5.80000019073486	6.09000015258789	6.09999990463257	13000	6.21000003814697	5.51999998092651	6.21000003814697	6.09999990463257	3700	5.82999992370606	5.59999990463257	5.80000019073486	5.76300001144409	10500	5.75	5.5	5.65000009536743	5.69000005722046	12600	5.75	5.5	5.5	5.5	20600	5.84000015258789	5.23000001907349	5.75	5.23000001907349	11800	5.73000001907349	5.05999994277954	5.23000001907349	5.57000017166138	11400	5.8600001335144	5.13700008392334	5.65000009536743	5.53999996185303	14200	5.98999977111816	5.07999992370606	5.98999977111816	5.84999990463257	20000	5.89300012588501	5.5	5.75299978256226	5.69999980926514	6500	5.73999977111816	5.51000022888184	5.59999990463257	5.67000007629395	5700	5.71299982070923	5.30000019073486	5.57800006866455	5.59999990463257	2000	5.55000019073486	5.26999998092651	5.54300022125244	5.26999998092651	7200	5.51000022888184	5.09999990463257	5.51000022888184	5.09999990463257	10500	5.73999977111816	5.09999990463257	5.09999990463257	5.44000005722046	14100	5.5	5.1100001335144	5.31500005722046	5.23000001907349	9200	5.48999977111816	5.11999988555908	5.28000020980835	5.11999988555908	21600	5.09999990463257	4.32999992370605	5.09999990463257	4.5																																								
2024-10-24	2024-10-22	RMCF	Rocky Mountain Chocolate Factory, Inc.	Geygan Jeffrey Richart	Interim CEO, 10%	P - Purchase	2.66	508054	1,824,936	+39%	+$1,352,749	1351423.64	17:00:03	2	8300	2.60999989509583	2.35999989509583	2.38000011444092	2.42000007629395	388900	2.8199999332428	2.40000009536743	2.66000008583069	2.75	446600	2.78999996185303	2.55999994277954	2.75	2.76999998092651	216800	3.49000000953674	3.01999998092651	3.08999991416931	3.1800000667572	69000	3.25	2.79999995231628	3.25	3.22000002861023	210500	3.27999997138977	2.63000011444092	3.27999997138977	2.70000004768372	58900	2.88000011444092	2.57999992370605	2.88000011444092	2.70000004768372	48100	2.70000004768372	2.5699999332428	2.67000007629395	2.63000011444092	24900	2.70000004768372	2.55999994277954	2.60999989509583	2.59999990463257	54200	2.66000008583069	2.42000007629395	2.48000001907349	2.58999991416931	33000	2.6800000667572	2.50999999046326	2.50999999046326	2.6800000667572	31200	2.70000004768372	2.60999989509583	2.65000009536743	2.64000010490418	42600	2.65000009536743	2.53999996185303	2.59999990463257	2.60999989509583	76200	2.70000004768372	2.48000001907349	2.5699999332428	2.60999989509583	23500	2.6800000667572	2.48000001907349	2.52999997138977	2.6800000667572	12500	2.6800000667572	2.57999992370605	2.63000011444092	2.58999991416931	23500	2.63000011444092	2.54999995231628	2.54999995231628	2.60999989509583	38300	2.65000009536743	2.54999995231628	2.59999990463257	2.65000009536743	11200	2.66000008583069	2.50999999046326	2.66000008583069	2.54999995231628	13100	2.66000008583069	2.54999995231628	2.55999994277954	2.55999994277954	60400	2.80999994277954	2.59999990463257	2.60999989509583	2.67000007629395	14900	2.72000002861023	2.64000010490418	2.70000004768372	2.6800000667572	27300	2.73000001907349	2.51999998092651	2.64000010490418	2.66000008583069	9500	2.72000002861023	2.50999999046326	2.70000004768372	2.65000009536743	22600	2.75	2.55999994277954	2.70000004768372	2.70000004768372	42900	2.99000000953674	2.69000005722046	2.70000004768372	2.8199999332428	53000	2.88000011444092	2.59999990463257	2.88000011444092	2.67000007629395	6600	2.76999998092651	2.67000007629395	2.76999998092651	2.70000004768372	34200	2.84999990463257	2.6800000667572	2.84999990463257	2.74000000953674	17400	2.90000009536743	2.71000003814697	2.90000009536743	2.85999989509583	25200	3.09999990463257	2.84999990463257	2.92000007629395	3.09999990463257	31800	3.13000011444092	2.91000008583069	3.11999988555908	3.00999999046326	3300	2.98000001907349	2.86999988555908	2.98000001907349	2.96000003814697	12700	2.98000001907349	2.91000008583069	2.92000007629395	2.96000003814697	10200	3.00999999046326	2.85999989509583	2.95000004768372	2.92000007629395	20900	2.88000011444092	2.73000001907349	2.84999990463257	2.8199999332428	9800	2.86999988555908	2.74000000953674	2.75999999046326	2.75999999046326	19900	2.82999992370605	2.72000002861023	2.82999992370605	2.73000001907349	25100	2.78999996185303	2.52999997138977	2.73000001907349	2.54999995231628	35600	2.63000011444092	2.51999998092651	2.54999995231628	2.54999995231628	26800	2.55999994277954	2.46000003814697	2.54999995231628	2.46000003814697	19200	2.48000001907349	2.34999990463257	2.45000004768372	2.34999990463257	8700	2.44000005722046	2.34999990463257	2.34999990463257	2.39000010490418																														
2024-10-15	2024-10-14	MRVL	Marvell Technology, Inc.	Murphy Matthew J	COB, CEO	P - Purchase	77.63	13000	221,915	+6%	+$1,009,190	1009190	06:04:43	1	12347900	77.9199981689453	74.5500030517578	75	77.6800003051758	25056300	82.6500015258789	77.9700012207031	80.4400024414063	79.4100036621094	16355600	82.4100036621094	78.25	79.4100036621094	81.6800003051758	12989700	84.1900024414063	79.8899993896484	84.129997253418	79.9100036621094	5996000	81.0699996948242	79.5199966430664	80.4700012207031	79.8499984741211	8408700	82.9400024414063	80.5800018310547	80.7699966430664	81.8300018310547	8795100	83.6500015258789	81.1999969482422	81.1999969482422	83.3499984741211	8366400	83.3300018310547	79.7799987792969	82.9000015258789	81.8300018310547	6226300	82.879997253418	81.2200012207031	82.870002746582	81.9300003051758	6970400	83.4199981689453	81.5899963378906	82.3000030517578	81.6100006103516	6652500	83.9199981689453	81.879997253418	82.5999984741211	83.4400024414063	9883700	85.379997253418	83.0699996948242	83.4400024414063	84.870002746582	8417700	84.25	82.4899978637695	83.4300003051758	82.8000030517578	11273000	82.4499969482422	79.0500030517578	82.3000030517578	80.1100006103516	20330500	87.2799987792969	83.4400024414063	84.1999969482422	84.7699966430664	7935900	85.9100036621094	83.1100006103516	83.870002746582	84.379997253418	10233700	87.9899978637695	85.0699996948242	86.2799987792969	87.1900024414063	14695200	91.7099990844727	88.4800033569336	89.4199981689453	90.629997253418	11491100	94.0699996948242	91.6999969482422	91.7200012207031	93.9400024414063	8340000	95.0899963378906	92.9400024414062	93.5800018310547	93.8000030517578	10626600	94.2300033569336	90.3499984741211	93.5	92.25	8482400	93.8099975585938	91.5599975585937	92.25	92.7799987792969	9163000	92.8499984741211	89.75	91.4499969482422	90.0699996948242	7631900	92.4400024414063	90.1699981689453	91.870002746582	90.6999969482422	10001300	89.7900009155273	87.4800033569336	89.1399993896484	87.8300018310547	7073200	89.7799987792969	87.3600006103516	88	88.7099990844727	6784700	89.6699981689453	87.5800018310547	87.7099990844727	89.3399963378906	6532100	89.9599990844727	87.7099990844727	89.2099990844727	89.8600006103516	9535100	93.4899978637695	90.0699996948242	91.7699966430664	92.9400024414062	7455200	94.7799987792969	92.0100021362305	94.0599975585937	92.5100021362305	9986300	94.3600006103516	91.8300018310547	93.8499984741211	92.2399978637695	9016200	95.5500030517578	92.0299987792969	94	93.1399993896484	8787900	92.7099990844727	88.0100021362305	92.7099990844727	90.0999984741211	7131600	93.7799987792969	90.4199981689453	91.1800003051758	92.6900024414063	17482000	97.629997253418	94.9499969482422	97.370002746582	96.8600006103516	25015400	98.7200012207031	94.5999984741211	97.7900009155274	95.9100036621094	59995900	119.879997253418	109.569999694824	112.330001831055	118.150001525879	23963500	116.599998474121	112.099998474121	116.599998474121	113.370002746582	13782500	114.75	111.629997253418	113.480003356934	113.51000213623	17640800	112.879997253418	106.330001831055	111.720001220703	107.029998779297	13901600	108.709999084473	105	107.860000610352	106.680000305176	14798800	111.980003356934	108.480003356934	109.889999389648	111.360000610352	10190400	110.940002441406	107.919998168945	110.529998779297	109.01000213623	36722500	121.860000610352	115.099998474121	117.98999786377	120.769996643066																									
2024-10-09	2024-10-07	PLAY	Dave & Buster'S Entertainment, Inc.	Morris Christopher Daniel	CEO	P - Purchase	33.68	14912	117,917	+14%	+$502,162	502236.16	16:30:03	2	1382800	35.5099983215332	32.9099998474121	35.3499984741211	33.0200004577637	1182800	32.9700012207031	31.5900001525879	32.9500007629395	31.6000003814697	1430200	32.2999992370606	31.4400005340576	31.6599998474121	31.9500007629395	1454800	33.2000007629395	31.2849998474121	32.9500007629395	32.2299995422363	1178000	33.1800003051758	32.0699996948242	32.0800018310547	33.1699981689453	1161400	34.5400009155273	32.8940010070801	32.9799995422363	33.9599990844727	1374400	36.3800010681152	34.0499992370606	34.1100006103516	35.3300018310547	1176300	36.9000015258789	35.5900001525879	35.5900001525879	36.7999992370606	1975400	38.9049987792969	37	37	38.7700004577637	1584200	38.9900016784668	36.4199981689453	38.9900016784668	36.6199989318848	1719700	36.2849998474121	35	35.9700012207031	35.4300003051758	1330700	35.1300010681152	33.7200012207031	34.810001373291	34.5499992370605	694200	34.5999984741211	33.9199981689453	34.4300003051758	34.0699996948242	1501400	36.8899993896484	34.3199996948242	34.3600006103516	36.8600006103516	1631600	38.2400016784668	36.8699989318848	37.439998626709	37.3800010681152	1258600	39.1450004577637	37.5200004577637	37.6599998474121	39.0900001525879	1336900	40.4599990844727	38.4449996948242	38.6699981689453	39.0099983215332	678100	39.7150001525879	38.6300010681152	38.6699981689453	38.7000007629395	850600	39.0900001525879	36.9099998474121	38.5900001525879	36.9300003051758	1258100	39.5900001525879	37.3199996948242	37.4500007629395	38.560001373291	882600	39.1399993896484	37.7900009155273	38.4099998474121	38.2599983215332	794300	39.2799987792969	38	38.3199996948242	38.3800010681152	2092500	43.7299995422363	40.9799995422363	41.0200004577637	42.0200004577637	1291000	42.3400001525879	39.4099998474121	41.8300018310547	39.7599983215332	866200	39.9900016784668	38.5999984741211	39.5800018310547	39.2599983215332	1011700	40.9500007629395	39.0499992370606	39.5200004577637	40.9300003051758	1043300	41.9199981689453	40.4500007629395	40.7599983215332	40.5999984741211	796500	41.9199981689453	40.5499992370606	40.5499992370606	40.75	721700	41.6300010681152	39.0499992370606	41.2099990844727	39.2400016784668	848500	39.6500015258789	37.9799995422363	39.1800003051758	38.0099983215332	1262300	38.4900016784668	36.0299987792969	38.0200004577637	36.4000015258789	1174400	36.189998626709	34.9000015258789	35.9300003051758	35.3199996948242	2238900	34.9599990844727	33.0900001525879	34.7099990844727	34.25	1145000	35.3499984741211	33.5699996948242	33.9900016784668	34.0999984741211	797400	34.6599998474121	33.810001373291	33.810001373291	34.0499992370606	1738900	37.8600006103516	34.5099983215332	34.6199989318848	36.2999992370606	1041400	36.4599990844727	35.4000015258789	35.5200004577637	36.0800018310547	952900	38.2490005493164	36.2000007629395	36.2000007629395	37.6199989318848	750300	40.0999984741211	38	38	39.3199996948242	1748100	39.8800010681152	38.2999992370605	39.189998626709	39	922100	38.9300003051758	36.8650016784668	38.7400016784668	38.1599998474121	782300	38.7150001525879	36.810001373291	38.0299987792969	37.4300003051758	1641000	39.1699981689453	37.060001373291	38.3499984741211	37.1699981689453	1132300	38.4300003051758	36.2599983215332	37.7299995422363	36.8499984741211																									
2024-10-03	2024-10-01	NFE	New Fortress Energy Inc.	Edens Wesley R	CEO, 10%	P - Purchase	8.63	5793742	53,334,666	+12%	+$49,999,993	49999993.46	18:13:06	2	26606400	11.3190002441406	9.26000022888184	9.3100004196167	9.68000030517578	15031000	9.98999977111816	8.64000034332275	9.77000045776367	8.9399995803833	12290900	9.26000022888184	8.49499988555908	8.90999984741211	9.02999973297119	9607400	10.3299999237061	9.1899995803833	9.48999977111816	10.0900001525879	7872800	10.4499998092651	9.23999977111816	10.0900001525879	9.39000034332275	6331200	9.27000045776367	8.8149995803833	9.06999969482422	8.93000030517578	4439800	9.12899971008301	8.67000007629395	8.75	9.02999973297119	3629200	9.4350004196167	8.85000038146973	8.98999977111816	9.30000019073486	2961600	9.63000011444092	9.14999961853027	9.19999980926514	9.35999965667725	6688100	9.85999965667725	8.70499992370606	9.13000011444092	9.64999961853027	6585100	9.64500045776367	8.89999961853027	9.51000022888184	9.15999984741211	4091900	9.73700046539307	9.26000022888184	9.28999996185303	9.48999977111816	5052300	9.35999965667725	8.9399995803833	9.35000038146973	9.13000011444092	2694600	9.30000019073486	8.94999980926514	9.15999984741211	9.15999984741211	3253100	9.42000007629395	8.86999988555908	9.1899995803833	8.92000007629395	5020300	9.08500003814697	8.52000045776367	8.93000030517578	8.57999992370606	4837700	8.68000030517578	8.22000026702881	8.68000030517578	8.31999969482422	2729200	8.89999961853027	8.35000038146973	8.35000038146973	8.86999988555908	4474700	8.96000003814697	8.55500030517578	8.92000007629395	8.64000034332275	5102000	8.74499988555908	8.26000022888184	8.35999965667725	8.53999996185303	4754800	8.64999961853027	8.31999969482422	8.55000019073486	8.53999996185303	3085500	8.88500022888184	8.51000022888184	8.59000015258789	8.64999961853027	3036600	8.73999977111816	8.38000011444092	8.59000015258789	8.40999984741211	7753500	8.53999996185303	7.82000017166138	8.43000030517578	8	4915500	8.48999977111816	8.06999969482422	8.07999992370606	8.30000019073486	9357200	9.14500045776367	8.27000045776367	8.3100004196167	8.90999984741211	8541300	9.75	8.86499977111816	9.18000030517578	9.59000015258789	8108000	10.0900001525879	9.3100004196167	9.82999992370605	9.46000003814697	5242800	9.75500011444092	8.86999988555908	9.47000026702881	9.03999996185303	7850800	9.84000015258789	8.67500019073486	9.09000015258789	9.8100004196167	4461900	9.67000007629395	9.03999996185303	9.67000007629395	9.39000034332275	5785300	9.42000007629395	8.90999984741211	9.31999969482422	8.96000003814697	4009700	9.36999988555908	8.76500034332275	8.94999980926514	9.18000030517578	5714700	9.36999988555908	8.47999954223633	9.28999996185303	8.5600004196167	4944600	9.06999969482422	8.40999984741211	8.42000007629395	8.89999961853027	3005100	9.10999965667725	8.63000011444092	8.71000003814697	9.09000015258789	3947000	9.22500038146973	8.80500030517578	9.0600004196167	9.18000030517578	4282300	9.7180004119873	9.10000038146973	9.1899995803833	9.51000022888184	3811200	9.86499977111816	9.32999992370605	9.5	9.75	3784700	9.9399995803833	9.4399995803833	9.77000045776367	9.71000003814697	5238100	10.0749998092651	9.47999954223633	9.69999980926514	10.039999961853	7926500	10.5900001525879	10.0100002288818	10.0600004196167	10.4799995422363	3982900	10.8599996566772	10.4099998474121	10.6400003433228	10.6700000762939																														
2024-10-03	2024-10-02	BHVN	Biohaven Ltd.	Coric Vlad	CEO	P - Purchase	47.5	21052	3,167,879	+1%	+$999,970	999970	07:00:38	1	1361400	49.5	47.5299987792969	47.9099998474121	47.9900016784668	1015600	49.5099983215332	46.560001373291	49.1300010681152	46.6500015258789	530600	47.8199996948242	46.0200004577637	46.4599990844727	47.6300010681152	2658000	53.0699996948242	48.625	51.1500015258789	52.75	1841000	55.7000007629395	52.1800003051758	52.2400016784668	53.5499992370606	884600	53.5499992370606	50.9449996948242	53.4799995422363	51.2700004577637	813000	52.5999984741211	50.4129981994629	50.5999984741211	51.4500007629395	628500	53.9700012207031	51.0999984741211	51.0999984741211	53.7299995422363	625700	53.8800010681152	52.2900009155273	52.5999984741211	52.7700004577637	1092400	53.060001373291	50.6300010681152	52.6800003051758	50.7099990844727	809400	52.6969985961914	50.5299987792969	50.9300003051758	51.4700012207031	972700	53.1450004577637	50.8300018310547	51.6100006103516	51.6399993896484	842800	53.060001373291	51.6399993896484	52.1100006103516	52.9599990844727	870400	54.3600006103516	51.2599983215332	52.2400016784668	51.3400001525879	466600	52.810001373291	50.5800018310547	50.6699981689453	52.6500015258789	852000	53.3450012207031	51.7000007629395	52.3800010681152	52.75	502400	54.75	51.75	53.0400009155274	52.3600006103516	475300	53.8899993896484	52.2109985351563	52.3400001525879	52.8400001525879	728800	54.6300010681152	51.560001373291	53.2400016784668	51.75	493500	51.9500007629395	50.3600006103516	50.8600006103516	50.9500007629395	486900	51.3899993896484	49.6300010681152	50.5	50.4599990844727	881900	51.6100006103516	48.7350006103516	49.9199981689453	49.7599983215332	609800	50.939998626709	49.1399993896484	49.7799987792969	50.8800010681152	767000	50.6399993896484	48.7599983215332	50.3800010681152	50.0400009155274	492700	51.4199981689453	49.4799995422363	49.810001373291	51.4099998474121	980300	54.9799995422363	52.4650001525879	53.0200004577637	53.7400016784668	531900	54.6800003051758	53	53.4900016784668	53.0900001525879	679800	53.6100006103516	51.7999992370606	53.0900001525879	53.4700012207031	612000	54.5299987792969	52.2999992370606	54.5299987792969	52.4300003051758	738500	52.7599983215332	50.1399993896484	51.5200004577637	50.3600006103516	1176500	51.810001373291	48.7299995422363	51.810001373291	49.0400009155274	894500	50.4000015258789	48.4199981689453	48.9799995422363	48.6599998474121	1277100	49.560001373291	43.2400016784668	49.2400016784668	44.3899993896484	926200	46.0499992370606	43.1800003051758	44.1100006103516	45.4099998474121	738400	46.8400001525879	44.7000007629395	45.2200012207031	46.2999992370606	785400	47.2000007629395	44.9459991455078	45.6599998474121	46.8300018310547	646000	47.6599998474121	45	46.8199996948242	45.189998626709	691000	47.1500015258789	44.9799995422363	44.9799995422363	45.5900001525879	2316600	47.439998626709	40.7999992370605	40.7999992370605	45.2299995422363	838300	47.6100006103516	44.1300010681152	45.4500007629395	47.2799987792969	569800	47.75	46.1749992370606	47.0999984741211	46.3800010681152	529000	47.310001373291	45.9599990844727	46.4799995422363	46.0099983215332																																			
2024-10-01	2024-09-26	XAIR	Beyond Air, Inc.	Lisi Steven A.	CEO, COB	P - Purchase	0.5	1476626	3,249,411	+83%	+$744,662	738313	21:27:33	5	9890	7.59999990463257	7.1399998664856	7.34000015258789	7.57999992370606	141495	7.59999990463257	6.21999979019165	7.40000009536743	7.28000020980835	43585	8.14000034332275	6.92000007629395	7.28000020980835	7.76000022888184	68940	7.71999979019165	5.92000007629395	7.71999979019165	6.03999996185303	132660	7.90000009536743	6.21999979019165	6.88000011444092	6.67999982833862	80785	7.78000020980835	6.40000009536743	6.67999982833862	7.67999982833862	79530	8.88000011444092	7.59999990463257	7.98000001907349	8.4399995803833	41210	8.77999973297119	7.80000019073486	8.68000030517578	7.98000001907349	41630	7.90000009536743	6.59999990463257	7.90000009536743	7.17999982833862	47765	10.3999996185303	7	7.40000009536743	7.15999984741211	51445	7.59999990463257	6.44000005722046	7.30000019073486	6.61999988555908	46945	7.30000019073486	6.19999980926514	7	6.82000017166138	42300	7.09999990463257	6.05999994277954	6.8600001335144	6.32000017166138	18480	6.8600001335144	6.19999980926514	6.32000017166138	6.8600001335144	18785	6.8600001335144	6.51999998092651	6.8600001335144	6.65999984741211	15635	6.90000009536743	6.34000015258789	6.65999984741211	6.90000009536743	20335	6.90000009536743	6.5	6.90000009536743	6.71999979019165	24365	7.23999977111816	6.40000009536743	6.40000009536743	7.17999982833862	13200	7.80000019073486	7	7.15999984741211	7.69999980926514	14025	7.6399998664856	7.11999988555908	7.6399998664856	7.32000017166138	32625	8	7.32000017166138	7.57999992370606	7.90000009536743	32430	8.15999984741211	7.61999988555908	7.65999984741211	8.03999996185303	37770	9.02000045776367	7.90000009536743	8.39999961853027	8.5600004196167	41780	9.89999961853027	8.61999988555908	9	9.53999996185303	68870	11.6000003814697	9.80000019073486	10.1999998092651	10.3800001144409	58860	11.7200002670288	10.3999996185303	11	11.3999996185303	39390	11.8000001907349	9.57999992370605	11.6000003814697	9.80000019073486	19360	9.69999980926514	9.60000038146973	9.64000034332275	9.60000038146973	20145	10.1999998092651	8.61999988555908	9.60000038146973	8.89999961853027	11250	10.0799999237061	8.81999969482422	8.89999961853027	9.60000038146973	20565	10.6000003814697	9.39999961853027	9.60000038146973	10.1800003051758	13810	10.1999998092651	9.26000022888184	10.1800003051758	9.47999954223633	65850	10.5	9.42000007629395	9.65999984741211	10.1999998092651	57980	10.8199996948242	8.4399995803833	8.77999973297119	9.88000011444092	11690	10.1999998092651	9.23999977111816	10.1999998092651	9.65999984741211	31165	11.1999998092651	9.5	9.69999980926514	10.6000003814697	21405	10.8000001907349	10	10.6000003814697	10.0200004577637	11920	10.7600002288818	9.80000019073486	10.1999998092651	10.1800003051758	23410	10.7799997329712	10	10.1999998092651	10.5	20640	10.5	9.69999980926514	10.2200002670288	9.84000015258789	16285	10.4399995803833	9.80000019073486	9.80000019073486	10.3800001144409	18205	11.1999998092651	10.3800001144409	10.3800001144409	10.8000001907349	13055	11.2399997711182	10.6400003433228	11	10.9200000762939	84050	13.5200004577637	11	11.039999961853	13.3400001525879	79325	13.1999998092651	10.1999998092651	13.1999998092651	11.3199996948242	40495	11.5600004196167	10	11.5600004196167	10.3000001907349															
2024-09-30	2024-09-26	AHH	Armada Hoffler Properties, Inc.	Haddad Louis S	CEO	P - Purchase	10.5	95238	582,143	+20%	+$999,999	999999	16:58:06	4	3893700	11.1400003433228	10.7700004577637	10.960000038147	10.8000001907349	1490100	11.0299997329712	10.8100004196167	10.9300003051758	10.9200000762939	2102000	11.0500001907349	10.7299995422363	10.9700002670288	10.8299999237061	1253500	11.1199998855591	10.7700004577637	11.1199998855591	10.9300003051758	918500	10.9200000762939	10.710000038147	10.8500003814697	10.8199996948242	881500	10.8000001907349	10.6400003433228	10.7700004577637	10.7600002288818	687100	10.8999996185303	10.6800003051758	10.8999996185303	10.8400001525879	688900	10.8400001525879	10.6800003051758	10.8400001525879	10.8400001525879	973100	10.9099998474121	10.7399997711182	10.8299999237061	10.8800001144409	477100	10.9099998474121	10.7700004577637	10.8800001144409	10.789999961853	572900	10.8000001907349	10.6800003051758	10.710000038147	10.8000001907349	569900	10.9300003051758	10.7700004577637	10.8000001907349	10.9099998474121	979900	10.9899997711182	10.8100004196167	10.8999996185303	10.8599996566772	745400	11.2200002670288	10.9200000762939	10.9499998092651	11.1899995803833	494500	11.3500003814697	11.1999998092651	11.2299995422363	11.25	383300	11.210000038147	11.0900001525879	11.1899995803833	11.1700000762939	478800	11.2600002288818	11.1599998474121	11.1800003051758	11.2600002288818	677200	11.2299995422363	10.9099998474121	11.2299995422363	11	384300	11.0600004196167	10.9399995803833	10.9799995422363	11	426600	11.0799999237061	10.9499998092651	10.9499998092651	11.0600004196167	441500	11.1300001144409	11.039999961853	11.0799999237061	11.1000003814697	412400	11.1899995803833	11	11.1899995803833	11.0200004577637	534900	11.1099996566772	11.0299997329712	11.1000003814697	11.039999961853	456500	11	10.8000001907349	10.9899997711182	10.9200000762939	376500	11.0900001525879	10.9200000762939	10.9200000762939	10.9499998092651	567800	10.9799995422363	10.8299999237061	10.8999996185303	10.8299999237061	485100	10.9700002670288	10.710000038147	10.9300003051758	10.75	609300	10.9499998092651	10.7399997711182	10.7799997329712	10.9099998474121	596700	11.1700000762939	10.8999996185303	11.0600004196167	11.0699996948242	816400	11.3199996948242	11.039999961853	11.1499996185303	11.25	462000	11.3000001907349	11.0799999237061	11.1800003051758	11.1300001144409	554600	11.2799997329712	11.1300001144409	11.1800003051758	11.1999998092651	564900	11.2399997711182	11.0799999237061	11.1899995803833	11.0799999237061	572900	11.1499996185303	10.9899997711182	11.0500001907349	11	444200	11.1400003433228	11	11.1000003814697	11.0200004577637	382000	11.0799999237061	10.8299999237061	11.0799999237061	10.8699998855591	618700	10.9899997711182	10.8500003814697	10.9499998092651	10.9799995422363	580500	11.1199998855591	10.9399995803833	10.9799995422363	11.0699996948242	579500	11.0699996948242	10.8900003433228	10.9499998092651	11.039999961853	505400	11.0200004577637	10.8699998855591	11.0200004577637	10.9399995803833	575400	10.9700002670288	10.8199996948242	10.8999996185303	10.8900003433228	613500	11.0799999237061	10.8900003433228	10.9399995803833	11.0699996948242	852000	11.2299995422363	11	11.1400003433228	11	534400	11.1899995803833	10.9099998474121	10.9399995803833	11.1499996185303	471900	11.2299995422363	11.0699996948242	11.1599998474121	11.0900001525879																				
2024-09-26	2024-09-24	HWH	Hwh International Inc.	Chan Heng Fai Ambrose	CEO, 10%	P - Purchase	0.63	6034537	19,264,692	+46%	+$3,801,758	3801758.31	21:39:51	2	7920	3.42499995231628	2.77500009536743	3.42499995231628	3.0550000667572	3180	2.98499989509583	2.79999995231628	2.9449999332428	2.79999995231628	27240	3.75	2.72000002861023	2.875	3.49499988555908	48120	4.05000019073486	3.29999995231628	3.75	3.49499988555908	28160	4.40000009536743	3.64499998092651	3.64499998092651	4.40000009536743	405600	5.0149998664856	4.23000001907349	4.44500017166138	4.8600001335144	490340	6.05000019073486	5	5.55000019073486	5.57499980926514	53620	6	5.05000019073486	5.34999990463257	5.65000009536743	30400	5.84999990463257	5	5.40000009536743	5.40000009536743	21800	5.15000009536743	4.90000009536743	5.15000009536743	5	16560	4.19999980926514	3.54999995231628	4.19999980926514	4	8800	4.25	3.90000009536743	3.94000005722046	4.19999980926514	8120	4.19999980926514	3.90000009536743	3.90000009536743	4	6960	4.5	3.84999990463257	3.95000004768372	3.9300000667572	5220	4.32499980926514	3.95000004768372	3.95000004768372	4.19000005722046	2920	4.17000007629395	3.95000004768372	3.96499991416931	4.17000007629395	7500	4.15000009536743	3.65000009536743	3.95499992370605	4.07000017166138	7420	4	3.65000009536743	4	3.90000009536743	1840	4.25	3.54999995231628	3.54999995231628	4.25	2540	4.33500003814697	4.09999990463257	4.32499980926514	4.32999992370605	1740	4.30000019073486	3.91499996185303	3.93499994277954	4.17999982833862	2040	4.32499980926514	3.85500001907349	4.17999982833862	4.26000022888184	1920	4.17999982833862	3.79500007629395	3.84999990463257	4.17999982833862	3820	4.17999982833862	3.81500005722046	4.125	4.15999984741211	5160	4.19999980926514	3.83999991416931	3.86500000953674	4.19999980926514	1240	4.17999982833862	3.90499997138977	3.90499997138977	3.92000007629395	2340	4	3.58999991416931	3.92499995231628	3.74499988555908	2040	4.09000015258789	3.60500001907349	3.79999995231628	3.60500001907349	1000	3.75500011444092	3.50999999046326	3.51500010490418	3.58999991416931	1940	3.59999990463257	3.3050000667572	3.5	3.48000001907349	580	3.70499992370605	3.45000004768372	3.45000004768372	3.70000004768372	3080	3.65000009536743	3.15000009536743	3.65000009536743	3.25500011444092	720	3.25500011444092	3.1800000667572	3.20499992370605	3.25500011444092	440	3.59999990463257	3.25	3.25	3.59999990463257	2340	4.07499980926514	3.59999990463257	3.71000003814697	3.97000002861023	1120	3.95000004768372	3.60999989509583	3.95000004768372	3.65000009536743	2020	3.64000010490418	3.45499992370605	3.45499992370605	3.48499989509583	560	3.83999991416931	3.59999990463257	3.59999990463257	3.59999990463257	1440	3.64000010490418	3.34999990463257	3.52500009536743	3.61999988555908	3100	3.48499989509583	3.20000004768372	3.45499992370605	3.25	680	3.63000011444092	3.29999995231628	3.29999995231628	3.63000011444092	500	3.44000005722046	3.25	3.44000005722046	3.25	360	3.64000010490418	3.25	3.25	3.64000010490418	720	3.40000009536743	3.25	3.25	3.40000009536743																									
2024-09-25	2024-09-23	FBIO	Fortress Biotech, Inc.	Rosenwald Lindsay A Md	Pres, CEO, COB, 10%	P - Purchase	1.84	763359	3,657,264	+26%	+$1,404,581	1404580.56	16:45:04	2	840600	1.54999995231628	1.41999995708466	1.53999996185303	1.42999994754791	1052300	1.46000003814697	1.36000001430511	1.46000003814697	1.38999998569489	1160000	1.44000005722046	1.38999998569489	1.42999994754791	1.4099999666214	1286500	1.53999996185303	1.44000005722046	1.52999997138977	1.45000004768372	830200	1.51999998092651	1.46000003814697	1.46000003814697	1.49000000953674	574200	1.48000001907349	1.44000005722046	1.48000001907349	1.45000004768372	877700	1.5	1.4099999666214	1.47000002861023	1.42999994754791	842400	1.5900000333786	1.39999997615814	1.44000005722046	1.57000005245209	802100	1.64999997615814	1.5	1.55999994277954	1.61000001430511	567300	1.63999998569489	1.57000005245209	1.63999998569489	1.62999999523163	281100	1.62999999523163	1.58000004291534	1.62000000476837	1.5900000333786	697800	1.61000001430511	1.5	1.5900000333786	1.52999997138977	426800	1.5900000333786	1.51999998092651	1.53999996185303	1.58000004291534	317800	1.62999999523163	1.55999994277954	1.57000005245209	1.58000004291534	479100	1.63999998569489	1.58000004291534	1.58000004291534	1.62999999523163	481800	1.70000004768372	1.63999998569489	1.64999997615814	1.67999994754791	283600	1.73000001907349	1.67999994754791	1.69000005722046	1.72000002861023	585800	1.75999999046326	1.72000002861023	1.73000001907349	1.75	683000	1.85000002384186	1.74000000953674	1.77999997138977	1.80999994277954	632900	1.87000000476837	1.73000001907349	1.85000002384186	1.83000004291534	415200	1.82000005245209	1.74000000953674	1.79999995231628	1.77999997138977	651500	1.85000002384186	1.74000000953674	1.78999996185303	1.80999994277954	299400	1.85000002384186	1.75999999046326	1.80999994277954	1.77999997138977	265800	1.80999994277954	1.72000002861023	1.76999998092651	1.73000001907349	761300	1.87999999523163	1.71000003814697	1.73000001907349	1.85000002384186	1096200	2.03999996185303	1.9099999666214	1.94000005722046	2.01999998092651	881400	2.09999990463257	1.94000005722046	2.01999998092651	2.01999998092651	474800	2.0699999332428	1.91999995708466	2.02999997138977	1.94000005722046	388200	1.95000004768372	1.86000001430511	1.9099999666214	1.89999997615814	786100	1.96000003814697	1.86000001430511	1.92999994754791	1.89999997615814	1672200	1.99000000953674	1.70000004768372	1.99000000953674	1.73000001907349	1153700	1.76999998092651	1.54999995231628	1.70000004768372	1.76999998092651	483800	1.82000005245209	1.69000005722046	1.74000000953674	1.75999999046326	240300	1.79999995231628	1.71000003814697	1.76999998092651	1.72000002861023	313200	1.75999999046326	1.6599999666214	1.71000003814697	1.71000003814697	278700	1.78999996185303	1.71000003814697	1.73000001907349	1.75999999046326	365300	1.75	1.6599999666214	1.75	1.70000004768372	434800	1.74000000953674	1.62999999523163	1.72000002861023	1.64999997615814	318700	1.63999998569489	1.55999994277954	1.62999999523163	1.57000005245209	817800	1.57000005245209	1.4099999666214	1.54999995231628	1.42999994754791	432800	1.53999996185303	1.46000003814697	1.46000003814697	1.48000001907349	554100	1.63999998569489	1.5	1.5	1.5900000333786	380400	1.62999999523163	1.54999995231628	1.60000002384186	1.57000005245209	266500	1.63999998569489	1.54999995231628	1.62999999523163	1.57000005245209	177800	1.62000000476837	1.54999995231628	1.54999995231628	1.61000001430511																				
2024-09-23	2024-09-20	HPK	Highpeak Energy, Inc.	Hightower Jack	CEO, 10%	P - Purchase	15.54	1e+05	86,200,645	0%	+$1,554,000	1554000	06:30:52	3	1489900	15.7299995422363	15.1099996566772	15.4700002670288	15.1199998855591	838300	16.5599994659424	15.4200000762939	15.8100004196167	15.4899997711182	274100	15.9499998092651	15.2600002288818	15.8100004196167	15.3699998855591	378100	15.5740003585815	14.9799995422363	15.4799995422363	14.9799995422363	723400	14.8900003433228	13.9899997711182	14.6199998855591	14.0299997329712	276700	14.6350002288818	14.1569995880127	14.2200002670288	14.5799999237061	684400	14.6099996566772	13.8100004196167	14.5799999237061	13.8800001144409	412700	14.460000038147	13.6999998092651	13.8000001907349	14.3900003433228	262300	14.789999961853	14.1350002288818	14.7399997711182	14.5699996948242	386700	15.25	14.5200004577637	14.6400003433228	15.1000003814697	307500	15.3050003051758	14.9750003814697	15.2600002288818	15.1499996185303	540100	15.6800003051758	15.0799999237061	15.2200002670288	15.460000038147	301900	15.1459999084473	14.3100004196167	15.1000003814697	14.3400001525879	233600	14.4700002670288	14	14.1599998474121	14.4499998092651	148900	14.8299999237061	14.3000001907349	14.5699996948242	14.6700000762939	350100	15	14.5600004196167	14.5600004196167	14.8900003433228	212900	14.8199996948242	14.3199996948242	14.6899995803833	14.4499998092651	280200	14.3000001907349	13.7919998168945	13.9499998092651	14.1000003814697	165000	14.3100004196167	14.1000003814697	14.2200002670288	14.2799997329712	144500	14.4099998474121	14.0699996948242	14.25	14.3699998855591	235500	14.3599996566772	14.0200004577637	14.3599996566772	14.1499996185303	217000	14.3900003433228	13.8850002288818	14.3900003433228	13.9799995422363	161000	14.3050003051758	13.8500003814697	14.0500001907349	14.1599998474121	129200	14.1800003051758	13.7799997329712	14.1599998474121	13.8599996566772	203100	14.1199998855591	13.7200002670288	14.0100002288818	14.0900001525879	110400	14.4300003051758	14.1000003814697	14.2299995422363	14.3900003433228	356000	14.1199998855591	13.5600004196167	13.8500003814697	13.6899995803833	297400	13.6999998092651	13.0699996948242	13.6099996566772	13.1099996566772	326500	13.4099998474121	12.960000038147	13.2200002670288	13.1199998855591	447200	13.2399997711182	12.7200002670288	13.2399997711182	12.8000001907349	313600	13.039999961853	12.4799995422363	12.9099998474121	12.5299997329712	427300	13.1400003433228	12.6800003051758	12.6800003051758	13.0600004196167	781500	14.6330003738403	13.4200000762939	13.4499998092651	14.5200004577637	438400	14.9799995422363	13.9499998092651	14.6999998092651	14.2200002670288	249200	14.5600004196167	13.8000001907349	14.25	13.960000038147	243300	14.25	13.7299995422363	13.8000001907349	14.2299995422363	212000	14.210000038147	13.9300003051758	14.1300001144409	13.9799995422363	370900	14.3599996566772	13.9399995803833	13.9399995803833	14.0699996948242	246700	14.2600002288818	13.8999996185303	14.2399997711182	14.1999998092651	214300	14.4799995422363	13.9799995422363	14.2799997329712	14.1700000762939	252700	14.2700004577637	13.9300003051758	14.2200002670288	13.9799995422363	194700	14.6800003051758	14.0950002670288	14.1199998855591	14.5900001525879	190000	14.8100004196167	14.3599996566772	14.5100002288818	14.6700000762939	338200	15.1909999847412	14.6599998474121	14.710000038147	15.0799999237061	329700	15.6899995803833	15.1700000762939	15.2200002670288	15.4799995422363																				
2024-09-19	2024-09-17	GTE	Gran Tierra Energy Inc.	Guidry Gary	Pres, CEO	P - Purchase	6.17	1e+05	525,672	+23%	+$617,000	617000	17:31:42	2	273600	6.32000017166138	6.13000011444092	6.17999982833862	6.30000019073486	249500	6.23000001907349	5.8899998664856	6.23000001907349	5.90000009536743	166100	6.42999982833862	6.03000020980835	6.03999996185303	6.07000017166138	386700	6.42999982833862	6.17999982833862	6.30999994277954	6.36999988555908	211600	6.38000011444092	6.15000009536743	6.28000020980835	6.15000009536743	267500	6.40000009536743	6.17999982833862	6.21999979019165	6.34999990463257	195200	6.38000011444092	6.05999994277954	6.38000011444092	6.07999992370606	961300	6.44000005722046	6.05000019073486	6.05000019073486	6.32000017166138	257100	6.44000005722046	6.11999988555908	6.34000015258789	6.15999984741211	244000	6.36999988555908	6.07000017166138	6.17999982833862	6.26999998092651	465800	6.57000017166138	6.15000009536743	6.25	6.53999996185303	369500	6.73999977111816	6.32000017166138	6.67000007629395	6.48000001907349	415900	6.80999994277954	6.32999992370606	6.51000022888184	6.73999977111816	232700	6.94000005722046	6.65000009536743	6.94000005722046	6.71999979019165	306500	6.88000011444092	6.53000020980835	6.80999994277954	6.67000007629395	415200	6.6100001335144	6.19999980926514	6.53999996185303	6.40000009536743	193000	6.44999980926514	6.28999996185303	6.30000019073486	6.34000015258789	228400	6.59999990463257	6.34999990463257	6.38000011444092	6.57000017166138	170900	6.61999988555908	6.44999980926514	6.51000022888184	6.6100001335144	232000	6.59000015258789	6.40000009536743	6.51000022888184	6.59000015258789	332800	6.5	6.21999979019165	6.5	6.32999992370606	241300	6.3899998664856	6.23000001907349	6.3899998664856	6.26000022888184	222300	6.32999992370606	6.19999980926514	6.23999977111816	6.30999994277954	259900	6.32999992370606	6.11999988555908	6.28000020980835	6.25	206800	6.34000015258789	6.15999984741211	6.34000015258789	6.30999994277954	235800	6.51000022888184	6.32000017166138	6.34999990463257	6.36999988555908	148200	6.32000017166138	6.19999980926514	6.28999996185303	6.26000022888184	176400	6.44000005722046	6.21999979019165	6.28999996185303	6.42999982833862	178700	6.42999982833862	6.30999994277954	6.42000007629395	6.36999988555908	192800	6.34999990463257	6.15000009536743	6.19999980926514	6.23999977111816	180200	6.32000017166138	6.13000011444092	6.30999994277954	6.32000017166138	168200	6.51999998092651	6.25	6.38000011444092	6.30999994277954	145000	6.40000009536743	6.23999977111816	6.3899998664856	6.32000017166138	222100	6.42999982833862	6.1399998664856	6.40999984741211	6.15999984741211	635300	6.98999977111816	6.40000009536743	6.5	6.46999979019165	347100	6.48999977111816	6.26999998092651	6.48000001907349	6.40000009536743	288500	6.82000017166138	6.30000019073486	6.44999980926514	6.71000003814697	318200	6.84000015258789	6.57999992370606	6.69999980926514	6.69000005722046	242300	6.73999977111816	6.34000015258789	6.67999982833862	6.38000011444092	349100	6.40000009536743	6.09000015258789	6.30999994277954	6.21999979019165	310300	6.28999996185303	6.07000017166138	6.19999980926514	6.09000015258789	366700	6.26000022888184	5.94999980926514	6.07000017166138	6.11999988555908	238200	6.34000015258789	6.13000011444092	6.21999979019165	6.28999996185303	256400	6.44999980926514	6.01999998092651	6.23999977111816	6.09999990463257																									
2024-09-16	2024-09-13	ISPO	Inspirato Inc	Zamani Payam	CEO, 10%	P - Purchase	3.43	1580180	3,795,451	+71%	+$5,420,020	5420017.4	20:59:14	3	15500	4.40000009536743	4.15999984741211	4.36999988555908	4.38000011444092	24000	4.3899998664856	4.13000011444092	4.28999996185303	4.3899998664856	143000	4.90000009536743	4.49100017547607	4.57999992370606	4.78999996185303	33000	4.85599994659424	4.57200002670288	4.75	4.59999990463257	24400	4.90000009536743	4.6399998664856	4.6399998664856	4.82000017166138	39700	4.83500003814697	4.5	4.75	4.51999998092651	11800	4.71000003814697	4.51000022888184	4.53000020980835	4.53999996185303	100900	4.51999998092651	4.01000022888184	4.48999977111816	4.07000017166138	54400	4.07000017166138	3.90000009536743	4.01000022888184	3.90000009536743	59200	4.19999980926514	3.71000003814697	3.95799994468689	3.79999995231628	47900	4.36999988555908	3.6470000743866	3.77999997138977	4.01000022888184	12000	4.13000011444092	3.96000003814697	4	4.05000019073486	6900	4.09000015258789	3.84999990463257	3.98000001907349	3.88000011444092	13900	3.95000004768372	3.84999990463257	3.84999990463257	3.95000004768372	8600	4.07299995422363	3.85999989509583	3.85999989509583	3.90000009536743	10200	3.99000000953674	3.84999990463257	3.85999989509583	3.84999990463257	10100	3.94000005722046	3.84999990463257	3.84999990463257	3.85999989509583	54900	3.96499991416931	3.84999990463257	3.96499991416931	3.92000007629395	8500	3.99000000953674	3.83999991416931	3.83999991416931	3.99000000953674	3800	4.08500003814697	3.84999990463257	3.84999990463257	4.08500003814697	20000	4.48999977111816	3.88000011444092	4.1399998664856	4.38000011444092	16000	4.28999996185303	4.13000011444092	4.21000003814697	4.1399998664856	5600	4.19000005722046	3.91000008583069	4.18699979782105	3.95000004768372	5400	4.36600017547607	3.93099999427795	4.32800006866455	4.09000015258789	5800	4	3.90000009536743	3.91000008583069	3.9300000667572	9300	4.09999990463257	3.9300000667572	3.94000005722046	4.01999998092651	11600	4.11999988555908	3.91000008583069	3.94000005722046	4.11999988555908	9100	4.19999980926514	3.9300000667572	4.01999998092651	3.96000003814697	8100	4.01000022888184	3.84999990463257	3.92000007629395	3.86999988555908	5600	3.93499994277954	3.85999989509583	3.93499994277954	3.85999989509583	12900	4	3.88000011444092	3.9449999332428	3.88000011444092	466100	4.09499979019165	3.90000009536743	3.90000009536743	4	110100	3.91499996185303	3.50999999046326	3.90000009536743	3.82999992370605	103300	3.99000000953674	3.57999992370605	3.71000003814697	3.78999996185303	33700	3.95000004768372	3.59999990463257	3.95000004768372	3.59999990463257	37000	3.83999991416931	3.50999999046326	3.83999991416931	3.67000007629395	57800	3.73900008201599	3.54999995231628	3.60999989509583	3.65000009536743	37200	3.75	3.50999999046326	3.61999988555908	3.50999999046326	14700	3.70000004768372	3.50999999046326	3.50999999046326	3.55999994277954	46700	3.65000009536743	3.40000009536743	3.64000010490418	3.41000008583069	61500	3.49300003051758	3.11999988555908	3.36999988555908	3.23000001907349	34700	3.40000009536743	3.21000003814697	3.21000003814697	3.32999992370605	9000	3.49000000953674	3.32999992370605	3.49000000953674	3.45000004768372	26800	3.64000010490418	3.26999998092651	3.51999998092651	3.50999999046326	70800	3.53999996185303	3.29999995231628	3.46000003814697	3.42300009727478																				
2024-09-16	2024-09-12	INBX	Inhibrx Biosciences, Inc.	Lappe Mark	CEO	P - Purchase	15.73	40000	925,413	+5%	+$629,117	629200	17:12:34	4	173700	15.3500003814697	14.5100002288818	14.960000038147	15.0799999237061	167000	16.5699996948242	15.2449998855591	15.3599996566772	16.4099998474121	187200	17.7399997711182	16.3500003814697	16.4300003051758	17.4300003051758	83800	17.7900009155273	17.0900001525879	17.6599998474121	17.2199993133545	72200	17.4750003814697	16.9899997711182	17.1299991607666	16.9899997711182	56200	17.6000003814697	16.7700004577637	17.2199993133545	17.4899997711182	302000	17.3899993896484	16.2299995422363	17.3899993896484	16.2800006866455	119800	16.5	15.6199998855591	16.3400001525879	15.6700000762939	104200	15.8999996185303	15.4200000762939	15.6300001144409	15.5	135500	15.5900001525879	15.1499996185303	15.5900001525879	15.4200000762939	83900	15.8850002288818	15.3100004196167	15.5699996948242	15.3299999237061	55400	16.0869998931885	15.1599998474121	15.3299999237061	15.5200004577637	105400	16.0100002288818	15.4200000762939	15.5500001907349	15.6599998474121	175400	15.6599998474121	15.1099996566772	15.5600004196167	15.4499998092651	94800	15.9099998474121	15.3599996566772	15.4499998092651	15.3999996185303	87000	15.289999961853	14.8000001907349	15.2799997329712	14.8800001144409	53300	15.0600004196167	14.6700000762939	15.0600004196167	14.7600002288818	66600	15.4799995422363	14.710000038147	14.7700004577637	15.2700004577637	176600	16.3500003814697	15.5	15.5600004196167	15.9899997711182	106700	16.2000007629395	15.4499998092651	16	15.6700000762939	83900	15.7700004577637	15.3699998855591	15.6599998474121	15.5799999237061	83700	15.6400003433228	15.3100004196167	15.5	15.6400003433228	51800	15.7959995269775	15.4899997711182	15.6549997329712	15.5	71100	16.2000007629395	15.4549999237061	15.5500001907349	15.7399997711182	91400	16.1299991607666	15.6300001144409	16.0200004577637	16.0499992370605	83200	17.0219993591309	15.8500003814697	16.1200008392334	16.1700000762939	38300	16.25	15.8199996948242	16.2099990844727	16	20300	15.9300003051758	15.5	15.8380002975464	15.5	28300	16	15.3100004196167	15.5	15.8000001907349	33600	15.8699998855591	15.3199996948242	15.6599998474121	15.7600002288818	21300	15.8909997940063	15.3000001907349	15.710000038147	15.3699998855591	26600	15.7849998474121	15.3400001525879	15.5699996948242	15.3699998855591	46600	16.3050003051758	15.6400003433228	15.6400003433228	16	37000	16.4300003051758	15.9440002441406	16	16.1000003814697	49400	16.4349994659424	16.0249996185303	16.1399993896484	16.2900009155273	35200	16.3449993133545	16	16.3199996948242	16.0300006866455	38900	16.4899997711182	15.6499996185303	16.2450008392334	15.8000001907349	28600	15.8500003814697	15.4099998474121	15.6599998474121	15.5500001907349	34000	15.710000038147	15.2410001754761	15.6099996566772	15.710000038147	95000	16.7900009155273	15.5799999237061	16.7900009155273	16.0499992370605	68600	16.6809997558594	16.1599998474121	16.1599998474121	16.2600002288818	79000	16.6299991607666	15.9659996032715	16.1499996185303	16.2099990844727	56100	16.6000003814697	15.9700002670288	16.3199996948242	16	130800	17.4099998474121	15.8629999160767	16.0300006866455	16.5799999237061	40100	17.0499992370605	15.4300003051758	16.7099990844727	15.4499998092651	112400	15.4700002670288	14.1700000762939	15.3850002288818	14.3299999237061															
2024-09-13	2024-09-11	HTLD	Heartland Express Inc	Gerdin Michael J	CEO, 10%	P - Purchase	11.67	50000	31,688,740	0%	+$583,675	583500	18:30:53	2	349300	11.8100004196167	11.4700002670288	11.6899995803833	11.8000001907349	222500	11.9899997711182	11.6599998474121	11.8199996948242	11.9200000762939	187400	12.1999998092651	11.9899997711182	12.0600004196167	12.1099996566772	327300	12.5100002288818	12.1499996185303	12.289999961853	12.3000001907349	337100	12.6300001144409	12.3100004196167	12.3999996185303	12.4200000762939	351900	12.5799999237061	12.289999961853	12.4200000762939	12.3800001144409	481400	12.6700000762939	12.4399995803833	12.6199998855591	12.4899997711182	1735200	12.4300003051758	11.9700002670288	12.4300003051758	12	230700	12.1199998855591	11.9300003051758	12.0500001907349	11.960000038147	222900	12.1899995803833	12	12.0200004577637	12.1400003433228	209000	12.1199998855591	11.8999996185303	12.0799999237061	11.9499998092651	173700	12.1300001144409	11.8599996566772	12.0699996948242	11.9099998474121	168000	12.2600002288818	11.960000038147	12.0200004577637	12.0699996948242	293200	12.3299999237061	12.0200004577637	12.0600004196167	12.2799997329712	414300	12.2299995422363	11.7700004577637	12.210000038147	12.0500001907349	169400	12.0600004196167	11.7799997329712	11.9700002670288	11.8100004196167	325500	11.6999998092651	11.3900003433228	11.6999998092651	11.5299997329712	218800	11.6499996185303	11.3100004196167	11.6499996185303	11.3100004196167	483600	11.5600004196167	11.1999998092651	11.289999961853	11.5299997329712	209600	11.5699996948242	11.3800001144409	11.4099998474121	11.5600004196167	169700	11.6199998855591	11.4099998474121	11.5699996948242	11.460000038147	281100	11.3699998855591	11.1700000762939	11.3699998855591	11.3400001525879	179600	11.6199998855591	11.3800001144409	11.3800001144409	11.6099996566772	115600	11.6400003433228	11.4200000762939	11.6199998855591	11.6300001144409	217500	11.8299999237061	11.4700002670288	11.5799999237061	11.5299997329712	303300	12.0500001907349	11.710000038147	11.710000038147	11.9700002670288	210600	11.8999996185303	11.6099996566772	11.8999996185303	11.75	174300	11.8000001907349	11.6400003433228	11.7399997711182	11.7299995422363	221600	11.75	11.3699998855591	11.710000038147	11.3800001144409	204200	11.5	11.3400001525879	11.3599996566772	11.3800001144409	236800	11.4399995803833	11.289999961853	11.3199996948242	11.3999996185303	239100	11.5699996948242	11.25	11.4899997711182	11.3199996948242	182700	11.5	11.3199996948242	11.3800001144409	11.3299999237061	213500	11.539999961853	11.3400001525879	11.3699998855591	11.3800001144409	534200	11.2600002288818	10.8400001525879	11.1499996185303	11.1000003814697	381800	11.289999961853	10.8599996566772	10.9700002670288	11.039999961853	428300	11.1199998855591	10.8000001907349	11.0299997329712	10.8100004196167	316000	11.0299997329712	10.75	10.8400001525879	10.9099998474121	383300	11.0500001907349	10.8100004196167	10.8100004196167	10.8999996185303	363800	11.0100002288818	10.8199996948242	10.9099998474121	10.8800001144409	669800	11.9899997711182	11.1400003433228	11.2600002288818	11.8800001144409	507700	12.3800001144409	11.9700002670288	12.289999961853	12.0500001907349	436700	12.1300001144409	11.8800001144409	12.0299997329712	11.9899997711182	330700	12.3900003433228	12.0600004196167	12.0600004196167	12.210000038147																									
2024-09-12	2024-09-10	APTV	Aptiv Plc	Clark Kevin P	COB, CEO	P - Purchase	65.45	29770	958,514	+3%	+$1,948,563	1948446.5	16:05:08	2	3543900	68.4100036621094	64.9800033569336	67.0500030517578	65.379997253418	3945700	65.5999984741211	63.6199989318848	65.3199996948242	65.4700012207031	3797500	67.5299987792969	65.3099975585938	65.4000015258789	67	3634100	69.7600021362305	68.4100036621094	68.629997253418	68.9499969482422	2822400	69.5800018310547	67.8399963378906	69.129997253418	68.7900009155274	4569300	71.4599990844727	69.3499984741211	69.6399993896484	70.2200012207031	2405900	71.1900024414063	69.4599990844727	70.4300003051758	69.6699981689453	3771700	71.870002746582	70.0199966430664	71.7699966430664	70.5199966430664	7778800	70.9700012207031	69.7099990844727	70.8099975585938	69.8399963378906	2961300	71.9100036621094	69.9300003051758	70	71.5599975585938	1988100	73.4300003051758	71.5800018310547	72.4499969482422	72.1100006103516	2799600	71.8899993896484	70.2900009155274	71.5699996948242	70.5599975585938	3375200	72.5699996948242	70.9599990844727	71.7799987792969	72.3099975585938	4028700	75.4100036621094	72.9400024414063	73.6100006103516	74.2399978637695	3178400	72.8199996948242	71.2900009155274	71.6100006103516	72.0100021362305	3518300	71.7699966430664	70.2200012207031	71.7200012207031	70.5199966430664	3088600	71.9199981689453	70	70.8399963378906	70.0500030517578	1975800	69.4000015258789	68.4199981689453	68.9499969482422	68.9700012207031	1917700	70.6699981689453	69.7099990844727	70.25	70.3300018310547	1758100	70.9400024414063	69.7799987792969	70	70.4700012207031	2136100	70.8199996948242	68.879997253418	70.4499969482422	69.5999984741211	2670400	71.3899993896484	69.2200012207031	69.5400009155274	71.3600006103516	2033900	71.6800003051758	70.2300033569336	70.6800003051758	70.75	1753400	71.4899978637695	70.379997253418	70.4400024414063	71.2900009155274	2298400	71.5100021362305	70.3899993896484	71.1500015258789	71.0899963378906	2628600	71.370002746582	69.870002746582	70.4400024414063	70	2512300	71.3600006103516	70.0800018310547	70.6600036621094	70.3600006103516	4405900	70.629997253418	68.9700012207031	70.0400009155274	69.9000015258789	2134800	73.4700012207031	71.2399978637695	72.8000030517578	71.7600021362305	2289000	72.6399993896484	70.0100021362305	72.4599990844727	70.0999984741211	2185200	70.2099990844727	69.1500015258789	70	69.6800003051758	2389400	69.7399978637695	68.3499984741211	69.3300018310547	69.5299987792969	3187400	71.3899993896484	67.5	70.3499984741211	68.3099975585938	2383700	70	68.5500030517578	69.1100006103516	69.3099975585938	2309700	70.9700012207031	69.3600006103516	69.6699981689453	70.4000015258789	3089600	70	68.8300018310547	69.6999969482422	69.1500015258789	3010900	70	68.2600021362305	68.629997253418	69.0699996948242	18358400	63.2000007629395	54.7000007629395	62.4300003051758	56.8300018310547	6184300	58.9500007629395	56	57.4900016784668	56.3699989318848	4703100	57.7700004577637	55.9300003051758	56.5900001525879	55.9300003051758	5998700	55.6500015258789	53.9599990844727	55.5400009155274	55.2400016784668	6886400	55.9099998474121	52.810001373291	55.8899993896484	53.8300018310547	4401100	56.4799995422363	54.0999984741211	54.3800010681152	55.6399993896484	4562600	56.7799987792969	54.5800018310547	55.4199981689453	56.25																									
2024-09-12	2024-09-10	PSEC	Prospect Capital Corp	Barry John F	CEO, 10%	P - Purchase	5.29	95477	71,699,085	0%	+$505,073	505073.33	16:01:42	2	1469400	5.34000015258789	5.25	5.34000015258789	5.28000020980835	1494500	5.32000017166138	5.21999979019165	5.30000019073486	5.32000017166138	1933300	5.42999982833862	5.30000019073486	5.34000015258789	5.40999984741211	3378300	5.57000017166138	5.42000007629395	5.44000005722046	5.55000019073486	3109700	5.57000017166138	5.42000007629395	5.55000019073486	5.48999977111816	3148800	5.51999998092651	5.3899998664856	5.51000022888184	5.40000009536743	4007800	5.46000003814697	5.34000015258789	5.42000007629395	5.42000007629395	2977300	5.48999977111816	5.3600001335144	5.42999982833862	5.48000001907349	4791600	5.55000019073486	5.42999982833862	5.5	5.48999977111816	2115500	5.53000020980835	5.42999982833862	5.51000022888184	5.44000005722046	2396200	5.51999998092651	5.44999980926514	5.44999980926514	5.46999979019165	2955200	5.48999977111816	5.32000017166138	5.48999977111816	5.32999992370606	2288800	5.38000011444092	5.25	5.32999992370606	5.28000020980835	1374200	5.32999992370606	5.26000022888184	5.26000022888184	5.30999994277954	1909000	5.3600001335144	5.28000020980835	5.30000019073486	5.34999990463257	1465200	5.3600001335144	5.28999996185303	5.34000015258789	5.34000015258789	2237500	5.3600001335144	5.21999979019165	5.34999990463257	5.26999998092651	1688300	5.28000020980835	5.17999982833862	5.25	5.28000020980835	2096200	5.32000017166138	5.23999977111816	5.28000020980835	5.25	1774600	5.28000020980835	5.17000007629395	5.25	5.19999980926514	2472700	5.23000001907349	5.09999990463257	5.19999980926514	5.11999988555908	1715200	5.15000009536743	5.09000015258789	5.11999988555908	5.1100001335144	2246000	5.19000005722046	5.09999990463257	5.13000011444092	5.15000009536743	2166700	5.15999984741211	5.05999994277954	5.1399998664856	5.07999992370606	1788500	5.13000011444092	5.03999996185303	5.07999992370606	5.1100001335144	1565300	5.19999980926514	5.11999988555908	5.11999988555908	5.17999982833862	1573400	5.28999996185303	5.19999980926514	5.19999980926514	5.28000020980835	1197400	5.28999996185303	5.23999977111816	5.26999998092651	5.28000020980835	1549900	5.32000017166138	5.26000022888184	5.28000020980835	5.30000019073486	1379900	5.34000015258789	5.28000020980835	5.30000019073486	5.32999992370606	2120500	5.38000011444092	5.28999996185303	5.34000015258789	5.32999992370606	1685200	5.34000015258789	5.25	5.32000017166138	5.30000019073486	2181000	5.34999990463257	5.28000020980835	5.28999996185303	5.34000015258789	3035700	5.40999984741211	5.30000019073486	5.3600001335144	5.30999994277954	1933500	5.32999992370606	5.26999998092651	5.30000019073486	5.32999992370606	1558600	5.26999998092651	5.21000003814697	5.25	5.21999979019165	2072400	5.23999977111816	5.15000009536743	5.23000001907349	5.15999984741211	1406600	5.21000003814697	5.15999984741211	5.19000005722046	5.19000005722046	2033100	5.21999979019165	5.1100001335144	5.19000005722046	5.13000011444092	2225300	5.13000011444092	5.05999994277954	5.13000011444092	5.07999992370606	1330500	5.13000011444092	5.07000017166138	5.09000015258789	5.13000011444092	2073100	5.21999979019165	5.13000011444092	5.19999980926514	5.19000005722046	1843600	5.28000020980835	5.17999982833862	5.19999980926514	5.23000001907349	22355300	4.8600001335144	4.3899998664856	4.84999990463257	4.46999979019165																									
2024-09-11	2024-09-05	AAM	Aa Mission Acquisition Corp.	Sun Qing Bill	CEO, 10%	P - Purchase	10	90000	9,474,000	+1%	+$900,000	9e+05	20:56:30	6	929200	9.97999954223633	9.96000003814697	9.97999954223633	9.97999954223633	1564000	9.98999977111816	9.97999954223633	9.97999954223633	9.97999954223633	4500	9.98999977111816	9.98200035095215	9.98999977111816	9.98200035095215	319200	9.98999977111816	9.97999954223633	9.98999977111816	9.97999954223633	212700	10	9.97999954223633	9.98999977111816	9.98999977111816	159700	10	9.98999977111816	9.98999977111816	9.98999977111816	15400	10.0100002288818	9.98999977111816	10.0100002288818	10.0050001144409	250600	10.0100002288818	9.98999977111816	10.0100002288818	9.99499988555908	1623800	10.0100002288818	10	10.0100002288818	10.0100002288818	537100	10.0299997329712	10.0100002288818	10.0299997329712	10.0100002288818	191700	10.0200004577637	10.0100002288818	10.0200004577637	10.0200004577637	118300	10.0200004577637	10.0100002288818	10.0200004577637	10.0100002288818	1112100	10.0299997329712	10.0100002288818	10.0200004577637	10.0100002288818	396300	10.0200004577637	10.0100002288818	10.0200004577637	10.0150003433228	51200	10.0200004577637	10.0150003433228	10.0200004577637	10.0150003433228	19500	10.039999961853	10.0150003433228	10.039999961853	10.0200004577637	5500	10.0200004577637	10.0100002288818	10.0100002288818	10.0200004577637	458700	10.0200004577637	10.0100002288818	10.0100002288818	10.0100002288818	92000	10.0200004577637	10.0200004577637	10.0200004577637	10.0200004577637	24300	10.0200004577637	10.0100002288818	10.0100002288818	10.0200004577637	5100	10.0299997329712	10.0200004577637	10.0299997329712	10.0200004577637	500	10.0200004577637	10.0179996490479	10.0200004577637	10.0179996490479	1303400	10.0299997329712	10.0200004577637	10.0200004577637	10.0200004577637	1555600	10.0299997329712	10.0200004577637	10.0200004577637	10.0200004577637	558200	10.0299997329712	10.0200004577637	10.0200004577637	10.0200004577637	103800	10.0260000228882	10.0200004577637	10.0200004577637	10.0200004577637	5400	10.0299997329712	10.0229997634888	10.0229997634888	10.0299997329712	1417100	10.0299997329712	10.0249996185303	10.0299997329712	10.0299997329712	0	10.0299997329712	10.0299997329712	10.0299997329712	10.0299997329712	52500	10.039999961853	10.0299997329712	10.039999961853	10.039999961853	116900	10.0450000762939	10.0299997329712	10.039999961853	10.0450000762939	294000	10.039999961853	10.039999961853	10.039999961853	10.039999961853	24200	10.039999961853	10.0200004577637	10.039999961853	10.0200004577637	116800	10.0500001907349	10.0299997329712	10.0299997329712	10.039999961853	65400	10.0500001907349	10.0299997329712	10.039999961853	10.0500001907349	2800	10.0500001907349	10.0500001907349	10.0500001907349	10.0500001907349	240300	10.0550003051758	10.039999961853	10.0500001907349	10.0500001907349	73600	10.0600004196167	10.0450000762939	10.0500001907349	10.0600004196167	109900	10.0600004196167	10.039999961853	10.0600004196167	10.0600004196167	214400	10.0600004196167	10.0500001907349	10.0600004196167	10.0600004196167																																													
2024-09-11	2024-09-09	PSEC	Prospect Capital Corp	Barry John F	CEO, 10%	P - Purchase	5.3	473030	71,603,608	+1%	+$2,507,059	2507059	16:02:00	2	3023200	5.34999990463257	5.28999996185303	5.30999994277954	5.30000019073486	1469400	5.34000015258789	5.25	5.34000015258789	5.28000020980835	1494500	5.32000017166138	5.21999979019165	5.30000019073486	5.32000017166138	1933300	5.42999982833862	5.30000019073486	5.34000015258789	5.40999984741211	3378300	5.57000017166138	5.42000007629395	5.44000005722046	5.55000019073486	3109700	5.57000017166138	5.42000007629395	5.55000019073486	5.48999977111816	3148800	5.51999998092651	5.3899998664856	5.51000022888184	5.40000009536743	4007800	5.46000003814697	5.34000015258789	5.42000007629395	5.42000007629395	2977300	5.48999977111816	5.3600001335144	5.42999982833862	5.48000001907349	4791600	5.55000019073486	5.42999982833862	5.5	5.48999977111816	2115500	5.53000020980835	5.42999982833862	5.51000022888184	5.44000005722046	2396200	5.51999998092651	5.44999980926514	5.44999980926514	5.46999979019165	2955200	5.48999977111816	5.32000017166138	5.48999977111816	5.32999992370606	2288800	5.38000011444092	5.25	5.32999992370606	5.28000020980835	1374200	5.32999992370606	5.26000022888184	5.26000022888184	5.30999994277954	1909000	5.3600001335144	5.28000020980835	5.30000019073486	5.34999990463257	1465200	5.3600001335144	5.28999996185303	5.34000015258789	5.34000015258789	2237500	5.3600001335144	5.21999979019165	5.34999990463257	5.26999998092651	1688300	5.28000020980835	5.17999982833862	5.25	5.28000020980835	2096200	5.32000017166138	5.23999977111816	5.28000020980835	5.25	1774600	5.28000020980835	5.17000007629395	5.25	5.19999980926514	2472700	5.23000001907349	5.09999990463257	5.19999980926514	5.11999988555908	1715200	5.15000009536743	5.09000015258789	5.11999988555908	5.1100001335144	2246000	5.19000005722046	5.09999990463257	5.13000011444092	5.15000009536743	2166700	5.15999984741211	5.05999994277954	5.1399998664856	5.07999992370606	1788500	5.13000011444092	5.03999996185303	5.07999992370606	5.1100001335144	1565300	5.19999980926514	5.11999988555908	5.11999988555908	5.17999982833862	1573400	5.28999996185303	5.19999980926514	5.19999980926514	5.28000020980835	1197400	5.28999996185303	5.23999977111816	5.26999998092651	5.28000020980835	1549900	5.32000017166138	5.26000022888184	5.28000020980835	5.30000019073486	1379900	5.34000015258789	5.28000020980835	5.30000019073486	5.32999992370606	2120500	5.38000011444092	5.28999996185303	5.34000015258789	5.32999992370606	1685200	5.34000015258789	5.25	5.32000017166138	5.30000019073486	2181000	5.34999990463257	5.28000020980835	5.28999996185303	5.34000015258789	3035700	5.40999984741211	5.30000019073486	5.3600001335144	5.30999994277954	1933500	5.32999992370606	5.26999998092651	5.30000019073486	5.32999992370606	1558600	5.26999998092651	5.21000003814697	5.25	5.21999979019165	2072400	5.23999977111816	5.15000009536743	5.23000001907349	5.15999984741211	1406600	5.21000003814697	5.15999984741211	5.19000005722046	5.19000005722046	2033100	5.21999979019165	5.1100001335144	5.19000005722046	5.13000011444092	2225300	5.13000011444092	5.05999994277954	5.13000011444092	5.07999992370606	1330500	5.13000011444092	5.07000017166138	5.09000015258789	5.13000011444092	2073100	5.21999979019165	5.13000011444092	5.19999980926514	5.19000005722046	1843600	5.28000020980835	5.17999982833862	5.19999980926514	5.23000001907349	22355300	4.8600001335144	4.3899998664856	4.84999990463257	4.46999979019165																				
2024-09-10	2024-09-06	INBX	Inhibrx Biosciences, Inc.	Lappe Mark	CEO	P - Purchase	15.25	44000	885,413	+5%	+$671,150	671000	17:00:58	4	119300	16.3400001525879	15.0500001907349	16.0900001525879	15.0600004196167	126300	15.7299995422363	15.0100002288818	15.2399997711182	15.1999998092651	72700	15.289999961853	15	15.1800003051758	15.1800003051758	110300	15.6300001144409	14.9799995422363	15.5	15	173700	15.3500003814697	14.5100002288818	14.960000038147	15.0799999237061	167000	16.5699996948242	15.2449998855591	15.3599996566772	16.4099998474121	187200	17.7399997711182	16.3500003814697	16.4300003051758	17.4300003051758	83800	17.7900009155273	17.0900001525879	17.6599998474121	17.2199993133545	72200	17.4750003814697	16.9899997711182	17.1299991607666	16.9899997711182	56200	17.6000003814697	16.7700004577637	17.2199993133545	17.4899997711182	302000	17.3899993896484	16.2299995422363	17.3899993896484	16.2800006866455	119800	16.5	15.6199998855591	16.3400001525879	15.6700000762939	104200	15.8999996185303	15.4200000762939	15.6300001144409	15.5	135500	15.5900001525879	15.1499996185303	15.5900001525879	15.4200000762939	83900	15.8850002288818	15.3100004196167	15.5699996948242	15.3299999237061	55400	16.0869998931885	15.1599998474121	15.3299999237061	15.5200004577637	105400	16.0100002288818	15.4200000762939	15.5500001907349	15.6599998474121	175400	15.6599998474121	15.1099996566772	15.5600004196167	15.4499998092651	94800	15.9099998474121	15.3599996566772	15.4499998092651	15.3999996185303	87000	15.289999961853	14.8000001907349	15.2799997329712	14.8800001144409	53300	15.0600004196167	14.6700000762939	15.0600004196167	14.7600002288818	66600	15.4799995422363	14.710000038147	14.7700004577637	15.2700004577637	176600	16.3500003814697	15.5	15.5600004196167	15.9899997711182	106700	16.2000007629395	15.4499998092651	16	15.6700000762939	83900	15.7700004577637	15.3699998855591	15.6599998474121	15.5799999237061	83700	15.6400003433228	15.3100004196167	15.5	15.6400003433228	51800	15.7959995269775	15.4899997711182	15.6549997329712	15.5	71100	16.2000007629395	15.4549999237061	15.5500001907349	15.7399997711182	91400	16.1299991607666	15.6300001144409	16.0200004577637	16.0499992370605	83200	17.0219993591309	15.8500003814697	16.1200008392334	16.1700000762939	38300	16.25	15.8199996948242	16.2099990844727	16	20300	15.9300003051758	15.5	15.8380002975464	15.5	28300	16	15.3100004196167	15.5	15.8000001907349	33600	15.8699998855591	15.3199996948242	15.6599998474121	15.7600002288818	21300	15.8909997940063	15.3000001907349	15.710000038147	15.3699998855591	26600	15.7849998474121	15.3400001525879	15.5699996948242	15.3699998855591	46600	16.3050003051758	15.6400003433228	15.6400003433228	16	37000	16.4300003051758	15.9440002441406	16	16.1000003814697	49400	16.4349994659424	16.0249996185303	16.1399993896484	16.2900009155273	35200	16.3449993133545	16	16.3199996948242	16.0300006866455	38900	16.4899997711182	15.6499996185303	16.2450008392334	15.8000001907349	28600	15.8500003814697	15.4099998474121	15.6599998474121	15.5500001907349	34000	15.710000038147	15.2410001754761	15.6099996566772	15.710000038147	95000	16.7900009155273	15.5799999237061	16.7900009155273	16.0499992370605	68600	16.6809997558594	16.1599998474121	16.1599998474121	16.2600002288818	79000	16.6299991607666	15.9659996032715	16.1499996185303	16.2099990844727															
2024-09-10	2024-09-06	PSEC	Prospect Capital Corp	Barry John F	CEO, 10%	P - Purchase	5.26	750000	71,130,578	+1%	+$3,945,000	3945000	16:01:12	4	3419400	5.30000019073486	5.19000005722046	5.26000022888184	5.28000020980835	3023200	5.34999990463257	5.28999996185303	5.30999994277954	5.30000019073486	1469400	5.34000015258789	5.25	5.34000015258789	5.28000020980835	1494500	5.32000017166138	5.21999979019165	5.30000019073486	5.32000017166138	1933300	5.42999982833862	5.30000019073486	5.34000015258789	5.40999984741211	3378300	5.57000017166138	5.42000007629395	5.44000005722046	5.55000019073486	3109700	5.57000017166138	5.42000007629395	5.55000019073486	5.48999977111816	3148800	5.51999998092651	5.3899998664856	5.51000022888184	5.40000009536743	4007800	5.46000003814697	5.34000015258789	5.42000007629395	5.42000007629395	2977300	5.48999977111816	5.3600001335144	5.42999982833862	5.48000001907349	4791600	5.55000019073486	5.42999982833862	5.5	5.48999977111816	2115500	5.53000020980835	5.42999982833862	5.51000022888184	5.44000005722046	2396200	5.51999998092651	5.44999980926514	5.44999980926514	5.46999979019165	2955200	5.48999977111816	5.32000017166138	5.48999977111816	5.32999992370606	2288800	5.38000011444092	5.25	5.32999992370606	5.28000020980835	1374200	5.32999992370606	5.26000022888184	5.26000022888184	5.30999994277954	1909000	5.3600001335144	5.28000020980835	5.30000019073486	5.34999990463257	1465200	5.3600001335144	5.28999996185303	5.34000015258789	5.34000015258789	2237500	5.3600001335144	5.21999979019165	5.34999990463257	5.26999998092651	1688300	5.28000020980835	5.17999982833862	5.25	5.28000020980835	2096200	5.32000017166138	5.23999977111816	5.28000020980835	5.25	1774600	5.28000020980835	5.17000007629395	5.25	5.19999980926514	2472700	5.23000001907349	5.09999990463257	5.19999980926514	5.11999988555908	1715200	5.15000009536743	5.09000015258789	5.11999988555908	5.1100001335144	2246000	5.19000005722046	5.09999990463257	5.13000011444092	5.15000009536743	2166700	5.15999984741211	5.05999994277954	5.1399998664856	5.07999992370606	1788500	5.13000011444092	5.03999996185303	5.07999992370606	5.1100001335144	1565300	5.19999980926514	5.11999988555908	5.11999988555908	5.17999982833862	1573400	5.28999996185303	5.19999980926514	5.19999980926514	5.28000020980835	1197400	5.28999996185303	5.23999977111816	5.26999998092651	5.28000020980835	1549900	5.32000017166138	5.26000022888184	5.28000020980835	5.30000019073486	1379900	5.34000015258789	5.28000020980835	5.30000019073486	5.32999992370606	2120500	5.38000011444092	5.28999996185303	5.34000015258789	5.32999992370606	1685200	5.34000015258789	5.25	5.32000017166138	5.30000019073486	2181000	5.34999990463257	5.28000020980835	5.28999996185303	5.34000015258789	3035700	5.40999984741211	5.30000019073486	5.3600001335144	5.30999994277954	1933500	5.32999992370606	5.26999998092651	5.30000019073486	5.32999992370606	1558600	5.26999998092651	5.21000003814697	5.25	5.21999979019165	2072400	5.23999977111816	5.15000009536743	5.23000001907349	5.15999984741211	1406600	5.21000003814697	5.15999984741211	5.19000005722046	5.19000005722046	2033100	5.21999979019165	5.1100001335144	5.19000005722046	5.13000011444092	2225300	5.13000011444092	5.05999994277954	5.13000011444092	5.07999992370606	1330500	5.13000011444092	5.07000017166138	5.09000015258789	5.13000011444092	2073100	5.21999979019165	5.13000011444092	5.19999980926514	5.19000005722046	1843600	5.28000020980835	5.17999982833862	5.19999980926514	5.23000001907349	22355300	4.8600001335144	4.3899998664856	4.84999990463257	4.46999979019165															
2024-09-09	2024-09-06	BSM	Black Stone Minerals, L.P.	Carter Thomas L Jr	CEO, Pres,, COB	P - Purchase	14.12	1e+05	14,908,151	+1%	+$1,411,800	1412000	18:02:29	3	641900	14.3699998855591	13.9499998092651	14.2799997329712	14.1000003814697	558700	14.1999998092651	13.960000038147	14.1000003814697	14.0500001907349	1211500	14.6000003814697	13.9700002670288	14.1000003814697	14.5900001525879	396200	14.7799997329712	14.4799995422363	14.6999998092651	14.6499996185303	244000	14.789999961853	14.5900001525879	14.7200002670288	14.789999961853	295300	14.8900003433228	14.5900001525879	14.8000001907349	14.6400003433228	266800	14.8999996185303	14.6999998092651	14.7200002670288	14.8900003433228	320700	15.039999961853	14.8699998855591	14.8900003433228	14.9399995803833	241300	15.0799999237061	14.8800001144409	14.8800001144409	14.9499998092651	263400	15.1499996185303	14.9700002670288	15.1000003814697	15	785100	15.0500001907349	14.8299999237061	15.0299997329712	14.9399995803833	256400	15.0699996948242	14.9300003051758	15.0699996948242	14.9899997711182	262100	15.039999961853	14.8999996185303	15.0100002288818	14.9300003051758	453600	14.9899997711182	14.7299995422363	14.9899997711182	14.9200000762939	595000	14.9799995422363	14.7200002670288	14.8199996948242	14.8100004196167	254400	15.039999961853	14.8500003814697	14.9200000762939	15	343600	15.1099996566772	14.8999996185303	14.9499998092651	15.1000003814697	326200	15.1999998092651	14.9359998703003	15	15.1400003433228	155000	15.1899995803833	15	15.1499996185303	15.1599998474121	194000	15.2700004577637	15.0880002975464	15.1499996185303	15.2200002670288	292500	15.3800001144409	15.2299995422363	15.2299995422363	15.3500003814697	617000	15.5649995803833	15.2799997329712	15.3199996948242	15.3599996566772	294200	15.289999961853	15.0950002670288	15.289999961853	15.1199998855591	221100	15.2200002670288	15.0200004577637	15.0900001525879	15.1700000762939	186100	15.289999961853	15.1300001144409	15.1800003051758	15.210000038147	358900	15.3149995803833	15.1300001144409	15.289999961853	15.2399997711182	444800	15.2299995422363	14.960000038147	15.2299995422363	15.0699996948242	354900	15.0299997329712	14.7600002288818	15	14.8599996566772	270400	15	14.8269996643066	14.9300003051758	14.9099998474121	209400	15.1000003814697	14.8990001678467	14.9099998474121	15.0900001525879	299000	15.039999961853	14.914999961853	15	14.960000038147	246800	15.0699996948242	14.8800001144409	14.9899997711182	14.9700002670288	204800	15.039999961853	14.8800001144409	15.0100002288818	15.0100002288818	341600	15.039999961853	14.8500003814697	15	14.9799995422363	332900	15.1300001144409	14.8489999771118	15	15.1099996566772	332100	15.1499996185303	14.8800001144409	15.1000003814697	14.9200000762939	543200	14.8699998855591	14.5699996948242	14.8500003814697	14.6700000762939	407500	14.8149995803833	14.6300001144409	14.710000038147	14.6499996185303	173700	14.7799997329712	14.6400003433228	14.6499996185303	14.7399997711182	162200	14.8420000076294	14.6700000762939	14.7799997329712	14.7600002288818	324500	14.914999961853	14.7299995422363	14.8000001907349	14.8699998855591	336900	15.5	14.8610000610352	15	14.9399995803833	602400	15.03600025177	14.6800003051758	14.8000001907349	14.9099998474121	887900	15.210000038147	14.8000001907349	15	15.1199998855591	639500	15.4610004425049	15.0500001907349	15.1599998474121	15.4200000762939																				
2024-09-09	2024-09-05	GBDC	Golub Capital Bdc, Inc.	Golub David	CEO	P - Purchase	14.85	40000	7,668,213	+1%	+$593,800	594000	17:07:55	4	1160000	14.9700002670288	14.8500003814697	14.8999996185303	14.8900003433228	1257000	14.9700002670288	14.6899995803833	14.9099998474121	14.7600002288818	1404500	14.9300003051758	14.7399997711182	14.8500003814697	14.75	1713800	14.8100004196167	14.6400003433228	14.8000001907349	14.6800003051758	1590400	14.7200002670288	14.4700002670288	14.6300001144409	14.6999998092651	1029400	14.9200000762939	14.7299995422363	14.75	14.8699998855591	1293100	15.0900001525879	14.9099998474121	14.9099998474121	15.0900001525879	1265000	15.1400003433228	15.0100002288818	15.1000003814697	15.0500001907349	1420100	15.0699996948242	14.8400001525879	15.0500001907349	14.8599996566772	737900	14.9899997711182	14.8500003814697	14.8500003814697	14.9499998092651	1467700	15.0900001525879	14.8900003433228	15	14.9200000762939	1231900	14.9300003051758	14.8400001525879	14.9300003051758	14.8900003433228	1123500	15	14.8699998855591	14.8900003433228	14.9799995422363	1269300	15.0600004196167	14.9499998092651	15	14.960000038147	1567700	14.9499998092651	14.7799997329712	14.9399995803833	14.7799997329712	1693500	15.0799999237061	14.8500003814697	14.8500003814697	14.9899997711182	2237800	15.1000003814697	14.9300003051758	15	14.960000038147	3712900	15.1599998474121	14.9200000762939	14.9499998092651	15.1099996566772	1657800	15.0900001525879	14.8199996948242	15.0699996948242	14.8900003433228	1075700	15.0299997329712	14.8999996185303	14.8999996185303	15	1092600	15.0500001907349	14.9300003051758	14.9700002670288	15.039999961853	1097700	15.1800003051758	15.0100002288818	15.1199998855591	15.1700000762939	1738500	15.1899995803833	15.039999961853	15.1499996185303	15.1800003051758	947900	15.1999998092651	15.0100002288818	15.1999998092651	15.1700000762939	951400	15.1800003051758	15.0600004196167	15.1700000762939	15.0699996948242	1363500	15.0900001525879	14.9899997711182	15.0200004577637	15.0600004196167	810800	15.1099996566772	15.039999961853	15.039999961853	15.0900001525879	635800	15.1700000762939	15.0900001525879	15.0900001525879	15.1499996185303	949800	15.3400001525879	15.1899995803833	15.1899995803833	15.2399997711182	1314600	15.3500003814697	15.2299995422363	15.3000001907349	15.3500003814697	1078000	15.4499998092651	15.3000001907349	15.3500003814697	15.4399995803833	863300	15.4799995422363	15.3800001144409	15.4300003051758	15.4399995803833	946600	15.5100002288818	15.4099998474121	15.4200000762939	15.4899997711182	1110400	15.5600004196167	15.3999996185303	15.5100002288818	15.4099998474121	1017300	15.4899997711182	15.3199996948242	15.4200000762939	15.4099998474121	1503300	15.5500001907349	15.3299999237061	15.4099998474121	15.5500001907349	1565800	15.5500001907349	15.2700004577637	15.5500001907349	15.2799997329712	1164200	15.5500001907349	15.3100004196167	15.3100004196167	15.5100002288818	1089700	15.5100002288818	15.3299999237061	15.5100002288818	15.3500003814697	826800	15.4499998092651	15.2399997711182	15.3199996948242	15.2799997329712	1107400	15.3500003814697	15.0699996948242	15.3100004196167	15.1400003433228	1294400	15.2299995422363	15.0799999237061	15.1599998474121	15.0799999237061	1010800	15.1000003814697	14.8800001144409	15.1000003814697	14.9300003051758	869100	15.0600004196167	14.8900003433228	14.8999996185303	15	1582800	15.4399995803833	15.0699996948242	15.25	15.3900003433228	877700	15.4399995803833	15.3199996948242	15.3699998855591	15.3599996566772															
2024-09-09	2024-09-05	PSEC	Prospect Capital Corp	Barry John F	CEO, 10%	P - Purchase	5.26	218957	70,380,578	0%	+$1,151,283	1151713.82	16:01:10	4	2749500	5.30999994277954	5.21000003814697	5.25	5.23000001907349	3419400	5.30000019073486	5.19000005722046	5.26000022888184	5.28000020980835	3023200	5.34999990463257	5.28999996185303	5.30999994277954	5.30000019073486	1469400	5.34000015258789	5.25	5.34000015258789	5.28000020980835	1494500	5.32000017166138	5.21999979019165	5.30000019073486	5.32000017166138	1933300	5.42999982833862	5.30000019073486	5.34000015258789	5.40999984741211	3378300	5.57000017166138	5.42000007629395	5.44000005722046	5.55000019073486	3109700	5.57000017166138	5.42000007629395	5.55000019073486	5.48999977111816	3148800	5.51999998092651	5.3899998664856	5.51000022888184	5.40000009536743	4007800	5.46000003814697	5.34000015258789	5.42000007629395	5.42000007629395	2977300	5.48999977111816	5.3600001335144	5.42999982833862	5.48000001907349	4791600	5.55000019073486	5.42999982833862	5.5	5.48999977111816	2115500	5.53000020980835	5.42999982833862	5.51000022888184	5.44000005722046	2396200	5.51999998092651	5.44999980926514	5.44999980926514	5.46999979019165	2955200	5.48999977111816	5.32000017166138	5.48999977111816	5.32999992370606	2288800	5.38000011444092	5.25	5.32999992370606	5.28000020980835	1374200	5.32999992370606	5.26000022888184	5.26000022888184	5.30999994277954	1909000	5.3600001335144	5.28000020980835	5.30000019073486	5.34999990463257	1465200	5.3600001335144	5.28999996185303	5.34000015258789	5.34000015258789	2237500	5.3600001335144	5.21999979019165	5.34999990463257	5.26999998092651	1688300	5.28000020980835	5.17999982833862	5.25	5.28000020980835	2096200	5.32000017166138	5.23999977111816	5.28000020980835	5.25	1774600	5.28000020980835	5.17000007629395	5.25	5.19999980926514	2472700	5.23000001907349	5.09999990463257	5.19999980926514	5.11999988555908	1715200	5.15000009536743	5.09000015258789	5.11999988555908	5.1100001335144	2246000	5.19000005722046	5.09999990463257	5.13000011444092	5.15000009536743	2166700	5.15999984741211	5.05999994277954	5.1399998664856	5.07999992370606	1788500	5.13000011444092	5.03999996185303	5.07999992370606	5.1100001335144	1565300	5.19999980926514	5.11999988555908	5.11999988555908	5.17999982833862	1573400	5.28999996185303	5.19999980926514	5.19999980926514	5.28000020980835	1197400	5.28999996185303	5.23999977111816	5.26999998092651	5.28000020980835	1549900	5.32000017166138	5.26000022888184	5.28000020980835	5.30000019073486	1379900	5.34000015258789	5.28000020980835	5.30000019073486	5.32999992370606	2120500	5.38000011444092	5.28999996185303	5.34000015258789	5.32999992370606	1685200	5.34000015258789	5.25	5.32000017166138	5.30000019073486	2181000	5.34999990463257	5.28000020980835	5.28999996185303	5.34000015258789	3035700	5.40999984741211	5.30000019073486	5.3600001335144	5.30999994277954	1933500	5.32999992370606	5.26999998092651	5.30000019073486	5.32999992370606	1558600	5.26999998092651	5.21000003814697	5.25	5.21999979019165	2072400	5.23999977111816	5.15000009536743	5.23000001907349	5.15999984741211	1406600	5.21000003814697	5.15999984741211	5.19000005722046	5.19000005722046	2033100	5.21999979019165	5.1100001335144	5.19000005722046	5.13000011444092	2225300	5.13000011444092	5.05999994277954	5.13000011444092	5.07999992370606	1330500	5.13000011444092	5.07000017166138	5.09000015258789	5.13000011444092	2073100	5.21999979019165	5.13000011444092	5.19999980926514	5.19000005722046	1843600	5.28000020980835	5.17999982833862	5.19999980926514	5.23000001907349															
2024-09-06	2024-09-04	PSEC	Prospect Capital Corp	Barry John F	CEO, 10%	P - Purchase	5.23	750000	70,161,621	+1%	+$3,922,500	3922500	16:01:13	2	3310500	5.28000020980835	5.15999984741211	5.15999984741211	5.21000003814697	2749500	5.30999994277954	5.21000003814697	5.25	5.23000001907349	3419400	5.30000019073486	5.19000005722046	5.26000022888184	5.28000020980835	3023200	5.34999990463257	5.28999996185303	5.30999994277954	5.30000019073486	1469400	5.34000015258789	5.25	5.34000015258789	5.28000020980835	1494500	5.32000017166138	5.21999979019165	5.30000019073486	5.32000017166138	1933300	5.42999982833862	5.30000019073486	5.34000015258789	5.40999984741211	3378300	5.57000017166138	5.42000007629395	5.44000005722046	5.55000019073486	3109700	5.57000017166138	5.42000007629395	5.55000019073486	5.48999977111816	3148800	5.51999998092651	5.3899998664856	5.51000022888184	5.40000009536743	4007800	5.46000003814697	5.34000015258789	5.42000007629395	5.42000007629395	2977300	5.48999977111816	5.3600001335144	5.42999982833862	5.48000001907349	4791600	5.55000019073486	5.42999982833862	5.5	5.48999977111816	2115500	5.53000020980835	5.42999982833862	5.51000022888184	5.44000005722046	2396200	5.51999998092651	5.44999980926514	5.44999980926514	5.46999979019165	2955200	5.48999977111816	5.32000017166138	5.48999977111816	5.32999992370606	2288800	5.38000011444092	5.25	5.32999992370606	5.28000020980835	1374200	5.32999992370606	5.26000022888184	5.26000022888184	5.30999994277954	1909000	5.3600001335144	5.28000020980835	5.30000019073486	5.34999990463257	1465200	5.3600001335144	5.28999996185303	5.34000015258789	5.34000015258789	2237500	5.3600001335144	5.21999979019165	5.34999990463257	5.26999998092651	1688300	5.28000020980835	5.17999982833862	5.25	5.28000020980835	2096200	5.32000017166138	5.23999977111816	5.28000020980835	5.25	1774600	5.28000020980835	5.17000007629395	5.25	5.19999980926514	2472700	5.23000001907349	5.09999990463257	5.19999980926514	5.11999988555908	1715200	5.15000009536743	5.09000015258789	5.11999988555908	5.1100001335144	2246000	5.19000005722046	5.09999990463257	5.13000011444092	5.15000009536743	2166700	5.15999984741211	5.05999994277954	5.1399998664856	5.07999992370606	1788500	5.13000011444092	5.03999996185303	5.07999992370606	5.1100001335144	1565300	5.19999980926514	5.11999988555908	5.11999988555908	5.17999982833862	1573400	5.28999996185303	5.19999980926514	5.19999980926514	5.28000020980835	1197400	5.28999996185303	5.23999977111816	5.26999998092651	5.28000020980835	1549900	5.32000017166138	5.26000022888184	5.28000020980835	5.30000019073486	1379900	5.34000015258789	5.28000020980835	5.30000019073486	5.32999992370606	2120500	5.38000011444092	5.28999996185303	5.34000015258789	5.32999992370606	1685200	5.34000015258789	5.25	5.32000017166138	5.30000019073486	2181000	5.34999990463257	5.28000020980835	5.28999996185303	5.34000015258789	3035700	5.40999984741211	5.30000019073486	5.3600001335144	5.30999994277954	1933500	5.32999992370606	5.26999998092651	5.30000019073486	5.32999992370606	1558600	5.26999998092651	5.21000003814697	5.25	5.21999979019165	2072400	5.23999977111816	5.15000009536743	5.23000001907349	5.15999984741211	1406600	5.21000003814697	5.15999984741211	5.19000005722046	5.19000005722046	2033100	5.21999979019165	5.1100001335144	5.19000005722046	5.13000011444092	2225300	5.13000011444092	5.05999994277954	5.13000011444092	5.07999992370606																									
2024-09-05	2024-09-03	LULU	Lululemon Athletica Inc.	McDonald Calvin	CEO	P - Purchase	260	4000	89,922	+5%	+$1,040,000	1040000	17:13:58	2	3072000	261.769989013672	251.75	258.260009765625	258.079986572266	2415300	257.489990234375	251.759994506836	254.240005493164	255.509994506836	1939000	257.769989013672	252.5	255.839996337891	253.699996948242	2589500	265.899993896484	250.649993896484	262.130004882813	253.839996337891	2031700	258.179992675781	247.100006103516	253.889999389648	248.589996337891	1440500	249.380004882813	244.880004882813	249	247.179992675781	1863000	255.690002441406	243.369995117188	248.050003051758	255.199996948242	1819200	260.390014648438	253.970001220703	254.020004272461	260.140014648438	1783200	268.779998779297	260.910003662109	261.010009765625	266.760009765625	1368900	267.450012207031	260.260009765625	266.989990234375	265.299987792969	1553900	270.440002441406	264.640014648438	266.899993896484	268.410003662109	2109400	274.640014648438	266.549987792969	269.579986572266	270.200012207031	2463600	281.179992675781	269.440002441406	275.980010986328	270.760009765625	2866900	270.760009765625	261.049987792969	270.75	262.609985351563	1717000	264.109985351563	259.529998779297	263	259.799987792969	2224000	271.760009765625	262.779998779297	266.690002441406	263.549987792969	1741400	264.029998779297	257.609985351563	263	259.739990234375	2187900	270.730010986328	265.730010986328	269	268.820007324219	2936200	283.660003662109	272.010009765625	273.220001220703	280.010009765625	1977400	281.329986572266	271.100006103516	278	271.350006103516	1983500	269.609985351563	261.75	267.670013427734	266.450012207031	1712000	265.679992675781	259.75	264.799987792969	260.529998779297	1715300	262.820007324219	256.5	258.480010986328	262.559997558594	2175200	274.660003662109	267.119995117188	267.769989013672	270.380004882813	2328700	273.570007324219	264.200012207031	270.649993896484	272.480010986328	1952400	279	268	271.089996337891	276.589996337891	1404600	278.570007324219	272.100006103516	277.839996337891	274.119995117188	1564900	274.489990234375	268.160003662109	273.670013427734	273.579986572266	1486300	279.049987792969	272	272.899993896484	278.25	2125700	287.190002441406	272.899993896484	278.5	286.760009765625	1948600	292.450012207031	285.269989013672	286.420013427734	287.480010986328	2344000	295.359985351563	286.709991455078	287.339996337891	294.209991455078	2670500	295.640014648438	283.619995117188	294.410003662109	283.709991455078	1693200	291.790008544922	282.149993896484	283.549987792969	291.630004882813	2482000	299.160003662109	291.309997558594	291.429992675781	297.739990234375	2031000	304.489990234375	296	298.239990234375	298.880004882813	1179400	297.529998779297	290.709991455078	297.140014648438	293.140014648438	1165700	299.220001220703	294.619995117188	295.399993896484	298.989990234375	2594200	313.089996337891	302.510009765625	302.809997558594	304.149993896484	1619100	310.160003662109	304.589996337891	306	307.540008544922	1605100	307.489990234375	303.850006103516	307.489990234375	304.820007324219	1528900	308.799987792969	301.5	303.459991455078	303.850006103516	1761100	303.709991455078	294.200012207031	302.700012207031	297.899993896484	3874700	322.359985351563	297.760009765625	299.850006103516	321.170013427734																									
2024-09-05	2024-09-03	GBDC	Golub Capital Bdc, Inc.	Golub David	CEO	P - Purchase	14.93	40000	7,628,213	+1%	+$597,000	597200	17:11:16	2	1417100	14.960000038147	14.8299999237061	14.8400001525879	14.8999996185303	1452100	15.039999961853	14.8599996566772	14.9700002670288	14.8999996185303	1160000	14.9700002670288	14.8500003814697	14.8999996185303	14.8900003433228	1257000	14.9700002670288	14.6899995803833	14.9099998474121	14.7600002288818	1404500	14.9300003051758	14.7399997711182	14.8500003814697	14.75	1713800	14.8100004196167	14.6400003433228	14.8000001907349	14.6800003051758	1590400	14.7200002670288	14.4700002670288	14.6300001144409	14.6999998092651	1029400	14.9200000762939	14.7299995422363	14.75	14.8699998855591	1293100	15.0900001525879	14.9099998474121	14.9099998474121	15.0900001525879	1265000	15.1400003433228	15.0100002288818	15.1000003814697	15.0500001907349	1420100	15.0699996948242	14.8400001525879	15.0500001907349	14.8599996566772	737900	14.9899997711182	14.8500003814697	14.8500003814697	14.9499998092651	1467700	15.0900001525879	14.8900003433228	15	14.9200000762939	1231900	14.9300003051758	14.8400001525879	14.9300003051758	14.8900003433228	1123500	15	14.8699998855591	14.8900003433228	14.9799995422363	1269300	15.0600004196167	14.9499998092651	15	14.960000038147	1567700	14.9499998092651	14.7799997329712	14.9399995803833	14.7799997329712	1693500	15.0799999237061	14.8500003814697	14.8500003814697	14.9899997711182	2237800	15.1000003814697	14.9300003051758	15	14.960000038147	3712900	15.1599998474121	14.9200000762939	14.9499998092651	15.1099996566772	1657800	15.0900001525879	14.8199996948242	15.0699996948242	14.8900003433228	1075700	15.0299997329712	14.8999996185303	14.8999996185303	15	1092600	15.0500001907349	14.9300003051758	14.9700002670288	15.039999961853	1097700	15.1800003051758	15.0100002288818	15.1199998855591	15.1700000762939	1738500	15.1899995803833	15.039999961853	15.1499996185303	15.1800003051758	947900	15.1999998092651	15.0100002288818	15.1999998092651	15.1700000762939	951400	15.1800003051758	15.0600004196167	15.1700000762939	15.0699996948242	1363500	15.0900001525879	14.9899997711182	15.0200004577637	15.0600004196167	810800	15.1099996566772	15.039999961853	15.039999961853	15.0900001525879	635800	15.1700000762939	15.0900001525879	15.0900001525879	15.1499996185303	949800	15.3400001525879	15.1899995803833	15.1899995803833	15.2399997711182	1314600	15.3500003814697	15.2299995422363	15.3000001907349	15.3500003814697	1078000	15.4499998092651	15.3000001907349	15.3500003814697	15.4399995803833	863300	15.4799995422363	15.3800001144409	15.4300003051758	15.4399995803833	946600	15.5100002288818	15.4099998474121	15.4200000762939	15.4899997711182	1110400	15.5600004196167	15.3999996185303	15.5100002288818	15.4099998474121	1017300	15.4899997711182	15.3199996948242	15.4200000762939	15.4099998474121	1503300	15.5500001907349	15.3299999237061	15.4099998474121	15.5500001907349	1565800	15.5500001907349	15.2700004577637	15.5500001907349	15.2799997329712	1164200	15.5500001907349	15.3100004196167	15.3100004196167	15.5100002288818	1089700	15.5100002288818	15.3299999237061	15.5100002288818	15.3500003814697	826800	15.4499998092651	15.2399997711182	15.3199996948242	15.2799997329712	1107400	15.3500003814697	15.0699996948242	15.3100004196167	15.1400003433228	1294400	15.2299995422363	15.0799999237061	15.1599998474121	15.0799999237061																									
2024-09-05	2024-09-03	PSEC	Prospect Capital Corp	Barry John F	CEO, 10%	P - Purchase	5.17	750000	69,411,621	+1%	+$3,877,500	3877500	16:01:14	2	4210700	5.28999996185303	5.11999988555908	5.19999980926514	5.15999984741211	3310500	5.28000020980835	5.15999984741211	5.15999984741211	5.21000003814697	2749500	5.30999994277954	5.21000003814697	5.25	5.23000001907349	3419400	5.30000019073486	5.19000005722046	5.26000022888184	5.28000020980835	3023200	5.34999990463257	5.28999996185303	5.30999994277954	5.30000019073486	1469400	5.34000015258789	5.25	5.34000015258789	5.28000020980835	1494500	5.32000017166138	5.21999979019165	5.30000019073486	5.32000017166138	1933300	5.42999982833862	5.30000019073486	5.34000015258789	5.40999984741211	3378300	5.57000017166138	5.42000007629395	5.44000005722046	5.55000019073486	3109700	5.57000017166138	5.42000007629395	5.55000019073486	5.48999977111816	3148800	5.51999998092651	5.3899998664856	5.51000022888184	5.40000009536743	4007800	5.46000003814697	5.34000015258789	5.42000007629395	5.42000007629395	2977300	5.48999977111816	5.3600001335144	5.42999982833862	5.48000001907349	4791600	5.55000019073486	5.42999982833862	5.5	5.48999977111816	2115500	5.53000020980835	5.42999982833862	5.51000022888184	5.44000005722046	2396200	5.51999998092651	5.44999980926514	5.44999980926514	5.46999979019165	2955200	5.48999977111816	5.32000017166138	5.48999977111816	5.32999992370606	2288800	5.38000011444092	5.25	5.32999992370606	5.28000020980835	1374200	5.32999992370606	5.26000022888184	5.26000022888184	5.30999994277954	1909000	5.3600001335144	5.28000020980835	5.30000019073486	5.34999990463257	1465200	5.3600001335144	5.28999996185303	5.34000015258789	5.34000015258789	2237500	5.3600001335144	5.21999979019165	5.34999990463257	5.26999998092651	1688300	5.28000020980835	5.17999982833862	5.25	5.28000020980835	2096200	5.32000017166138	5.23999977111816	5.28000020980835	5.25	1774600	5.28000020980835	5.17000007629395	5.25	5.19999980926514	2472700	5.23000001907349	5.09999990463257	5.19999980926514	5.11999988555908	1715200	5.15000009536743	5.09000015258789	5.11999988555908	5.1100001335144	2246000	5.19000005722046	5.09999990463257	5.13000011444092	5.15000009536743	2166700	5.15999984741211	5.05999994277954	5.1399998664856	5.07999992370606	1788500	5.13000011444092	5.03999996185303	5.07999992370606	5.1100001335144	1565300	5.19999980926514	5.11999988555908	5.11999988555908	5.17999982833862	1573400	5.28999996185303	5.19999980926514	5.19999980926514	5.28000020980835	1197400	5.28999996185303	5.23999977111816	5.26999998092651	5.28000020980835	1549900	5.32000017166138	5.26000022888184	5.28000020980835	5.30000019073486	1379900	5.34000015258789	5.28000020980835	5.30000019073486	5.32999992370606	2120500	5.38000011444092	5.28999996185303	5.34000015258789	5.32999992370606	1685200	5.34000015258789	5.25	5.32000017166138	5.30000019073486	2181000	5.34999990463257	5.28000020980835	5.28999996185303	5.34000015258789	3035700	5.40999984741211	5.30000019073486	5.3600001335144	5.30999994277954	1933500	5.32999992370606	5.26999998092651	5.30000019073486	5.32999992370606	1558600	5.26999998092651	5.21000003814697	5.25	5.21999979019165	2072400	5.23999977111816	5.15000009536743	5.23000001907349	5.15999984741211	1406600	5.21000003814697	5.15999984741211	5.19000005722046	5.19000005722046	2033100	5.21999979019165	5.1100001335144	5.19000005722046	5.13000011444092																									
2024-09-04	2024-08-30	HPK	Highpeak Energy, Inc.	Hightower Jack	CEO, 10%	P - Purchase	15.48	53905	86,100,645	0%	+$834,381	834449.4	20:53:23	5	317000	16.5	15.8999996185303	16.2000007629395	16.0799999237061	273700	16.1000003814697	15.1700000762939	15.8800001144409	15.2700004577637	222800	15.4870004653931	14.4399995803833	15.3599996566772	14.4799995422363	194800	14.7399997711182	14.0299997329712	14.7399997711182	14.0699996948242	292200	14.3100004196167	13.5500001907349	14.0799999237061	13.6999998092651	333800	14.3900003433228	13.75	13.7600002288818	14.1700000762939	497400	14.1800003051758	13.6199998855591	14.1800003051758	13.6999998092651	262400	13.9300003051758	13.4099998474121	13.6999998092651	13.8000001907349	420400	14.1700000762939	13.6999998092651	13.8999996185303	13.8999996185303	625200	14.3999996185303	13.5699996948242	14.0500001907349	13.8299999237061	325000	14.4750003814697	13.8299999237061	14.0799999237061	14.4399995803833	495800	15.25	14.5299997329712	14.5299997329712	15.2399997711182	383200	15.7449998855591	15.1099996566772	15.2399997711182	15.25	329500	15.8400001525879	15.3199996948242	15.75	15.5100002288818	1489900	15.7299995422363	15.1099996566772	15.4700002670288	15.1199998855591	838300	16.5599994659424	15.4200000762939	15.8100004196167	15.4899997711182	274100	15.9499998092651	15.2600002288818	15.8100004196167	15.3699998855591	378100	15.5740003585815	14.9799995422363	15.4799995422363	14.9799995422363	723400	14.8900003433228	13.9899997711182	14.6199998855591	14.0299997329712	276700	14.6350002288818	14.1569995880127	14.2200002670288	14.5799999237061	684400	14.6099996566772	13.8100004196167	14.5799999237061	13.8800001144409	412700	14.460000038147	13.6999998092651	13.8000001907349	14.3900003433228	262300	14.789999961853	14.1350002288818	14.7399997711182	14.5699996948242	386700	15.25	14.5200004577637	14.6400003433228	15.1000003814697	307500	15.3050003051758	14.9750003814697	15.2600002288818	15.1499996185303	540100	15.6800003051758	15.0799999237061	15.2200002670288	15.460000038147	301900	15.1459999084473	14.3100004196167	15.1000003814697	14.3400001525879	233600	14.4700002670288	14	14.1599998474121	14.4499998092651	148900	14.8299999237061	14.3000001907349	14.5699996948242	14.6700000762939	350100	15	14.5600004196167	14.5600004196167	14.8900003433228	212900	14.8199996948242	14.3199996948242	14.6899995803833	14.4499998092651	280200	14.3000001907349	13.7919998168945	13.9499998092651	14.1000003814697	165000	14.3100004196167	14.1000003814697	14.2200002670288	14.2799997329712	144500	14.4099998474121	14.0699996948242	14.25	14.3699998855591	235500	14.3599996566772	14.0200004577637	14.3599996566772	14.1499996185303	217000	14.3900003433228	13.8850002288818	14.3900003433228	13.9799995422363	161000	14.3050003051758	13.8500003814697	14.0500001907349	14.1599998474121	129200	14.1800003051758	13.7799997329712	14.1599998474121	13.8599996566772	203100	14.1199998855591	13.7200002670288	14.0100002288818	14.0900001525879	110400	14.4300003051758	14.1000003814697	14.2299995422363	14.3900003433228	356000	14.1199998855591	13.5600004196167	13.8500003814697	13.6899995803833	297400	13.6999998092651	13.0699996948242	13.6099996566772	13.1099996566772	326500	13.4099998474121	12.960000038147	13.2200002670288	13.1199998855591	447200	13.2399997711182	12.7200002670288	13.2399997711182	12.8000001907349	313600	13.039999961853	12.4799995422363	12.9099998474121	12.5299997329712																				
2024-09-04	2024-09-04	DYN	Dyne Therapeutics, Inc.	Cox John	CEO, Pres	P - Purchase	33.04	32000	37,000	+640%	+$1,057,216	1057280	17:42:18	0	3169200	34.7200012207031	31.170000076294	31.8799991607666	33.7599983215332	1895200	35.0999984741211	33.2099990844727	34.7099990844727	33.6500015258789	1418800	34.1100006103516	31.5699996948242	33.5699996948242	33.0299987792969	1210400	34.4599990844727	31.7800006866455	33.6800003051758	32.4700012207031	1435300	32.8300018310547	31	32.4700012207031	32.4300003051758	880400	33.1599998474121	31.5900001525879	31.7900009155273	32.5999984741211	852300	33.4099998474121	32.2000007629395	32.7700004577637	33.0699996948242	927500	34.25	33.3499984741211	33.3499984741211	34.060001373291	1212900	35.0900001525879	33.7400016784668	34.3600006103516	34.4000015258789	881700	35.2299995422363	34.2550010681152	34.6199989318848	34.5999984741211	1062200	35.2700004577637	34.0499992370606	34.4700012207031	34.3400001525879	2431900	37.0800018310547	34.8699989318848	35.060001373291	36.4099998474121	3414000	37.0400009155273	35.9900016784668	36.4799995422363	36.5900001525879	1618600	36.7900009155273	34.5449981689453	36.6399993896484	34.6300010681152	1936300	35.2299995422363	32.1800003051758	34.6199989318848	33.4000015258789	709900	35.2200012207031	33.5499992370606	33.7400016784668	34.8800010681152	904800	35.4599990844727	34.2799987792969	35.4599990844727	34.6199989318848	517800	34.9199981689453	33.689998626709	34.8699989318848	33.8300018310547	1275600	36.0900001525879	33.4500007629395	33.6800003051758	35.9199981689453	868100	35.7700004577637	34.0400009155273	35.7400016784668	34.7599983215332	655000	35.6300010681152	34.2999992370606	34.7400016784668	35.5499992370606	1099100	35.4300003051758	33.4700012207031	35.0900001525879	33.5499992370606	1240300	34	32.3899993896484	34	32.5800018310547	886700	32.439998626709	31.5450000762939	32.3699989318848	31.6800003051758	844700	33.7700004577637	31.6800003051758	32.1300010681152	33.1300010681152	470400	33.1399993896484	31.9200000762939	33	32.0200004577637	696600	32.5800018310547	31.2399997711182	31.3999996185303	32.560001373291	682400	33.9500007629395	32.4160003662109	32.6100006103516	33.6699981689453	473900	33.9500007629395	32.9300003051758	33.4300003051758	33.310001373291	533100	34.0900001525879	32.5400009155273	33.1699981689453	33.5900001525879	933000	35.9000015258789	33.8050003051758	33.8699989318848	35.4000015258789	689000	35.765998840332	34.7050018310547	35.4099998474121	34.7299995422363	1596500	35.4000015258789	34.4900016784668	34.9199981689453	35.2400016784668	709400	35	33.435001373291	34.8199996948242	33.4799995422363	243700	33.689998626709	32.7900009155273	32.810001373291	33.3899993896484	781600	33.4249992370606	32	33.1599998474121	32.3600006103516	972300	32.2540016174316	30.6900005340576	31.3299999237061	31.1000003814697	802900	31.8299999237061	30.6700000762939	31.2199993133545	30.7299995422363	796000	31.5499992370606	30.6499996185303	31.4899997711182	30.7800006866455	716800	30.6700000762939	29.9400005340576	30.6700000762939	30.2199993133545	712600	30.6100006103516	28.9899997711182	29.9799995422363	29.2000007629395	1028700	29.2099990844727	28.2199993133545	29.0900001525879	28.8600006103516	961900	29.2250003814697	27.6580009460449	29.0900001525879	28.7399997711182																														
2024-09-04	2024-08-30	PSEC	Prospect Capital Corp	Barry John F	CEO, 10%	P - Purchase	5.17	2500000	68,661,621	+4%	+$12,935,000	12925000	16:01:19	5	6417000	5.23000001907349	5	5	5.23000001907349	4210700	5.28999996185303	5.11999988555908	5.19999980926514	5.15999984741211	3310500	5.28000020980835	5.15999984741211	5.15999984741211	5.21000003814697	2749500	5.30999994277954	5.21000003814697	5.25	5.23000001907349	3419400	5.30000019073486	5.19000005722046	5.26000022888184	5.28000020980835	3023200	5.34999990463257	5.28999996185303	5.30999994277954	5.30000019073486	1469400	5.34000015258789	5.25	5.34000015258789	5.28000020980835	1494500	5.32000017166138	5.21999979019165	5.30000019073486	5.32000017166138	1933300	5.42999982833862	5.30000019073486	5.34000015258789	5.40999984741211	3378300	5.57000017166138	5.42000007629395	5.44000005722046	5.55000019073486	3109700	5.57000017166138	5.42000007629395	5.55000019073486	5.48999977111816	3148800	5.51999998092651	5.3899998664856	5.51000022888184	5.40000009536743	4007800	5.46000003814697	5.34000015258789	5.42000007629395	5.42000007629395	2977300	5.48999977111816	5.3600001335144	5.42999982833862	5.48000001907349	4791600	5.55000019073486	5.42999982833862	5.5	5.48999977111816	2115500	5.53000020980835	5.42999982833862	5.51000022888184	5.44000005722046	2396200	5.51999998092651	5.44999980926514	5.44999980926514	5.46999979019165	2955200	5.48999977111816	5.32000017166138	5.48999977111816	5.32999992370606	2288800	5.38000011444092	5.25	5.32999992370606	5.28000020980835	1374200	5.32999992370606	5.26000022888184	5.26000022888184	5.30999994277954	1909000	5.3600001335144	5.28000020980835	5.30000019073486	5.34999990463257	1465200	5.3600001335144	5.28999996185303	5.34000015258789	5.34000015258789	2237500	5.3600001335144	5.21999979019165	5.34999990463257	5.26999998092651	1688300	5.28000020980835	5.17999982833862	5.25	5.28000020980835	2096200	5.32000017166138	5.23999977111816	5.28000020980835	5.25	1774600	5.28000020980835	5.17000007629395	5.25	5.19999980926514	2472700	5.23000001907349	5.09999990463257	5.19999980926514	5.11999988555908	1715200	5.15000009536743	5.09000015258789	5.11999988555908	5.1100001335144	2246000	5.19000005722046	5.09999990463257	5.13000011444092	5.15000009536743	2166700	5.15999984741211	5.05999994277954	5.1399998664856	5.07999992370606	1788500	5.13000011444092	5.03999996185303	5.07999992370606	5.1100001335144	1565300	5.19999980926514	5.11999988555908	5.11999988555908	5.17999982833862	1573400	5.28999996185303	5.19999980926514	5.19999980926514	5.28000020980835	1197400	5.28999996185303	5.23999977111816	5.26999998092651	5.28000020980835	1549900	5.32000017166138	5.26000022888184	5.28000020980835	5.30000019073486	1379900	5.34000015258789	5.28000020980835	5.30000019073486	5.32999992370606	2120500	5.38000011444092	5.28999996185303	5.34000015258789	5.32999992370606	1685200	5.34000015258789	5.25	5.32000017166138	5.30000019073486	2181000	5.34999990463257	5.28000020980835	5.28999996185303	5.34000015258789	3035700	5.40999984741211	5.30000019073486	5.3600001335144	5.30999994277954	1933500	5.32999992370606	5.26999998092651	5.30000019073486	5.32999992370606	1558600	5.26999998092651	5.21000003814697	5.25	5.21999979019165	2072400	5.23999977111816	5.15000009536743	5.23000001907349	5.15999984741211	1406600	5.21000003814697	5.15999984741211	5.19000005722046	5.19000005722046	2033100	5.21999979019165	5.1100001335144	5.19000005722046	5.13000011444092																				
2024-09-03	2024-09-03	PENN	Penn Entertainment, Inc.	Snowden Jay A	Pres, CEO	P - Purchase	18.44	54200	853,045	+7%	+$999,448	999448	17:56:16	0	2713600	18.7700004577637	18.0599994659424	18.4099998474121	18.2399997711182	6073700	19.3700008392334	18.3999996185303	18.4899997711182	19.1599998474121	2391300	19.5200004577637	18.7399997711182	19.25	18.8400001525879	5121900	19.2199993133545	18.0499992370605	18.9500007629395	18.0699996948242	3350500	18.3199996948242	17.5300006866455	18.25	17.6700000762939	2600400	18.1000003814697	17.2299995422363	17.8400001525879	17.4200000762939	2595800	17.75	17.0200004577637	17.3299999237061	17.6299991607666	3380700	18.5300006866455	17.7199993133545	17.7399997711182	18.3600006103516	6888900	19.9500007629395	18.7199993133545	18.7600002288818	19.8999996185303	3479000	20.3400001525879	19.6100006103516	19.9899997711182	20.0200004577637	2843100	20.3099994659424	19.3799991607666	20.25	19.7800006866455	2836500	20.3700008392334	19.5200004577637	19.8700008392334	19.6200008392334	3456600	20.4300003051758	19.8799991607666	20.2199993133545	20.0499992370606	3743600	20.1000003814697	19.5799999237061	19.9099998474121	20.0799999237061	3208600	20.1900005340576	19.4400005340576	20.1800003051758	19.5100002288818	3473100	19.8500003814697	18.7399997711182	19.6399993896484	18.8099994659424	5017500	19.1800003051758	18.6499996185303	19.0200004577637	18.7000007629395	3509000	19.1800003051758	18.5799999237061	18.9799995422363	19.0400009155273	2566400	19.3899993896484	18.9400005340576	19.3400001525879	19.2800006866455	2229800	19.4699993133545	18.8400001525879	19.1000003814697	18.8600006103516	3792000	18.8700008392334	18.4300003051758	18.7800006866455	18.4699993133545	2277600	18.9599990844727	18.1700000762939	18.2900009155273	18.3500003814697	2335700	18.4500007629395	18.0599994659424	18.2099990844727	18.4200000762939	2542600	19.1800003051758	18.6299991607666	18.9099998474121	18.9599990844727	3519200	19.1100006103516	18.4099998474121	18.8999996185303	18.5699996948242	4286000	19.2600002288818	18.1599998474121	18.5	18.4799995422363	2732700	18.8099994659424	18.2199993133545	18.3600006103516	18.75	2339300	18.7399997711182	18.2600002288818	18.6700000762939	18.4599990844727	1887600	18.7399997711182	18.2900009155273	18.2900009155273	18.5200004577637	2155200	18.7099990844727	18.3899993896484	18.3899993896484	18.4799995422363	4980800	18.7600002288818	18.3799991607666	18.4300003051758	18.5100002288818	3055500	18.7800006866455	18.4799995422363	18.5100002288818	18.7399997711182	2035400	18.8199996948242	18.5200004577637	18.6299991607666	18.7800006866455	1355200	19	18.6499996185303	18.8899993896484	18.9899997711182	2505700	19.0400009155273	18.2299995422363	18.9099998474121	18.3999996185303	2734700	18.9300003051758	18.0400009155273	18.3099994659424	18.8799991607666	1760100	19.0400009155273	18.4799995422363	18.6000003814697	18.6200008392334	2937600	19.2600002288818	18.6700000762939	18.8099994659424	19.1900005340576	3771300	20.0200004577637	19.1100006103516	19.3700008392334	19.9099998474121	2113400	20.3199996948242	19.7099990844727	20.0300006866455	19.8899993896484	3450900	20.8199996948242	19.5900001525879	19.8299999237061	20.7900009155273	2903300	21.3199996948242	20.5499992370605	20.5499992370605	20.7000007629395	2491700	20.75	19.7199993133545	20.7299995422363	19.75	2228300	20.1599998474121	19.2000007629395	19.7700004577637	19.4500007629395																									
2024-09-03	2024-08-29	INBX	Inhibrx Biosciences, Inc.	Lappe Mark	CEO	P - Purchase	14.92	40000	841,413	+5%	+$596,763	596800	17:31:03	5	61500	14.2449998855591	13.8999996185303	14.0900001525879	13.9099998474121	146300	14.6700000762939	13.9499998092651	14.0600004196167	14.5600004196167	290300	16.4899997711182	14.6499996185303	14.6499996185303	15.9499998092651	117500	16.2999992370605	15.5550003051758	16.1700000762939	16.0400009155273	78000	16.0900001525879	15.6700000762939	15.9799995422363	16.0400009155273	119300	16.3400001525879	15.0500001907349	16.0900001525879	15.0600004196167	126300	15.7299995422363	15.0100002288818	15.2399997711182	15.1999998092651	72700	15.289999961853	15	15.1800003051758	15.1800003051758	110300	15.6300001144409	14.9799995422363	15.5	15	173700	15.3500003814697	14.5100002288818	14.960000038147	15.0799999237061	167000	16.5699996948242	15.2449998855591	15.3599996566772	16.4099998474121	187200	17.7399997711182	16.3500003814697	16.4300003051758	17.4300003051758	83800	17.7900009155273	17.0900001525879	17.6599998474121	17.2199993133545	72200	17.4750003814697	16.9899997711182	17.1299991607666	16.9899997711182	56200	17.6000003814697	16.7700004577637	17.2199993133545	17.4899997711182	302000	17.3899993896484	16.2299995422363	17.3899993896484	16.2800006866455	119800	16.5	15.6199998855591	16.3400001525879	15.6700000762939	104200	15.8999996185303	15.4200000762939	15.6300001144409	15.5	135500	15.5900001525879	15.1499996185303	15.5900001525879	15.4200000762939	83900	15.8850002288818	15.3100004196167	15.5699996948242	15.3299999237061	55400	16.0869998931885	15.1599998474121	15.3299999237061	15.5200004577637	105400	16.0100002288818	15.4200000762939	15.5500001907349	15.6599998474121	175400	15.6599998474121	15.1099996566772	15.5600004196167	15.4499998092651	94800	15.9099998474121	15.3599996566772	15.4499998092651	15.3999996185303	87000	15.289999961853	14.8000001907349	15.2799997329712	14.8800001144409	53300	15.0600004196167	14.6700000762939	15.0600004196167	14.7600002288818	66600	15.4799995422363	14.710000038147	14.7700004577637	15.2700004577637	176600	16.3500003814697	15.5	15.5600004196167	15.9899997711182	106700	16.2000007629395	15.4499998092651	16	15.6700000762939	83900	15.7700004577637	15.3699998855591	15.6599998474121	15.5799999237061	83700	15.6400003433228	15.3100004196167	15.5	15.6400003433228	51800	15.7959995269775	15.4899997711182	15.6549997329712	15.5	71100	16.2000007629395	15.4549999237061	15.5500001907349	15.7399997711182	91400	16.1299991607666	15.6300001144409	16.0200004577637	16.0499992370605	83200	17.0219993591309	15.8500003814697	16.1200008392334	16.1700000762939	38300	16.25	15.8199996948242	16.2099990844727	16	20300	15.9300003051758	15.5	15.8380002975464	15.5	28300	16	15.3100004196167	15.5	15.8000001907349	33600	15.8699998855591	15.3199996948242	15.6599998474121	15.7600002288818	21300	15.8909997940063	15.3000001907349	15.710000038147	15.3699998855591	26600	15.7849998474121	15.3400001525879	15.5699996948242	15.3699998855591	46600	16.3050003051758	15.6400003433228	15.6400003433228	16	37000	16.4300003051758	15.9440002441406	16	16.1000003814697	49400	16.4349994659424	16.0249996185303	16.1399993896484	16.2900009155273	35200	16.3449993133545	16	16.3199996948242	16.0300006866455	38900	16.4899997711182	15.6499996185303	16.2450008392334	15.8000001907349															
2024-09-03	2024-08-28	MRAI	Marpai, Inc.	Lamendola Damien	CEO, 10%	P - Purchase	0.48	1351351	6,049,331	+29%	+$650,000	648648.48	16:36:28	6	3600	0.549000024795532	0.479999989271164	0.549000024795532	0.481000006198883	2200	0.490000009536743	0.419999986886978	0.421000003814697	0.430000007152557	20300	0.563000023365021	0.449999988079071	0.465999990701675	0.550000011920929	31800	0.629999995231628	0.512000024318695	0.529999971389771	0.600000023841858	4600	0.699999988079071	0.621999979019165	0.621999979019165	0.699999988079071	100	0.649999976158142	0.649999976158142	0.649999976158142	0.649999976158142	8400	0.759999990463257	0.651000022888184	0.72000002861023	0.689999997615814	1800	0.689999997615814	0.535000026226044	0.689999997615814	0.544000029563904	1500	0.689999997615814	0.519999980926514	0.689999997615814	0.59799998998642	300	0.564999997615814	0.564999997615814	0.564999997615814	0.564999997615814	0	0.564999997615814	0.564999997615814	0.564999997615814	0.564999997615814	1200	0.514999985694885	0.509999990463257	0.514999985694885	0.509999990463257	7600	0.540000021457672	0.5	0.5	0.509999990463257	200	0.509999990463257	0.509999990463257	0.509999990463257	0.509999990463257	6300	0.625	0.560000002384186	0.560000002384186	0.606000006198883	1300	0.625	0.560000002384186	0.625	0.625	1900	0.541000008583069	0.519999980926514	0.529999971389771	0.519999980926514	3600	0.586000025272369	0.519999980926514	0.519999980926514	0.519999980926514	700	0.476999998092651	0.462000012397766	0.462000012397766	0.476999998092651	95100	0.5799999833107	0.460999995470047	0.460999995470047	0.560000002384186	50800	0.689999997615814	0.600000023841858	0.600000023841858	0.605000019073486	28100	0.605000019073486	0.485000014305115	0.59799998998642	0.5799999833107	96500	0.605000019073486	0.555000007152557	0.5799999833107	0.555000007152557	100	0.481000006198883	0.481000006198883	0.481000006198883	0.481000006198883	3000	0.503000020980835	0.470999985933304	0.503000020980835	0.49099999666214	30400	0.5	0.481000006198883	0.490000009536743	0.5	105100	0.600000023841858	0.430999994277954	0.5	0.600000023841858	114200	0.699999988079071	0.509999990463257	0.514999985694885	0.529999971389771	245400	0.683000028133392	0.509999990463257	0.639999985694885	0.680000007152557	17500	0.72000002861023	0.519999980926514	0.519999980926514	0.709999978542328	15100	0.699999988079071	0.649999976158142	0.649999976158142	0.699999988079071	8900	0.651000022888184	0.649999976158142	0.651000022888184	0.649999976158142	7500	0.699999988079071	0.592000007629395	0.592000007629395	0.620000004768372	21800	0.589999973773956	0.519999980926514	0.589999973773956	0.519999980926514	16600	0.589999973773956	0.550000011920929	0.550000011920929	0.560999989509583	2600	0.660000026226044	0.495999991893768	0.564999997615814	0.550000011920929	16400	0.660000026226044	0.472000002861023	0.472000002861023	0.554000020027161	20000	0.629999995231628	0.46000000834465	0.5	0.560000002384186	1400	0.680000007152557	0.490000009536743	0.680000007152557	0.490000009536743	2100	0.680000007152557	0.469999998807907	0.680000007152557	0.474999994039536	4100	0.479999989271164	0.474999994039536	0.474999994039536	0.479999989271164	65700	0.774999976158142	0.479999989271164	0.479999989271164	0.699999988079071	112300	0.904999971389771	0.560000002384186	0.64300000667572	0.805999994277954	16800	0.837000012397766	0.643999993801117	0.799000024795532	0.810000002384186	28900	0.939999997615814	0.810000002384186	0.810000002384186	0.899999976158142	17500	0.939999997615814	0.899999976158142	0.930000007152557	0.939999997615814	8200	0.939999997615814	0.72000002861023	0.939999997615814	0.72000002861023										
2024-09-03	2024-08-29	GBDC	Golub Capital Bdc, Inc.	Golub David	CEO	P - Purchase	15.01	40000	7,588,213	+1%	+$600,200	600400	16:29:05	5	2726000	15.3999996185303	14.9899997711182	15.1499996185303	15.0900001525879	1715600	14.9399995803833	14.7299995422363	14.7399997711182	14.8900003433228	1417100	14.960000038147	14.8299999237061	14.8400001525879	14.8999996185303	1452100	15.039999961853	14.8599996566772	14.9700002670288	14.8999996185303	1160000	14.9700002670288	14.8500003814697	14.8999996185303	14.8900003433228	1257000	14.9700002670288	14.6899995803833	14.9099998474121	14.7600002288818	1404500	14.9300003051758	14.7399997711182	14.8500003814697	14.75	1713800	14.8100004196167	14.6400003433228	14.8000001907349	14.6800003051758	1590400	14.7200002670288	14.4700002670288	14.6300001144409	14.6999998092651	1029400	14.9200000762939	14.7299995422363	14.75	14.8699998855591	1293100	15.0900001525879	14.9099998474121	14.9099998474121	15.0900001525879	1265000	15.1400003433228	15.0100002288818	15.1000003814697	15.0500001907349	1420100	15.0699996948242	14.8400001525879	15.0500001907349	14.8599996566772	737900	14.9899997711182	14.8500003814697	14.8500003814697	14.9499998092651	1467700	15.0900001525879	14.8900003433228	15	14.9200000762939	1231900	14.9300003051758	14.8400001525879	14.9300003051758	14.8900003433228	1123500	15	14.8699998855591	14.8900003433228	14.9799995422363	1269300	15.0600004196167	14.9499998092651	15	14.960000038147	1567700	14.9499998092651	14.7799997329712	14.9399995803833	14.7799997329712	1693500	15.0799999237061	14.8500003814697	14.8500003814697	14.9899997711182	2237800	15.1000003814697	14.9300003051758	15	14.960000038147	3712900	15.1599998474121	14.9200000762939	14.9499998092651	15.1099996566772	1657800	15.0900001525879	14.8199996948242	15.0699996948242	14.8900003433228	1075700	15.0299997329712	14.8999996185303	14.8999996185303	15	1092600	15.0500001907349	14.9300003051758	14.9700002670288	15.039999961853	1097700	15.1800003051758	15.0100002288818	15.1199998855591	15.1700000762939	1738500	15.1899995803833	15.039999961853	15.1499996185303	15.1800003051758	947900	15.1999998092651	15.0100002288818	15.1999998092651	15.1700000762939	951400	15.1800003051758	15.0600004196167	15.1700000762939	15.0699996948242	1363500	15.0900001525879	14.9899997711182	15.0200004577637	15.0600004196167	810800	15.1099996566772	15.039999961853	15.039999961853	15.0900001525879	635800	15.1700000762939	15.0900001525879	15.0900001525879	15.1499996185303	949800	15.3400001525879	15.1899995803833	15.1899995803833	15.2399997711182	1314600	15.3500003814697	15.2299995422363	15.3000001907349	15.3500003814697	1078000	15.4499998092651	15.3000001907349	15.3500003814697	15.4399995803833	863300	15.4799995422363	15.3800001144409	15.4300003051758	15.4399995803833	946600	15.5100002288818	15.4099998474121	15.4200000762939	15.4899997711182	1110400	15.5600004196167	15.3999996185303	15.5100002288818	15.4099998474121	1017300	15.4899997711182	15.3199996948242	15.4200000762939	15.4099998474121	1503300	15.5500001907349	15.3299999237061	15.4099998474121	15.5500001907349	1565800	15.5500001907349	15.2700004577637	15.5500001907349	15.2799997329712	1164200	15.5500001907349	15.3100004196167	15.3100004196167	15.5100002288818	1089700	15.5100002288818	15.3299999237061	15.5100002288818	15.3500003814697	826800	15.4499998092651	15.2399997711182	15.3199996948242	15.2799997329712	1107400	15.3500003814697	15.0699996948242	15.3100004196167	15.1400003433228	1294400	15.2299995422363	15.0799999237061	15.1599998474121	15.0799999237061															
2024-08-29	2024-08-27	HPK	Highpeak Energy, Inc.	Hightower Jack	CEO, 10%	P - Purchase	15.45	132487	86,046,740	0%	+$2,047,578	2046924.15	20:41:17	2	130200	15.6499996185303	15.3000001907349	15.3999996185303	15.4700002670288	153300	15.5699996948242	15.1999998092651	15.3000001907349	15.5100002288818	260300	16.1800003051758	15.3299999237061	15.7399997711182	16.1800003051758	317000	16.5	15.8999996185303	16.2000007629395	16.0799999237061	273700	16.1000003814697	15.1700000762939	15.8800001144409	15.2700004577637	222800	15.4870004653931	14.4399995803833	15.3599996566772	14.4799995422363	194800	14.7399997711182	14.0299997329712	14.7399997711182	14.0699996948242	292200	14.3100004196167	13.5500001907349	14.0799999237061	13.6999998092651	333800	14.3900003433228	13.75	13.7600002288818	14.1700000762939	497400	14.1800003051758	13.6199998855591	14.1800003051758	13.6999998092651	262400	13.9300003051758	13.4099998474121	13.6999998092651	13.8000001907349	420400	14.1700000762939	13.6999998092651	13.8999996185303	13.8999996185303	625200	14.3999996185303	13.5699996948242	14.0500001907349	13.8299999237061	325000	14.4750003814697	13.8299999237061	14.0799999237061	14.4399995803833	495800	15.25	14.5299997329712	14.5299997329712	15.2399997711182	383200	15.7449998855591	15.1099996566772	15.2399997711182	15.25	329500	15.8400001525879	15.3199996948242	15.75	15.5100002288818	1489900	15.7299995422363	15.1099996566772	15.4700002670288	15.1199998855591	838300	16.5599994659424	15.4200000762939	15.8100004196167	15.4899997711182	274100	15.9499998092651	15.2600002288818	15.8100004196167	15.3699998855591	378100	15.5740003585815	14.9799995422363	15.4799995422363	14.9799995422363	723400	14.8900003433228	13.9899997711182	14.6199998855591	14.0299997329712	276700	14.6350002288818	14.1569995880127	14.2200002670288	14.5799999237061	684400	14.6099996566772	13.8100004196167	14.5799999237061	13.8800001144409	412700	14.460000038147	13.6999998092651	13.8000001907349	14.3900003433228	262300	14.789999961853	14.1350002288818	14.7399997711182	14.5699996948242	386700	15.25	14.5200004577637	14.6400003433228	15.1000003814697	307500	15.3050003051758	14.9750003814697	15.2600002288818	15.1499996185303	540100	15.6800003051758	15.0799999237061	15.2200002670288	15.460000038147	301900	15.1459999084473	14.3100004196167	15.1000003814697	14.3400001525879	233600	14.4700002670288	14	14.1599998474121	14.4499998092651	148900	14.8299999237061	14.3000001907349	14.5699996948242	14.6700000762939	350100	15	14.5600004196167	14.5600004196167	14.8900003433228	212900	14.8199996948242	14.3199996948242	14.6899995803833	14.4499998092651	280200	14.3000001907349	13.7919998168945	13.9499998092651	14.1000003814697	165000	14.3100004196167	14.1000003814697	14.2200002670288	14.2799997329712	144500	14.4099998474121	14.0699996948242	14.25	14.3699998855591	235500	14.3599996566772	14.0200004577637	14.3599996566772	14.1499996185303	217000	14.3900003433228	13.8850002288818	14.3900003433228	13.9799995422363	161000	14.3050003051758	13.8500003814697	14.0500001907349	14.1599998474121	129200	14.1800003051758	13.7799997329712	14.1599998474121	13.8599996566772	203100	14.1199998855591	13.7200002670288	14.0100002288818	14.0900001525879	110400	14.4300003051758	14.1000003814697	14.2299995422363	14.3900003433228																														
2024-08-28	2024-08-26	GBDC	Golub Capital Bdc, Inc.	Golub David	CEO	P - Purchase	15.04	40000	7,528,213	+1%	+$601,400	601600	16:37:49	2	1661100	15.0799999237061	14.9300003051758	15.039999961853	14.960000038147	1231200	15.1400003433228	14.9799995422363	15.0500001907349	15.1000003814697	1355900	15.1099996566772	14.9899997711182	15.0699996948242	14.9899997711182	2726000	15.3999996185303	14.9899997711182	15.1499996185303	15.0900001525879	1715600	14.9399995803833	14.7299995422363	14.7399997711182	14.8900003433228	1417100	14.960000038147	14.8299999237061	14.8400001525879	14.8999996185303	1452100	15.039999961853	14.8599996566772	14.9700002670288	14.8999996185303	1160000	14.9700002670288	14.8500003814697	14.8999996185303	14.8900003433228	1257000	14.9700002670288	14.6899995803833	14.9099998474121	14.7600002288818	1404500	14.9300003051758	14.7399997711182	14.8500003814697	14.75	1713800	14.8100004196167	14.6400003433228	14.8000001907349	14.6800003051758	1590400	14.7200002670288	14.4700002670288	14.6300001144409	14.6999998092651	1029400	14.9200000762939	14.7299995422363	14.75	14.8699998855591	1293100	15.0900001525879	14.9099998474121	14.9099998474121	15.0900001525879	1265000	15.1400003433228	15.0100002288818	15.1000003814697	15.0500001907349	1420100	15.0699996948242	14.8400001525879	15.0500001907349	14.8599996566772	737900	14.9899997711182	14.8500003814697	14.8500003814697	14.9499998092651	1467700	15.0900001525879	14.8900003433228	15	14.9200000762939	1231900	14.9300003051758	14.8400001525879	14.9300003051758	14.8900003433228	1123500	15	14.8699998855591	14.8900003433228	14.9799995422363	1269300	15.0600004196167	14.9499998092651	15	14.960000038147	1567700	14.9499998092651	14.7799997329712	14.9399995803833	14.7799997329712	1693500	15.0799999237061	14.8500003814697	14.8500003814697	14.9899997711182	2237800	15.1000003814697	14.9300003051758	15	14.960000038147	3712900	15.1599998474121	14.9200000762939	14.9499998092651	15.1099996566772	1657800	15.0900001525879	14.8199996948242	15.0699996948242	14.8900003433228	1075700	15.0299997329712	14.8999996185303	14.8999996185303	15	1092600	15.0500001907349	14.9300003051758	14.9700002670288	15.039999961853	1097700	15.1800003051758	15.0100002288818	15.1199998855591	15.1700000762939	1738500	15.1899995803833	15.039999961853	15.1499996185303	15.1800003051758	947900	15.1999998092651	15.0100002288818	15.1999998092651	15.1700000762939	951400	15.1800003051758	15.0600004196167	15.1700000762939	15.0699996948242	1363500	15.0900001525879	14.9899997711182	15.0200004577637	15.0600004196167	810800	15.1099996566772	15.039999961853	15.039999961853	15.0900001525879	635800	15.1700000762939	15.0900001525879	15.0900001525879	15.1499996185303	949800	15.3400001525879	15.1899995803833	15.1899995803833	15.2399997711182	1314600	15.3500003814697	15.2299995422363	15.3000001907349	15.3500003814697	1078000	15.4499998092651	15.3000001907349	15.3500003814697	15.4399995803833	863300	15.4799995422363	15.3800001144409	15.4300003051758	15.4399995803833	946600	15.5100002288818	15.4099998474121	15.4200000762939	15.4899997711182	1110400	15.5600004196167	15.3999996185303	15.5100002288818	15.4099998474121	1017300	15.4899997711182	15.3199996948242	15.4200000762939	15.4099998474121	1503300	15.5500001907349	15.3299999237061	15.4099998474121	15.5500001907349	1565800	15.5500001907349	15.2700004577637	15.5500001907349	15.2799997329712																									
2024-08-26	2024-08-26	BILL	Bill Holdings, Inc.	Lacerte Rene A.	CEO	P - Purchase	49.6	42248	2,482,781	+2%	+$2,095,349	2095500.8	19:03:27	0	4017500	50.4000015258789	47.8699989318848	47.9000015258789	49.7700004577637	4735700	53.75	50.560001373291	51.3699989318848	53.4799995422363	2137200	53.6590003967285	52.0200004577637	53.0099983215332	52.310001373291	2752400	55.9900016784668	53.8800010681152	53.9500007629395	54.9799995422363	2318300	55.8699989318848	54.3400001525879	55.1800003051758	54.560001373291	1939600	54.5499992370606	52.4000015258789	54.0699996948242	52.75	2310100	55.2750015258789	52.0900001525879	52.4000015258789	54.689998626709	1894100	56.2099990844727	54.3400001525879	54.6800003051758	56.0200004577637	2126600	56.7599983215332	54.5299987792969	56.2000007629395	55.060001373291	1609600	55.9900016784668	53.6599998474121	55.25	53.939998626709	1579800	54.7900009155273	52.0999984741211	54.6100006103516	53.3400001525879	1541900	53.3199996948242	51.4500007629395	53.0099983215332	52.2400016784668	2542900	55.4150009155273	51.4500007629395	55	51.8400001525879	1622900	53.5900001525879	51.6699981689453	52.0200004577637	51.9099998474121	1676000	52.4300003051758	50.2400016784668	51.9000015258789	50.75	1847400	52	50.3400001525879	51.25	50.6199989318848	1376100	53.25	50.3899993896484	50.6199989318848	51.6599998474121	2879000	55.6199989318848	52.9700012207031	53.0800018310547	54.7599983215332	2883100	54.8650016784668	53.439998626709	54.5200004577637	54.2599983215332	1189100	54.689998626709	52.4609985351563	54.689998626709	52.6500015258789	915300	54.0200004577637	52.5699996948242	53.3400001525879	52.8899993896484	1582300	53.5099983215332	51.2779998779297	52.5499992370606	52.1699981689453	1722800	53.3349990844727	52.0800018310547	52.9000015258789	52.9900016784668	1435200	54.8300018310547	52.75	53.5	53.1800003051758	904100	54.310001373291	52.25	52.4799995422363	52.7599983215332	1202600	52.9300003051758	50.8300018310547	52.4799995422363	51.25	927900	51.5499992370606	50.6300010681152	51.0999984741211	51.4000015258789	805000	52.6399993896484	50.7200012207031	50.7200012207031	52.2999992370606	1826600	55.7999992370606	52.8199996948242	53.2799987792969	55.5099983215332	1202800	55.0550003051758	53.3800010681152	55.0200004577637	53.9199981689453	1204500	54.2900009155274	53.5099983215332	54	53.9000015258789	1289200	55.3699989318848	53.9099998474121	54.2400016784668	54.7299995422363	1604500	57.0699996948242	53.5699996948242	53.9900016784668	55.7999992370606	1091300	56.4900016784668	55.5099983215332	55.5699996948242	55.8199996948242	1029300	56.4799995422363	55.5900001525879	56.4799995422363	55.9199981689453	848000	56.4449996948242	55.2299995422363	55.9000015258789	55.7599983215332	726600	56.0750007629395	54.8899993896484	55.9599990844727	55.5200004577637	1529300	57.1800003051758	54.6399993896484	56.939998626709	56.6699981689453	1790500	58.75	56.2400016784668	56.3400001525879	57.7700004577637	1021500	57.9599990844727	56.3199996948242	57.5	57.0299987792969	832500	57.1199989318848	55.9599990844727	56.6100006103516	56.25	949600	56.6100006103516	54.7999992370606	56.3499984741211	55.310001373291	714600	56.2750015258789	55.0999984741211	55.7000007629395	55.0999984741211																														
2024-08-26	2024-08-22	GBDC	Golub Capital Bdc, Inc.	Golub David	CEO	P - Purchase	15.04	40000	7,488,213	+1%	+$601,400	601600	16:37:44	4	1281900	15.1099996566772	14.9899997711182	15	15.0200004577637	1911500	15.1000003814697	14.9700002670288	15.1000003814697	14.9899997711182	1661100	15.0799999237061	14.9300003051758	15.039999961853	14.960000038147	1231200	15.1400003433228	14.9799995422363	15.0500001907349	15.1000003814697	1355900	15.1099996566772	14.9899997711182	15.0699996948242	14.9899997711182	2726000	15.3999996185303	14.9899997711182	15.1499996185303	15.0900001525879	1715600	14.9399995803833	14.7299995422363	14.7399997711182	14.8900003433228	1417100	14.960000038147	14.8299999237061	14.8400001525879	14.8999996185303	1452100	15.039999961853	14.8599996566772	14.9700002670288	14.8999996185303	1160000	14.9700002670288	14.8500003814697	14.8999996185303	14.8900003433228	1257000	14.9700002670288	14.6899995803833	14.9099998474121	14.7600002288818	1404500	14.9300003051758	14.7399997711182	14.8500003814697	14.75	1713800	14.8100004196167	14.6400003433228	14.8000001907349	14.6800003051758	1590400	14.7200002670288	14.4700002670288	14.6300001144409	14.6999998092651	1029400	14.9200000762939	14.7299995422363	14.75	14.8699998855591	1293100	15.0900001525879	14.9099998474121	14.9099998474121	15.0900001525879	1265000	15.1400003433228	15.0100002288818	15.1000003814697	15.0500001907349	1420100	15.0699996948242	14.8400001525879	15.0500001907349	14.8599996566772	737900	14.9899997711182	14.8500003814697	14.8500003814697	14.9499998092651	1467700	15.0900001525879	14.8900003433228	15	14.9200000762939	1231900	14.9300003051758	14.8400001525879	14.9300003051758	14.8900003433228	1123500	15	14.8699998855591	14.8900003433228	14.9799995422363	1269300	15.0600004196167	14.9499998092651	15	14.960000038147	1567700	14.9499998092651	14.7799997329712	14.9399995803833	14.7799997329712	1693500	15.0799999237061	14.8500003814697	14.8500003814697	14.9899997711182	2237800	15.1000003814697	14.9300003051758	15	14.960000038147	3712900	15.1599998474121	14.9200000762939	14.9499998092651	15.1099996566772	1657800	15.0900001525879	14.8199996948242	15.0699996948242	14.8900003433228	1075700	15.0299997329712	14.8999996185303	14.8999996185303	15	1092600	15.0500001907349	14.9300003051758	14.9700002670288	15.039999961853	1097700	15.1800003051758	15.0100002288818	15.1199998855591	15.1700000762939	1738500	15.1899995803833	15.039999961853	15.1499996185303	15.1800003051758	947900	15.1999998092651	15.0100002288818	15.1999998092651	15.1700000762939	951400	15.1800003051758	15.0600004196167	15.1700000762939	15.0699996948242	1363500	15.0900001525879	14.9899997711182	15.0200004577637	15.0600004196167	810800	15.1099996566772	15.039999961853	15.039999961853	15.0900001525879	635800	15.1700000762939	15.0900001525879	15.0900001525879	15.1499996185303	949800	15.3400001525879	15.1899995803833	15.1899995803833	15.2399997711182	1314600	15.3500003814697	15.2299995422363	15.3000001907349	15.3500003814697	1078000	15.4499998092651	15.3000001907349	15.3500003814697	15.4399995803833	863300	15.4799995422363	15.3800001144409	15.4300003051758	15.4399995803833	946600	15.5100002288818	15.4099998474121	15.4200000762939	15.4899997711182	1110400	15.5600004196167	15.3999996185303	15.5100002288818	15.4099998474121	1017300	15.4899997711182	15.3199996948242	15.4200000762939	15.4099998474121	1503300	15.5500001907349	15.3299999237061	15.4099998474121	15.5500001907349																				
2024-08-22	2024-08-20	INBX	Inhibrx Biosciences, Inc.	Lappe Mark	CEO	P - Purchase	12.96	40000	801,413	+5%	+$518,282	518400	16:29:47	2	79500	13.1400003433228	12.5500001907349	12.9399995803833	12.9099998474121	54300	13.2200002670288	12.8199996948242	13	13.0500001907349	34700	13.0799999237061	12.6800003051758	13	12.9899997711182	281800	14.3500003814697	12.9300003051758	13.9200000762939	13.3400001525879	120900	14.0799999237061	13.3400001525879	13.4899997711182	13.9300003051758	96300	14.3400001525879	13.7849998474121	14.289999961853	14.1899995803833	81100	14.210000038147	13.6899995803833	14.210000038147	13.960000038147	61500	14.2449998855591	13.8999996185303	14.0900001525879	13.9099998474121	146300	14.6700000762939	13.9499998092651	14.0600004196167	14.5600004196167	290300	16.4899997711182	14.6499996185303	14.6499996185303	15.9499998092651	117500	16.2999992370605	15.5550003051758	16.1700000762939	16.0400009155273	78000	16.0900001525879	15.6700000762939	15.9799995422363	16.0400009155273	119300	16.3400001525879	15.0500001907349	16.0900001525879	15.0600004196167	126300	15.7299995422363	15.0100002288818	15.2399997711182	15.1999998092651	72700	15.289999961853	15	15.1800003051758	15.1800003051758	110300	15.6300001144409	14.9799995422363	15.5	15	173700	15.3500003814697	14.5100002288818	14.960000038147	15.0799999237061	167000	16.5699996948242	15.2449998855591	15.3599996566772	16.4099998474121	187200	17.7399997711182	16.3500003814697	16.4300003051758	17.4300003051758	83800	17.7900009155273	17.0900001525879	17.6599998474121	17.2199993133545	72200	17.4750003814697	16.9899997711182	17.1299991607666	16.9899997711182	56200	17.6000003814697	16.7700004577637	17.2199993133545	17.4899997711182	302000	17.3899993896484	16.2299995422363	17.3899993896484	16.2800006866455	119800	16.5	15.6199998855591	16.3400001525879	15.6700000762939	104200	15.8999996185303	15.4200000762939	15.6300001144409	15.5	135500	15.5900001525879	15.1499996185303	15.5900001525879	15.4200000762939	83900	15.8850002288818	15.3100004196167	15.5699996948242	15.3299999237061	55400	16.0869998931885	15.1599998474121	15.3299999237061	15.5200004577637	105400	16.0100002288818	15.4200000762939	15.5500001907349	15.6599998474121	175400	15.6599998474121	15.1099996566772	15.5600004196167	15.4499998092651	94800	15.9099998474121	15.3599996566772	15.4499998092651	15.3999996185303	87000	15.289999961853	14.8000001907349	15.2799997329712	14.8800001144409	53300	15.0600004196167	14.6700000762939	15.0600004196167	14.7600002288818	66600	15.4799995422363	14.710000038147	14.7700004577637	15.2700004577637	176600	16.3500003814697	15.5	15.5600004196167	15.9899997711182	106700	16.2000007629395	15.4499998092651	16	15.6700000762939	83900	15.7700004577637	15.3699998855591	15.6599998474121	15.5799999237061	83700	15.6400003433228	15.3100004196167	15.5	15.6400003433228	51800	15.7959995269775	15.4899997711182	15.6549997329712	15.5	71100	16.2000007629395	15.4549999237061	15.5500001907349	15.7399997711182	91400	16.1299991607666	15.6300001144409	16.0200004577637	16.0499992370605	83200	17.0219993591309	15.8500003814697	16.1200008392334	16.1700000762939	38300	16.25	15.8199996948242	16.2099990844727	16																														
2024-08-22	2024-08-20	GBDC	Golub Capital Bdc, Inc.	Golub David	CEO	P - Purchase	14.87	40000	7,448,213	+1%	+$594,600	594800	16:21:41	2	1046600	14.8400001525879	14.7200002670288	14.7799997329712	14.7299995422363	1521300	15.0200004577637	14.8299999237061	14.8500003814697	14.9799995422363	1281900	15.1099996566772	14.9899997711182	15	15.0200004577637	1911500	15.1000003814697	14.9700002670288	15.1000003814697	14.9899997711182	1661100	15.0799999237061	14.9300003051758	15.039999961853	14.960000038147	1231200	15.1400003433228	14.9799995422363	15.0500001907349	15.1000003814697	1355900	15.1099996566772	14.9899997711182	15.0699996948242	14.9899997711182	2726000	15.3999996185303	14.9899997711182	15.1499996185303	15.0900001525879	1715600	14.9399995803833	14.7299995422363	14.7399997711182	14.8900003433228	1417100	14.960000038147	14.8299999237061	14.8400001525879	14.8999996185303	1452100	15.039999961853	14.8599996566772	14.9700002670288	14.8999996185303	1160000	14.9700002670288	14.8500003814697	14.8999996185303	14.8900003433228	1257000	14.9700002670288	14.6899995803833	14.9099998474121	14.7600002288818	1404500	14.9300003051758	14.7399997711182	14.8500003814697	14.75	1713800	14.8100004196167	14.6400003433228	14.8000001907349	14.6800003051758	1590400	14.7200002670288	14.4700002670288	14.6300001144409	14.6999998092651	1029400	14.9200000762939	14.7299995422363	14.75	14.8699998855591	1293100	15.0900001525879	14.9099998474121	14.9099998474121	15.0900001525879	1265000	15.1400003433228	15.0100002288818	15.1000003814697	15.0500001907349	1420100	15.0699996948242	14.8400001525879	15.0500001907349	14.8599996566772	737900	14.9899997711182	14.8500003814697	14.8500003814697	14.9499998092651	1467700	15.0900001525879	14.8900003433228	15	14.9200000762939	1231900	14.9300003051758	14.8400001525879	14.9300003051758	14.8900003433228	1123500	15	14.8699998855591	14.8900003433228	14.9799995422363	1269300	15.0600004196167	14.9499998092651	15	14.960000038147	1567700	14.9499998092651	14.7799997329712	14.9399995803833	14.7799997329712	1693500	15.0799999237061	14.8500003814697	14.8500003814697	14.9899997711182	2237800	15.1000003814697	14.9300003051758	15	14.960000038147	3712900	15.1599998474121	14.9200000762939	14.9499998092651	15.1099996566772	1657800	15.0900001525879	14.8199996948242	15.0699996948242	14.8900003433228	1075700	15.0299997329712	14.8999996185303	14.8999996185303	15	1092600	15.0500001907349	14.9300003051758	14.9700002670288	15.039999961853	1097700	15.1800003051758	15.0100002288818	15.1199998855591	15.1700000762939	1738500	15.1899995803833	15.039999961853	15.1499996185303	15.1800003051758	947900	15.1999998092651	15.0100002288818	15.1999998092651	15.1700000762939	951400	15.1800003051758	15.0600004196167	15.1700000762939	15.0699996948242	1363500	15.0900001525879	14.9899997711182	15.0200004577637	15.0600004196167	810800	15.1099996566772	15.039999961853	15.039999961853	15.0900001525879	635800	15.1700000762939	15.0900001525879	15.0900001525879	15.1499996185303	949800	15.3400001525879	15.1899995803833	15.1899995803833	15.2399997711182	1314600	15.3500003814697	15.2299995422363	15.3000001907349	15.3500003814697	1078000	15.4499998092651	15.3000001907349	15.3500003814697	15.4399995803833	863300	15.4799995422363	15.3800001144409	15.4300003051758	15.4399995803833																														
2024-08-21	2024-08-19	NRDY	Nerdy Inc.	Cohn Charles K.	CEO, 10%	P - Purchase	1.03	2170291	35,916,294	+6%	+$2,235,400	2235399.73	08:57:34	2	5793000	1.09099996089935	0.884999990463257	0.966000020503998	1.08000004291534	4601400	1.19000005722046	1.01999998092651	1.17999994754791	1.03999996185303	3931300	1.11000001430511	1.02999997138977	1.0900000333786	1.08000004291534	2185500	1.10000002384186	1.00999999046326	1.10000002384186	1.01999998092651	3875300	1.1599999666214	1.02499997615814	1.03999996185303	1.12000000476837	1496500	1.12999999523163	1.07000005245209	1.12999999523163	1.10000002384186	1063300	1.0900000333786	1.05999994277954	1.07000005245209	1.07000005245209	1474500	1.07000005245209	1	1.07000005245209	1.00999999046326	1703300	1.10000002384186	1	1	1.08000004291534	1059100	1.11000001430511	1.06099998950958	1.11000001430511	1.08000004291534	2418100	1.0900000333786	0.976999998092651	1.08000004291534	0.981000006198883	1027900	1.03999996185303	0.962000012397766	0.971000015735626	0.994000017642975	1187600	1.01999998092651	0.980000019073486	0.995000004768372	1.00999999046326	1345400	1	0.925999999046326	0.990000009536743	0.936999976634979	2862800	0.959999978542328	0.857999980449677	0.953999996185303	0.90200001001358	1298300	0.926999986171722	0.870000004768372	0.88400000333786	0.917999982833862	2147600	0.949999988079071	0.859000027179718	0.930000007152557	0.910000026226044	1513000	0.930000007152557	0.860000014305115	0.910000026226044	0.88400000333786	3617500	0.992999970912933	0.889999985694885	0.920000016689301	0.968999981880188	9145700	1.05999994277954	0.944999992847443	0.949999988079071	1.03999996185303	2295400	1.08000004291534	1.00999999046326	1.02999997138977	1.04999995231628	2395500	1.08500003814697	0.99099999666214	1.07000005245209	1.05999994277954	2029100	1.10000002384186	1.04999995231628	1.08000004291534	1.05999994277954	1661000	1.05999994277954	0.99099999666214	1.05999994277954	1	2310700	1	0.920000016689301	0.990000009536743	0.968999981880188	1257800	1	0.950999975204468	0.970000028610229	0.968999981880188	1564200	0.978999972343445	0.935000002384186	0.964999973773956	0.944999992847443	493200	0.970000028610229	0.936999976634979	0.953999996185303	0.957000017166138	1672900	0.991999983787537	0.959999978542328	0.972000002861023	0.977999985218048	1371200	1.01999998092651	0.939999997615814	0.990000009536743	0.982999980449677	1176300	1.00999999046326	0.959999978542328	0.970000028610229	0.994000017642975	931600	1.02999997138977	0.970000028610229	0.970000028610229	1.01999998092651	756900	1.01999998092651	0.980000019073486	0.980000019073486	1.00999999046326	1040900	1.05999994277954	0.970000028610229	0.980000019073486	1.05999994277954	544600	1.05999994277954	1	1.03999996185303	1.01999998092651	1326000	1.00999999046326	0.980000019073486	1	0.998000025749207	2330400	1	0.972000002861023	0.990000009536743	0.99099999666214	956700	0.998000025749207	0.949999988079071	0.990000009536743	0.980000019073486	1064500	1.00999999046326	0.980000019073486	0.990000009536743	0.991999983787537	813000	1.02999997138977	0.970000028610229	0.990000009536743	1.02999997138977	644100	1.05999994277954	1.02999997138977	1.02999997138977	1.03999996185303	680800	1.05999994277954	1.01999998092651	1.04999995231628	1.02999997138977	703100	1.04999995231628	1	1	1.04999995231628	643600	1.04999995231628	1.01999998092651	1.02999997138977	1.02999997138977																									
2024-08-20	2024-08-16	GBDC	Golub Capital Bdc, Inc.	Golub David	CEO	P - Purchase	14.69	40000	7,408,213	+1%	+$587,600	587600	17:18:10	4	1481300	14.7200002670288	14.4899997711182	14.5	14.6300001144409	1321100	14.789999961853	14.6400003433228	14.6599998474121	14.7700004577637	1046600	14.8400001525879	14.7200002670288	14.7799997329712	14.7299995422363	1521300	15.0200004577637	14.8299999237061	14.8500003814697	14.9799995422363	1281900	15.1099996566772	14.9899997711182	15	15.0200004577637	1911500	15.1000003814697	14.9700002670288	15.1000003814697	14.9899997711182	1661100	15.0799999237061	14.9300003051758	15.039999961853	14.960000038147	1231200	15.1400003433228	14.9799995422363	15.0500001907349	15.1000003814697	1355900	15.1099996566772	14.9899997711182	15.0699996948242	14.9899997711182	2726000	15.3999996185303	14.9899997711182	15.1499996185303	15.0900001525879	1715600	14.9399995803833	14.7299995422363	14.7399997711182	14.8900003433228	1417100	14.960000038147	14.8299999237061	14.8400001525879	14.8999996185303	1452100	15.039999961853	14.8599996566772	14.9700002670288	14.8999996185303	1160000	14.9700002670288	14.8500003814697	14.8999996185303	14.8900003433228	1257000	14.9700002670288	14.6899995803833	14.9099998474121	14.7600002288818	1404500	14.9300003051758	14.7399997711182	14.8500003814697	14.75	1713800	14.8100004196167	14.6400003433228	14.8000001907349	14.6800003051758	1590400	14.7200002670288	14.4700002670288	14.6300001144409	14.6999998092651	1029400	14.9200000762939	14.7299995422363	14.75	14.8699998855591	1293100	15.0900001525879	14.9099998474121	14.9099998474121	15.0900001525879	1265000	15.1400003433228	15.0100002288818	15.1000003814697	15.0500001907349	1420100	15.0699996948242	14.8400001525879	15.0500001907349	14.8599996566772	737900	14.9899997711182	14.8500003814697	14.8500003814697	14.9499998092651	1467700	15.0900001525879	14.8900003433228	15	14.9200000762939	1231900	14.9300003051758	14.8400001525879	14.9300003051758	14.8900003433228	1123500	15	14.8699998855591	14.8900003433228	14.9799995422363	1269300	15.0600004196167	14.9499998092651	15	14.960000038147	1567700	14.9499998092651	14.7799997329712	14.9399995803833	14.7799997329712	1693500	15.0799999237061	14.8500003814697	14.8500003814697	14.9899997711182	2237800	15.1000003814697	14.9300003051758	15	14.960000038147	3712900	15.1599998474121	14.9200000762939	14.9499998092651	15.1099996566772	1657800	15.0900001525879	14.8199996948242	15.0699996948242	14.8900003433228	1075700	15.0299997329712	14.8999996185303	14.8999996185303	15	1092600	15.0500001907349	14.9300003051758	14.9700002670288	15.039999961853	1097700	15.1800003051758	15.0100002288818	15.1199998855591	15.1700000762939	1738500	15.1899995803833	15.039999961853	15.1499996185303	15.1800003051758	947900	15.1999998092651	15.0100002288818	15.1999998092651	15.1700000762939	951400	15.1800003051758	15.0600004196167	15.1700000762939	15.0699996948242	1363500	15.0900001525879	14.9899997711182	15.0200004577637	15.0600004196167	810800	15.1099996566772	15.039999961853	15.039999961853	15.0900001525879	635800	15.1700000762939	15.0900001525879	15.0900001525879	15.1499996185303	949800	15.3400001525879	15.1899995803833	15.1899995803833	15.2399997711182	1314600	15.3500003814697	15.2299995422363	15.3000001907349	15.3500003814697	1078000	15.4499998092651	15.3000001907349	15.3500003814697	15.4399995803833	863300	15.4799995422363	15.3800001144409	15.4300003051758	15.4399995803833																				
2024-08-20	2024-08-16	NRDY	Nerdy Inc.	Cohn Charles K.	CEO, 10%	P - Purchase	0.89	10993192	33,746,003	+48%	+$9,733,805	9783940.88	08:06:33	4	5524000	0.955999970436096	0.824000000953674	0.879999995231628	0.954999983310699	5793000	1.09099996089935	0.884999990463257	0.966000020503998	1.08000004291534	4601400	1.19000005722046	1.01999998092651	1.17999994754791	1.03999996185303	3931300	1.11000001430511	1.02999997138977	1.0900000333786	1.08000004291534	2185500	1.10000002384186	1.00999999046326	1.10000002384186	1.01999998092651	3875300	1.1599999666214	1.02499997615814	1.03999996185303	1.12000000476837	1496500	1.12999999523163	1.07000005245209	1.12999999523163	1.10000002384186	1063300	1.0900000333786	1.05999994277954	1.07000005245209	1.07000005245209	1474500	1.07000005245209	1	1.07000005245209	1.00999999046326	1703300	1.10000002384186	1	1	1.08000004291534	1059100	1.11000001430511	1.06099998950958	1.11000001430511	1.08000004291534	2418100	1.0900000333786	0.976999998092651	1.08000004291534	0.981000006198883	1027900	1.03999996185303	0.962000012397766	0.971000015735626	0.994000017642975	1187600	1.01999998092651	0.980000019073486	0.995000004768372	1.00999999046326	1345400	1	0.925999999046326	0.990000009536743	0.936999976634979	2862800	0.959999978542328	0.857999980449677	0.953999996185303	0.90200001001358	1298300	0.926999986171722	0.870000004768372	0.88400000333786	0.917999982833862	2147600	0.949999988079071	0.859000027179718	0.930000007152557	0.910000026226044	1513000	0.930000007152557	0.860000014305115	0.910000026226044	0.88400000333786	3617500	0.992999970912933	0.889999985694885	0.920000016689301	0.968999981880188	9145700	1.05999994277954	0.944999992847443	0.949999988079071	1.03999996185303	2295400	1.08000004291534	1.00999999046326	1.02999997138977	1.04999995231628	2395500	1.08500003814697	0.99099999666214	1.07000005245209	1.05999994277954	2029100	1.10000002384186	1.04999995231628	1.08000004291534	1.05999994277954	1661000	1.05999994277954	0.99099999666214	1.05999994277954	1	2310700	1	0.920000016689301	0.990000009536743	0.968999981880188	1257800	1	0.950999975204468	0.970000028610229	0.968999981880188	1564200	0.978999972343445	0.935000002384186	0.964999973773956	0.944999992847443	493200	0.970000028610229	0.936999976634979	0.953999996185303	0.957000017166138	1672900	0.991999983787537	0.959999978542328	0.972000002861023	0.977999985218048	1371200	1.01999998092651	0.939999997615814	0.990000009536743	0.982999980449677	1176300	1.00999999046326	0.959999978542328	0.970000028610229	0.994000017642975	931600	1.02999997138977	0.970000028610229	0.970000028610229	1.01999998092651	756900	1.01999998092651	0.980000019073486	0.980000019073486	1.00999999046326	1040900	1.05999994277954	0.970000028610229	0.980000019073486	1.05999994277954	544600	1.05999994277954	1	1.03999996185303	1.01999998092651	1326000	1.00999999046326	0.980000019073486	1	0.998000025749207	2330400	1	0.972000002861023	0.990000009536743	0.99099999666214	956700	0.998000025749207	0.949999988079071	0.990000009536743	0.980000019073486	1064500	1.00999999046326	0.980000019073486	0.990000009536743	0.991999983787537	813000	1.02999997138977	0.970000028610229	0.990000009536743	1.02999997138977	644100	1.05999994277954	1.02999997138977	1.02999997138977	1.03999996185303	680800	1.05999994277954	1.01999998092651	1.04999995231628	1.02999997138977	703100	1.04999995231628	1	1	1.04999995231628	643600	1.04999995231628	1.01999998092651	1.02999997138977	1.02999997138977																				
2024-08-16	2024-08-15	FOX	Fox Corp	Murdoch Lachlan K	Exec Chair, CEO	P - Purchase	39.06	119705	1,196,416	+11%	+$4,675,677	4675677.3	17:45:10	1	544000	36.9199981689453	36.1549987792969	36.7400016784668	36.2999992370606	827600	37.0699996948242	36.7200012207031	36.8800010681152	36.7599983215332	773300	37.0400009155273	36.6500015258789	36.6500015258789	36.8800010681152	628600	37.189998626709	36.75	36.7900009155273	37.1500015258789	666600	37.5699996948242	37.0299987792969	37.2000007629395	37.5699996948242	804200	37.9949989318848	37.5499992370606	37.689998626709	37.9300003051758	550600	38.2900009155273	37.9199981689453	38.0400009155273	38.1399993896484	1757000	38.4799995422363	38.0449981689453	38.1399993896484	38.2000007629395	1033700	38.2200012207031	37.9700012207031	38.1699981689453	38.1100006103516	1343700	38.375	38.1100006103516	38.1599998474121	38.2700004577637	861500	38.4500007629395	38.1450004577637	38.3499984741211	38.2299995422363	1055900	38.4500007629395	38.1500015258789	38.2200012207031	38.4300003051758	957500	38.4199981689453	37.9000015258789	38.2299995422363	38.0299987792969	894900	38.5149993896484	37.9199981689453	37.9799995422363	38.189998626709	643400	38.3400001525879	37.3499984741211	38.3400001525879	37.3699989318848	958600	37.6599998474121	37.1399993896484	37.4500007629395	37.3600006103516	1250300	37.5	36.9000015258789	37.4599990844727	37.0900001525879	727800	37.2299995422363	36.8300018310547	37.1399993896484	36.8499984741211	732100	37.0099983215332	36.0800018310547	36.8600006103516	36.4300003051758	861200	36.5800018310547	35.8899993896484	36.5800018310547	36.0400009155273	940100	36.8199996948242	36.1500015258789	36.2599983215332	36.7799987792969	1042300	37.2099990844727	36.4300003051758	36.7799987792969	36.7700004577637	960400	37.7900009155273	36.7599983215332	36.7700004577637	37.439998626709	760900	38.0400009155273	37.0900001525879	37.4700012207031	37.560001373291	1702500	37.9300003051758	37.4300003051758	37.7999992370606	37.5299987792969	2930600	38.1889991760254	37.2700004577637	37.6599998474121	37.2799987792969	1440300	37.8199996948242	37.3199996948242	37.439998626709	37.8199996948242	1153400	38.9700012207031	37.7200012207031	37.7200012207031	38.8600006103516	959700	39	38.3199996948242	38.8699989318848	38.439998626709	739600	38.7200012207031	38.3300018310547	38.5099983215332	38.6699981689453	474800	39.0900001525879	38.6399993896484	38.6699981689453	38.8400001525879	943300	39.0900001525879	38.6500015258789	38.9500007629395	38.7999992370606	957700	39.1500015258789	38.5499992370606	38.8499984741211	39	585500	39.1300010681152	38.5950012207031	38.8300018310547	38.6699981689453	508500	38.6699981689453	38.2000007629395	38.5999984741211	38.4900016784668	428700	38.8699989318848	38.439998626709	38.6300010681152	38.5400009155273	482300	38.5890007019043	37.8800010681152	38.560001373291	38.3400001525879	809400	38.5499992370606	38.0400009155273	38.2000007629395	38.5200004577637	635100	38.8199996948242	38.3849983215332	38.4700012207031	38.4900016784668	448500	38.5200004577637	38	38.5200004577637	38.0499992370606	1334600	38.4449996948242	38	38.1599998474121	38	709300	38.2550010681152	37.9700012207031	38.060001373291	38.2099990844727																																			
2024-08-15	2024-08-13	ISPO	Inspirato Inc	Zamani Payam	CEO, 10%	P - Purchase	3.43	1335271	4,765,813	+39%	+$4,579,980	4579979.53	21:56:24	2	199200	3.74000000953674	3.20000004768372	3.4300000667572	3.58999991416931	101000	3.59999990463257	3.25	3.5	3.34999990463257	45800	3.45000004768372	3.10999989509583	3.45000004768372	3.17000007629395	1105500	4.67000007629395	3.40000009536743	3.57999992370605	4.46000003814697	293100	5.19000005722046	4.46000003814697	4.59000015258789	4.48000001907349	182700	4.63000011444092	3.91000008583069	4.48000001907349	4.07999992370605	70600	4.25	3.90000009536743	4.07000017166138	3.98000001907349	157900	4.98999977111816	4.07000017166138	4.23999977111816	4.55999994277954	64100	4.65000009536743	4.32999992370605	4.57999992370606	4.34999990463257	93600	4.80000019073486	3.91000008583069	4.3600001335144	4.03999996185303	74600	4.16200017929077	3.95000004768372	4.01999998092651	4.01000022888184	72700	4.05999994277954	3.59999990463257	4.05999994277954	4.01999998092651	166100	4.15999984741211	3.90000009536743	4.03000020980835	3.94000005722046	92900	4.44999980926514	4.03000020980835	4.03000020980835	4.19999980926514	33000	4.44000005722046	4.01999998092651	4.3899998664856	4.05000019073486	20500	4.23999977111816	3.95000004768372	4	3.99000000953674	16800	4.19000005722046	3.96000003814697	3.99000000953674	4.01999998092651	10100	4.15000009536743	3.97000002861023	4.05000019073486	4.07000017166138	25000	4.19999980926514	4.05999994277954	4.15000009536743	4.1399998664856	30100	4.1399998664856	4.05499982833862	4.13000011444092	4.05999994277954	15000	4.40000009536743	4.05000019073486	4.05000019073486	4.32999992370605	36600	4.42000007629395	4.15999984741211	4.26999998092651	4.28999996185303	15500	4.40000009536743	4.15999984741211	4.36999988555908	4.38000011444092	24000	4.3899998664856	4.13000011444092	4.28999996185303	4.3899998664856	143000	4.90000009536743	4.49100017547607	4.57999992370606	4.78999996185303	33000	4.85599994659424	4.57200002670288	4.75	4.59999990463257	24400	4.90000009536743	4.6399998664856	4.6399998664856	4.82000017166138	39700	4.83500003814697	4.5	4.75	4.51999998092651	11800	4.71000003814697	4.51000022888184	4.53000020980835	4.53999996185303	100900	4.51999998092651	4.01000022888184	4.48999977111816	4.07000017166138	54400	4.07000017166138	3.90000009536743	4.01000022888184	3.90000009536743	59200	4.19999980926514	3.71000003814697	3.95799994468689	3.79999995231628	47900	4.36999988555908	3.6470000743866	3.77999997138977	4.01000022888184	12000	4.13000011444092	3.96000003814697	4	4.05000019073486	6900	4.09000015258789	3.84999990463257	3.98000001907349	3.88000011444092	13900	3.95000004768372	3.84999990463257	3.84999990463257	3.95000004768372	8600	4.07299995422363	3.85999989509583	3.85999989509583	3.90000009536743	10200	3.99000000953674	3.84999990463257	3.85999989509583	3.84999990463257	10100	3.94000005722046	3.84999990463257	3.84999990463257	3.85999989509583	54900	3.96499991416931	3.84999990463257	3.96499991416931	3.92000007629395	8500	3.99000000953674	3.83999991416931	3.83999991416931	3.99000000953674	3800	4.08500003814697	3.84999990463257	3.84999990463257	4.08500003814697	20000	4.48999977111816	3.88000011444092	4.1399998664856	4.38000011444092																														
2024-08-15	2024-08-14	TMCI	Treace Medical Concepts, Inc.	Treace John T.	CEO, 10%	P - Purchase	6	85000	11,797,224	+1%	+$510,315	510000	17:30:02	1	883600	6.13800001144409	5.3600001335144	6.09000015258789	5.46999979019165	874900	6.04500007629395	5.57999992370606	5.65999984741211	5.98000001907349	804500	6.67999982833862	6.15999984741211	6.32000017166138	6.17999982833862	461000	6.42999982833862	6.17999982833862	6.34999990463257	6.38000011444092	531000	6.5	6.26000022888184	6.38000011444092	6.30000019073486	628000	6.51999998092651	6.19000005722046	6.32999992370606	6.44999980926514	360500	6.51999998092651	6.10500001907349	6.44999980926514	6.19999980926514	581800	6.65000009536743	6.28000020980835	6.30999994277954	6.42000007629395	492700	6.51000022888184	6.17999982833862	6.42000007629395	6.28000020980835	362500	6.23000001907349	6.09999990463257	6.21000003814697	6.1399998664856	362000	6.3899998664856	6	6.09999990463257	6.26999998092651	362400	6.46999979019165	6.23000001907349	6.32000017166138	6.26999998092651	346400	6.34999990463257	6.15000009536743	6.32999992370606	6.17000007629395	502400	6.13000011444092	5.67000007629395	6.07000017166138	5.71999979019165	395000	5.80999994277954	5.53200006484985	5.69999980926514	5.69999980926514	587500	5.71000003814697	5.44999980926514	5.71000003814697	5.44999980926514	617300	5.44000005722046	5.13000011444092	5.42999982833862	5.32999992370606	571400	5.46000003814697	5.10500001907349	5.36999988555908	5.19000005722046	496300	5.3899998664856	5.11999988555908	5.21000003814697	5.21999979019165	415700	5.23000001907349	4.96999979019165	5.21999979019165	5.17000007629395	402300	5.41499996185303	5.05000019073486	5.21000003814697	5.05999994277954	491900	5.32999992370606	5.07499980926514	5.11999988555908	5.11999988555908	519700	5.15000009536743	4.94999980926514	5.15000009536743	5.01000022888184	753000	5.53999996185303	5.03000020980835	5.03000020980835	5.21000003814697	1301700	5.84000015258789	5.38000011444092	5.44999980926514	5.48000001907349	658800	5.80999994277954	5.53000020980835	5.69000005722046	5.59999990463257	858600	5.59999990463257	5.38500022888184	5.59999990463257	5.44000005722046	637300	5.48999977111816	5.21099996566773	5.48999977111816	5.28999996185303	676200	5.46999979019165	5.1399998664856	5.19999980926514	5.42999982833862	530700	5.42999982833862	5.15000009536743	5.42999982833862	5.34000015258789	889800	5.84999990463257	5.3899998664856	5.44999980926514	5.80000019073486	632500	6.07000017166138	5.73999977111816	5.90999984741211	5.76999998092651	462100	5.86999988555908	5.69999980926514	5.69999980926514	5.80000019073486	393700	5.82000017166138	5.38000011444092	5.82000017166138	5.40999984741211	372700	5.53000020980835	5.28999996185303	5.3899998664856	5.44999980926514	349900	5.40999984741211	5.21999979019165	5.40999984741211	5.28000020980835	212100	5.48000001907349	5.26000022888184	5.42000007629395	5.34000015258789	333800	5.34000015258789	5.15999984741211	5.30000019073486	5.23999977111816	244700	5.28999996185303	5.15999984741211	5.26000022888184	5.17999982833862	196900	5.23999977111816	5.09999990463257	5.15999984741211	5.23000001907349	308700	5.19000005722046	5.01000022888184	5.13000011444092	5.07999992370606	450200	5.44000005722046	5.07999992370606	5.07999992370606	5.26000022888184																																			
2024-08-14	2024-08-13	NVST	Envista Holdings Corp	Keel Paul A	CEO	P - Purchase	16.87	30000	402,605	+8%	+$506,100	506100	16:40:20	1	4149400	17.2950000762939	16.1299991607666	16.1299991607666	16.9899997711182	3845200	17.8199996948242	17.1200008392334	17.8199996948242	17.3099994659424	4837600	18.4500007629395	17.6800003051758	17.6800003051758	18.0300006866455	2476800	18.1700000762939	17.8600006103516	18.0100002288818	17.9099998474121	2858100	18.5149993896484	18.0400009155273	18.1499996185303	18.3099994659424	2814700	18.3400001525879	17.7399997711182	18.1499996185303	17.7999992370605	2238200	18.1749992370605	17.6599998474121	17.9300003051758	18.0100002288818	2125500	18.1049995422363	17.7000007629395	18.0699996948242	17.9699993133545	2835700	18.8390007019043	17.9300003051758	18.1000003814697	18.7000007629395	1805200	18.75	18.3150005340576	18.7399997711182	18.4200000762939	1939700	18.9500007629395	18.3799991607666	18.5100002288818	18.6900005340576	2655400	18.6350002288818	17.8700008392334	18.5499992370605	18.3500003814697	1496800	18.6700000762939	18.25	18.6000003814697	18.3999996185303	1488800	18.5599994659424	18.0900001525879	18.4599990844727	18.2600002288818	2175000	18.4699993133545	17.7700004577637	18.0499992370605	17.8199996948242	3371600	17.9899997711182	17.0100002288818	17.6800003051758	17.2199993133545	5461600	17.9599990844727	17	17.3700008392334	17.8299999237061	1676700	18.2099990844727	17.3850002288818	17.9799995422363	17.4400005340576	1790000	17.4500007629395	16.9699993133545	17.3199996948242	16.9799995422363	1725200	17.3500003814697	16.7399997711182	16.9599990844727	17.2399997711182	2429400	17.6499996185303	16.75	17.1800003051758	17.6399993896484	4072700	18.75	17.3799991607666	17.6599998474121	18.6700000762939	3595300	19.5849990844727	18.5849990844727	18.7900009155273	19.4099998474121	2364300	19.7199993133545	18.6700000762939	19.4799995422363	18.8899993896484	1807900	19.3700008392334	18.6599998474121	18.9699993133545	19	1867300	19.7450008392334	18.8600006103516	18.8999996185303	19.1800003051758	2263600	19.9200000762939	19.2999992370605	19.6200008392334	19.3299999237061	3451900	19.2600002288818	18.8099994659424	19.2000007629395	19	2395000	19.9099998474121	19.0400009155273	19.6000003814697	19.0599994659424	1130700	19.3999996185303	18.7999992370605	19.1599998474121	18.8400001525879	1273300	18.9099998474121	18.3299999237061	18.8899993896484	18.6399993896484	1329800	19.3099994659424	18.8400001525879	18.9099998474121	19.25	1981000	20.0400009155273	19.3449993133545	19.4200000762939	19.7600002288818	1837200	19.9899997711182	19.5499992370605	19.8199996948242	19.7600002288818	1869600	19.7000007629395	19.0799999237061	19.6800003051758	19.3400001525879	1989900	19.4449996948242	18.75	19.3099994659424	19.1000003814697	2456100	18.8999996185303	18.4699993133545	18.8500003814697	18.6399993896484	1469300	19.2600002288818	18.6399993896484	19.0200004577637	18.8299999237061	2294400	18.7649993896484	18.0799999237061	18.75	18.25	1250700	18.6200008392334	18.1100006103516	18.1100006103516	18.2000007629395	1617600	18.3899993896484	17.9200000762939	18.1499996185303	18.1200008392334	1528900	18.1599998474121	17.7900009155273	17.9699993133545	17.9200000762939	1934300	18.1700000762939	17.8449993133545	17.9300003051758	18.1299991607666																														
2024-08-13	2024-08-09	LYFT	Lyft, Inc.	Risher John David	CEO	P - Purchase	9.67	51815	12,099,006	0%	+$501,025	501051.05	16:07:54	4	18735400	10.1700000762939	9.5600004196167	10.0600004196167	9.76000022888184	13006300	9.82999992370605	9.52999973297119	9.72000026702881	9.71000003814697	14601800	10.0799999237061	9.67500019073486	9.73999977111816	10.0600004196167	10306800	10.289999961853	9.88000011444092	10.2399997711182	10.0799999237061	17785300	10.8549995422363	10.3299999237061	10.3699998855591	10.8100004196167	18795000	11.5500001907349	10.6800003051758	10.710000038147	11.1999998092651	16150100	11.8800001144409	11.1899995803833	11.2399997711182	11.6000003814697	13298100	11.75	11.2799997329712	11.539999961853	11.289999961853	13349300	11.7650003433228	11.2200002670288	11.4499998092651	11.6899995803833	9458600	11.8199996948242	11.4300003051758	11.6800003051758	11.4700002670288	13925600	11.7600002288818	11.2349996566772	11.539999961853	11.6800003051758	11430700	11.9499998092651	11.5799999237061	11.7700004577637	11.7799997329712	9434200	11.7600002288818	11.4799995422363	11.7600002288818	11.6199998855591	8257600	11.5799999237061	11.2650003433228	11.5200004577637	11.460000038147	7295400	11.6850004196167	11.3400001525879	11.5500001907349	11.5500001907349	8450100	11.8000001907349	11.4899997711182	11.6000003814697	11.6700000762939	9611500	11.8699998855591	11.2600002288818	11.6499996185303	11.3500003814697	6694100	11.6999998092651	11.2200002670288	11.2799997329712	11.3400001525879	10283400	11.8900003433228	11.1599998474121	11.2600002288818	11.25	9280500	11.5799999237061	10.9200000762939	11.2399997711182	11.0600004196167	10120200	11.1750001907349	10.7200002670288	11.0799999237061	10.8000001907349	15124100	11.5799999237061	10.6199998855591	10.8599996566772	11.2700004577637	14523300	11.9700002670288	11.0699996948242	11.2239999771118	11.9499998092651	11647900	12.0699996948242	11.6099996566772	11.960000038147	11.6199998855591	21496900	11.5200004577637	11.039999961853	11.4300003051758	11.3500003814697	11636500	11.7650003433228	11.3199996948242	11.3199996948242	11.6800003051758	14684100	12.3100004196167	11.6999998092651	11.8599996566772	12.25	11079500	12.6599998474121	12.1099996566772	12.289999961853	12.1700000762939	11163900	12.789999961853	12.4099998474121	12.6499996185303	12.5299997329712	19941300	12.6599998474121	12.3199996948242	12.4399995803833	12.4700002670288	8891500	12.75	12.3699998855591	12.539999961853	12.7200002670288	14273600	13.3900003433228	12.9399995803833	12.9799995422363	13.3299999237061	9489600	13.6750001907349	13.2950000762939	13.3800001144409	13.3500003814697	9942700	13.789999961853	13.1000003814697	13.6599998474121	13.2799997329712	10160500	13.3900003433228	12.7349996566772	13.3599996566772	12.8400001525879	6983400	12.8800001144409	12.6300001144409	12.7799997329712	12.75	9432000	12.8299999237061	12.3900003433228	12.7799997329712	12.4899997711182	9129700	12.8599996566772	12.4700002670288	12.4899997711182	12.539999961853	6308100	12.5	12.2049999237061	12.4700002670288	12.3599996566772	6705700	12.7700004577637	12.4300003051758	12.75	12.5699996948242	8926500	12.6359996795654	12.289999961853	12.5600004196167	12.5100002288818	10134600	12.5	11.9899997711182	12.3800001144409	12.4399995803833	8445500	12.6999998092651	12.2399997711182	12.4799995422363	12.5100002288818	10784200	12.539999961853	12.1300001144409	12.4799995422363	12.4099998474121	32506500	13.8199996948242	12.8400001525879	12.8599996566772	13.6000003814697																				
2024-08-13	2024-08-12	ELAN	Elanco Animal Health Inc	Simmons Jeffrey N	Pres, CEO, Dir	P - Purchase	13.01	1e+05	1,503,354	+7%	+$1,300,610	1301000	09:04:50	1	3929900	13.210000038147	12.8000001907349	12.9499998092651	13.0900001525879	8372600	14.25	13.3999996185303	13.6499996185303	13.9399995803833	6525200	14.3100004196167	13.6499996185303	13.9399995803833	14.0799999237061	4710700	14.8800001144409	14.1999998092651	14.1999998092651	14.5799999237061	3008200	14.6300001144409	14.3400001525879	14.539999961853	14.4899997711182	4356100	14.8500003814697	14.4499998092651	14.460000038147	14.8199996948242	3877500	14.9399995803833	14.5900001525879	14.7700004577637	14.6800003051758	2823300	14.8699998855591	14.5699996948242	14.6899995803833	14.8599996566772	2986700	14.9799995422363	14.539999961853	14.8999996185303	14.6099996566772	2965100	14.8100004196167	14.3999996185303	14.7600002288818	14.5699996948242	3188100	14.7399997711182	14.4899997711182	14.6300001144409	14.5	4846500	15.4899997711182	14.5600004196167	14.5600004196167	15.2299995422363	4512000	15.5	14.9399995803833	15.1099996566772	15.2299995422363	3076900	15.6099996566772	15.1499996185303	15.2799997329712	15.289999961853	3683700	15.6999998092651	15.25	15.3900003433228	15.4700002670288	3878400	15.5299997329712	15.1400003433228	15.3100004196167	15.1400003433228	3093200	15.210000038147	14.789999961853	15.1000003814697	15.0200004577637	3994500	15.4799995422363	14.8400001525879	15.0100002288818	15.3500003814697	3600500	15.5699996948242	15.0900001525879	15.3400001525879	15.0900001525879	4168200	15.1899995803833	14.6999998092651	15.1599998474121	14.7799997329712	3016100	14.9499998092651	14.3299999237061	14.8299999237061	14.5200004577637	2759200	14.5100002288818	14.1099996566772	14.5100002288818	14.4799995422363	2284200	14.5699996948242	14.25	14.460000038147	14.3900003433228	3020900	14.6199998855591	14.1800003051758	14.4499998092651	14.4700002670288	3066300	14.6499996185303	14.289999961853	14.5	14.5299997329712	5213400	14.7399997711182	14.2299995422363	14.6599998474121	14.289999961853	4287700	14.9499998092651	14.25	14.3100004196167	14.6499996185303	17390500	15.7799997329712	13.7600002288818	14.3400001525879	15.0699996948242	8879900	14.8999996185303	14.039999961853	14.8500003814697	14.0699996948242	5577700	14.460000038147	14.0100002288818	14.1700000762939	14.4399995803833	5863600	14.5	13.8500003814697	14.5	13.8800001144409	5558100	14.0600004196167	13.6400003433228	13.8800001144409	13.6599998474121	7413200	13.8000001907349	13.2799997329712	13.75	13.7299995422363	5415400	14.6800003051758	13.8199996948242	14.2600002288818	14.3199996948242	5068100	15.1400003433228	14.3299999237061	14.3400001525879	14.6899995803833	4453100	14.7299995422363	14.3199996948242	14.6099996566772	14.5	3776600	14.8100004196167	14.3699998855591	14.4399995803833	14.4399995803833	2480600	14.6199998855591	14.1899995803833	14.4399995803833	14.5	3808500	14.789999961853	14.3400001525879	14.6099996566772	14.6599998474121	2573700	14.8500003814697	14.3800001144409	14.6899995803833	14.5500001907349	2458000	14.9799995422363	14.4099998474121	14.6099996566772	14.4700002670288	2943700	14.6000003814697	14.2700004577637	14.4300003051758	14.5900001525879	2978500	14.7600002288818	14.4200000762939	14.5	14.5200004577637	2800800	14.6599998474121	14.3100004196167	14.4799995422363	14.3699998855591																									
2024-08-09	2024-08-08	ACA	Arcosa, Inc.	Carrillo Antonio	Pres, CEO	P - Purchase	82.05	12125	406,275	+3%	+$994,909	994856.25	16:47:10	1	340800	82.8600006103516	80.1100006103516	80.5500030517578	82.0999984741211	301700	82.1600036621094	80.9000015258789	82.0899963378906	81.3300018310547	435700	83.3000030517578	78.7200012207031	83.2600021362305	81.4300003051758	234200	83.5699996948242	81.1149978637695	81.879997253418	83.4700012207031	400400	84.3300018310547	82.6999969482422	83.75	83.4300003051758	198900	86.0299987792969	83.7300033569336	86.0299987792969	85.5400009155274	165100	86.379997253418	83.3000030517578	85.2699966430664	83.6600036621094	377900	86.75	83.75	83.75	86.6699981689453	298500	87.1699981689453	85.129997253418	86.4100036621094	86.0199966430664	181100	87.379997253418	85.5199966430664	86.629997253418	87.370002746582	141400	87.7300033569336	86.5100021362305	87.1500015258789	87.3600006103516	270400	91.8600006103516	87.8850021362305	88.4899978637695	91.4100036621094	339200	93.6999969482422	91.9800033569336	92	92.6500015258789	246500	92.8899993896484	91.1399993896484	92.879997253418	91.2600021362305	185500	92.2200012207031	90.4599990844727	91.1100006103516	90.4700012207031	341700	91.8150024414063	89.7649993896484	91.5100021362305	90.4700012207031	275400	92.0199966430664	89.9199981689453	90.8199996948242	91.4899978637695	224000	91.3199996948242	85.7399978637695	90.5400009155274	86.2300033569336	206100	86.370002746582	83.8949966430664	86.129997253418	84.0999984741211	211400	84.2149963378906	82.3899993896484	84.1600036621094	83.0599975585938	334000	84.4400024414063	81.6399993896484	82.9400024414063	81.7799987792969	248100	82.6999969482422	80.7900009155273	81.4700012207031	82.1399993896485	267600	83.2900009155273	81.3300018310547	82.3099975585938	82.5500030517578	242900	85.370002746582	80.4899978637695	81.9199981689453	85.2600021362305	214500	88.1100006103516	84.8000030517578	85.8099975585938	87.7699966430664	213000	91.4400024414063	88.7799987792969	89.9700012207031	91.3399963378906	224200	91.5	89.4000015258789	91.3300018310547	90.8199996948242	174000	92.9000015258789	91.120002746582	91.9000015258789	91.9400024414062	457600	94.0199966430664	90.6999969482422	91.9499969482422	91.2900009155273	357300	95.5	92.2900009155273	94.5699996948242	95.2699966430664	961500	95.1699981689453	92.6900024414063	94.3300018310547	93.0599975585938	146400	94.9400024414063	92.9400024414062	93.8600006103516	93.0199966430664	214900	94.1900024414062	92.870002746582	93.629997253418	94	211000	94.5	93.0299987792969	94.5	93.5599975585938	184600	96.4700012207031	94.0599975585937	95.2699966430664	94.0699996948242	151800	96.3850021362305	94.0800018310547	95.3199996948242	94.5	158600	95.0199966430664	92.9400024414062	93.7799987792969	94.7600021362305	165000	94.5400009155273	91.9229965209961	94.3199996948242	93.3000030517578	170200	93.6500015258789	91.620002746582	92.7699966430664	91.629997253418	154900	92.2399978637695	90.4499969482422	91.0800018310547	91	168000	93.4899978637695	92.0899963378906	93.4899978637695	93.3000030517578	139100	93.7799987792969	92.4199981689453	92.4400024414063	93.4499969482422																																			
2024-08-07	2024-08-05	BLCO	Bausch & Lomb Corp	Saunders Brent L	CEO, COB	P - Purchase	15.66	32250	627,419	+5%	+$505,067	505035	17:29:48	2	1304600	16.0499992370605	15.210000038147	15.710000038147	15.3999996185303	1678600	16.1900005340576	15.3900003433228	15.6300001144409	15.9399995803833	625900	16.1700000762939	15.289999961853	16.1700000762939	15.289999961853	868000	16.1599998474121	15.4899997711182	15.8699998855591	15.8500003814697	434400	16.1599998474121	15.6099996566772	15.9700002670288	15.7399997711182	435800	15.9399995803833	15.5	15.7299995422363	15.5100002288818	398900	15.710000038147	15.3800001144409	15.4799995422363	15.4899997711182	258900	15.5950002670288	15.2700004577637	15.4899997711182	15.4099998474121	778100	16.1900005340576	15.585000038147	15.6400003433228	16.1000003814697	189900	16.1800003051758	15.8699998855591	15.9700002670288	16	420300	16.1389999389648	15.8299999237061	16.0400009155273	16.0499992370605	292300	16.2700004577637	15.8900003433228	16.0100002288818	16.0900001525879	345300	16.25	15.9300003051758	16.0900001525879	16.1299991607666	187500	16.2600002288818	15.9399995803833	16.1299991607666	15.9899997711182	161400	16.3700008392334	16.0499992370605	16.0499992370605	16.2700004577637	192300	16.4099998474121	16.0400009155273	16.3799991607666	16.0499992370605	124800	16.2999992370605	15.8999996185303	15.9300003051758	16.2399997711182	171000	16.2299995422363	15.9449996948242	16.1499996185303	16.1100006103516	166400	16.2900009155273	15.9899997711182	16.2900009155273	16	245600	16.4799995422363	15.8299999237061	16.1100006103516	16.4300003051758	503600	16.7490005493164	16.1499996185303	16.3299999237061	16.25	183200	16.7000007629395	16.1700000762939	16.25	16.3099994659424	183700	16.3999996185303	15.8800001144409	16.3999996185303	15.8900003433228	473700	15.9799995422363	15.6700000762939	15.8900003433228	15.9099998474121	151400	16.0699996948242	15.7299995422363	15.8299999237061	15.75	171400	15.9399995803833	15.6000003814697	15.75	15.9300003051758	118300	15.8900003433228	15.6099996566772	15.8599996566772	15.8199996948242	195400	15.9099998474121	15.6300001144409	15.8800001144409	15.6499996185303	150800	15.75	15.4099998474121	15.6899995803833	15.5500001907349	6126500	18.2999992370605	17.4699993133545	18.1499996185303	17.7999992370605	1453000	18.5799999237061	17.5599994659424	17.7399997711182	18.5599994659424	3082400	21	19.2299995422363	19.2999992370605	20	1567400	20.5900001525879	19.5599994659424	20.4699993133545	20	616600	20.1000003814697	19.6700000762939	19.9599990844727	19.9599990844727	1204200	20.2399997711182	19.3950004577637	20.2399997711182	19.4799995422363	667200	19.5599994659424	19.1100006103516	19.4899997711182	19.2099990844727	447400	19.2900009155273	18.9099998474121	19.25	19.0200004577637	172100	19.2199993133545	18.9500007629395	19.0799999237061	19.0400009155273	133400	19.2800006866455	18.8999996185303	19.1900005340576	18.9500007629395	703300	19.4629993438721	18.8899993896484	18.8899993896484	19.2900009155273	373400	19.2900009155273	18.8999996185303	19.2800006866455	19.1399993896484	440200	19.2530002593994	18.6399993896484	18.9500007629395	19.0599994659424	253300	19.0349998474121	18.80299949646	18.8999996185303	18.8799991607666	218100	19.0400009155273	18.8299999237061	19.0100002288818	19																									
2024-08-06	2024-08-05	MGM	Mgm Resorts International	Hornbuckle William	CEO, Pres	P - Purchase	33.73	58900	549,893	+12%	+$1,986,444	1986697	17:09:32	1	9986600	34.5099983215332	33.439998626709	33.7900009155273	34.0699996948242	7302700	35.9500007629395	34.2400016784668	34.25	35.4000015258789	9821400	37.5800018310547	36.4000015258789	36.7900009155273	36.439998626709	5468100	37.9599990844727	36.8499984741211	36.8499984741211	37.4900016784668	4219900	37.7400016784668	37.060001373291	37.3499984741211	37.1300010681152	3580800	37.8699989318848	37.0499992370605	37.2700004577637	37.2799987792969	4914300	38.3800010681152	37.3199996948242	37.5099983215332	38.1599998474121	3334600	38.5699996948242	37.5800018310547	38.2799987792969	38.0800018310547	4270300	39.4099998474121	38.7200012207031	38.8899993896484	39.2000007629395	3406500	39.6500015258789	38.8300018310547	39.0400009155273	38.9000015258789	3385000	40.0900001525879	39.0400009155273	39.0800018310547	40.0699996948242	3375200	40.0999984741211	39.310001373291	40.0499992370605	39.4000015258789	3123700	40.0200004577637	39.439998626709	39.7099990844727	39.5	3686400	39.7000007629395	38.7200012207031	39.7000007629395	38.7400016784668	5127200	39.2599983215332	38.560001373291	38.8499984741211	38.9300003051758	4006300	39.2900009155273	37.7799987792969	39.2799987792969	38.0400009155273	3216900	38.2400016784668	37.6300010681152	38	38.0099983215332	4481200	37.939998626709	36.4700012207031	37.7799987792969	37.060001373291	3792100	37.8699989318848	37.189998626709	37.3600006103516	37.4099998474121	4638500	37.6800003051758	36.8699989318848	37.6800003051758	37.5900001525879	4869800	37.3699989318848	36.0499992370606	37.2299995422363	36.2900009155273	5022500	37.310001373291	36.2900009155273	36.2900009155273	36.6100006103516	4136500	36.9300003051758	35.5299987792969	36.9000015258789	35.810001373291	5821700	36.0299987792969	34.8699989318848	35.7999992370605	35.0099983215332	4216600	35.6500015258789	34.939998626709	35.25	34.9700012207031	3214400	35.0900001525879	34.5200004577637	35.0099983215332	34.8699989318848	3434600	35.4500007629395	34.1599998474121	34.8400001525879	35.3800010681152	4051200	35.9900016784668	34.9900016784668	35.4300003051758	35.9000015258789	5160100	37.3199996948242	36.1100006103516	36.1500015258789	36.5099983215332	5062700	36.8899993896484	35.8899993896484	36.5	36.439998626709	4730400	37.2299995422363	36.5699996948242	37.0400009155273	37.2099990844727	6721800	37.939998626709	36.7799987792969	37.3699989318848	36.9599990844727	5999600	38.2299995422363	37.4700012207031	37.9000015258789	37.75	11291700	37.75	36.7200012207031	37.6699981689453	37.310001373291	6791400	37.5999984741211	36.5400009155273	37.2999992370606	36.8499984741211	6162300	38.2999992370605	36.9199981689453	37.6699981689453	37.3499984741211	3809200	37.8600006103516	37.0200004577637	37.2999992370606	37.1800003051758	4577000	38.5800018310547	37.7599983215332	38.1800003051758	38.310001373291	5684500	40.1599998474121	38.7000007629395	38.7999992370606	39.6199989318848	3973500	39.7799987792969	38.8300018310547	39.5900001525879	39.0900001525879	4121600	39	37.9799995422363	38.7999992370606	38.6199989318848	4407500	39.7599983215332	38.5	38.5900001525879	39.6199989318848	3530500	39.689998626709	38.6300010681152	39.1199989318848	39.6699981689453	3635000	40.4700012207031	39.75	40.3400001525879	40.4300003051758																									
2024-08-06	2024-08-05	PEB	Pebblebrook Hotel Trust	Bortz Jon E	COB, CEO	P - Purchase	11.98	66000	1,519,284	+5%	+$790,680	790680	16:56:57	1	4050600	12.2799997329712	11.710000038147	12	11.8199996948242	2282500	12.4799995422363	11.6499996185303	11.8100004196167	12.2700004577637	2527600	12.6499996185303	12.1800003051758	12.6199998855591	12.2700004577637	1829800	12.7299995422363	12.3699998855591	12.3699998855591	12.4499998092651	1830300	12.539999961853	12.289999961853	12.460000038147	12.460000038147	3867100	12.5699996948242	11.9399995803833	12.4399995803833	11.9799995422363	1380600	12.3900003433228	11.9899997711182	12.1400003433228	12.3699998855591	1996300	12.4200000762939	12.2600002288818	12.4200000762939	12.3999996185303	2079800	12.8699998855591	12.539999961853	12.75	12.6400003433228	1240900	12.7299995422363	12.5699996948242	12.6099996566772	12.6800003051758	842400	13.0200004577637	12.6499996185303	12.6700000762939	13.0100002288818	1520100	13.0699996948242	12.5699996948242	12.9399995803833	12.6099996566772	1165200	12.8100004196167	12.5799999237061	12.6700000762939	12.7700004577637	1440200	13.0299997329712	12.7799997329712	12.8000001907349	12.9799995422363	1444300	13.4399995803833	12.9700002670288	13.1300001144409	13.1899995803833	1190500	13.3500003814697	13.1400003433228	13.3500003814697	13.1400003433228	1545600	13.2600002288818	12.8999996185303	13.1000003814697	12.9200000762939	2634800	12.9899997711182	12.710000038147	12.8900003433228	12.8000001907349	2570500	13.2299995422363	12.7700004577637	12.9300003051758	13.0200004577637	2555200	13.3199996948242	13.0500001907349	13.1000003814697	13.3000001907349	1748000	13.3299999237061	12.9899997711182	13.1599998474121	13.1199998855591	2815600	13.3900003433228	12.8999996185303	13.0699996948242	12.9799995422363	1043800	13.0699996948242	12.5799999237061	13.0100002288818	12.6000003814697	1226700	12.75	12.3800001144409	12.5699996948242	12.4099998474121	1677000	12.7200002670288	12.3100004196167	12.3800001144409	12.5299997329712	1104100	12.5900001525879	12.2200002670288	12.5200004577637	12.5200004577637	830300	12.5900001525879	12.3000001907349	12.4700002670288	12.5200004577637	1018600	12.8000001907349	12.4700002670288	12.6300001144409	12.7799997329712	1122100	13.039999961853	12.8100004196167	12.8800001144409	12.9700002670288	914300	13.0900001525879	12.7600002288818	13.039999961853	12.8900003433228	1109700	13.3599996566772	13.0200004577637	13.0299997329712	13.2600002288818	1593500	13.6599998474121	13.1800003051758	13.3400001525879	13.4300003051758	2319800	14.1400003433228	13.6899995803833	13.7700004577637	14.1099996566772	3921700	14.3299999237061	13.8000001907349	13.8900003433228	14.3100004196167	1899300	14.3699998855591	13.8999996185303	14.3000001907349	13.960000038147	2551500	14.25	13.9399995803833	13.9899997711182	13.960000038147	1987100	14	13.4499998092651	13.8999996185303	13.4899997711182	2251600	13.6800003051758	13.3800001144409	13.6099996566772	13.5600004196167	6069000	13.7600002288818	13.4799995422363	13.75	13.5500001907349	2138300	13.3999996185303	13.0699996948242	13.3000001907349	13.2299995422363	2096000	13.210000038147	12.9399995803833	13.1700000762939	13.039999961853	2137900	13.1599998474121	12.8400001525879	12.9099998474121	13.1499996185303	1683200	13.0799999237061	12.7600002288818	13.0500001907349	12.960000038147	2356700	13.4300003051758	13.0500001907349	13.1999998092651	13.289999961853																									
2024-08-06	2024-08-02	AAM	Aa Mission Acquisition Corp.	Sun Qing Bill	CEO, 10%	P - Purchase	10	759000	9,384,000	+9%	+$7,590,000	7590000	16:02:24	4	929200	9.97999954223633	9.96000003814697	9.97999954223633	9.97999954223633	1564000	9.98999977111816	9.97999954223633	9.97999954223633	9.97999954223633	4500	9.98999977111816	9.98200035095215	9.98999977111816	9.98200035095215	319200	9.98999977111816	9.97999954223633	9.98999977111816	9.97999954223633	212700	10	9.97999954223633	9.98999977111816	9.98999977111816	159700	10	9.98999977111816	9.98999977111816	9.98999977111816	15400	10.0100002288818	9.98999977111816	10.0100002288818	10.0050001144409	250600	10.0100002288818	9.98999977111816	10.0100002288818	9.99499988555908	1623800	10.0100002288818	10	10.0100002288818	10.0100002288818	537100	10.0299997329712	10.0100002288818	10.0299997329712	10.0100002288818	191700	10.0200004577637	10.0100002288818	10.0200004577637	10.0200004577637	118300	10.0200004577637	10.0100002288818	10.0200004577637	10.0100002288818	1112100	10.0299997329712	10.0100002288818	10.0200004577637	10.0100002288818	396300	10.0200004577637	10.0100002288818	10.0200004577637	10.0150003433228	51200	10.0200004577637	10.0150003433228	10.0200004577637	10.0150003433228																																																																																																																																																																										
2024-07-30	2024-07-30	MXL	Maxlinear, Inc	Seendripu Kishore	COB, Pres, CEO, 10%	P - Purchase	12.94	108303	4,954,999	+2%	+$1,401,592	1401440.82	19:55:22	0	1486900	13.8500003814697	12.8000001907349	13.8000001907349	12.8999996185303	2052300	14.1700000762939	13.3199996948242	13.789999961853	14.1400003433228	1368900	14.4200000762939	13.3199996948242	13.9499998092651	13.460000038147	1763200	13.1000003814697	12.3999996185303	12.8100004196167	12.4700002670288	1384300	12.1599998474121	11.3299999237061	11.4399995803833	11.6000003814697	1252800	11.8900003433228	11.2700004577637	11.6400003433228	11.5100002288818	891200	12.0100002288818	11.0799999237061	11.8699998855591	11.1000003814697	740200	11.8199996948242	11.2600002288818	11.3299999237061	11.789999961853	599500	11.8900003433228	11.4200000762939	11.8100004196167	11.4799995422363	937900	11.8400001525879	11.3599996566772	11.4499998092651	11.6800003051758	727300	12.0200004577637	11.5500001907349	11.75	11.9499998092651	1123900	12.0900001525879	11.1700000762939	12.0900001525879	11.1700000762939	1645200	12.6300001144409	11.460000038147	11.5500001907349	12.5500001907349	776200	12.710000038147	12.3199996948242	12.4499998092651	12.5500001907349	681900	12.8000001907349	12.1999998092651	12.5100002288818	12.789999961853	618700	12.9799995422363	12.3999996185303	12.8100004196167	12.4899997711182	597300	12.8100004196167	12.4399995803833	12.6199998855591	12.789999961853	567500	12.8100004196167	12.289999961853	12.789999961853	12.3199996948242	966300	12.9499998092651	12.2200002670288	12.3400001525879	12.7600002288818	766600	12.8000001907349	12.1000003814697	12.8000001907349	12.1300001144409	639100	12.0600004196167	11.6700000762939	12.0600004196167	11.8299999237061	876000	12	11.4799995422363	11.8199996948242	11.9300003051758	3165800	13.8199996948242	12.0500001907349	12.1300001144409	13.789999961853	2463600	15.25	13.9200000762939	13.9899997711182	15.1800003051758	2357200	15.2600002288818	13.3800001144409	14.710000038147	13.6899995803833	1744400	14.8599996566772	13.210000038147	13.7200002670288	14.3900003433228	967900	14.4099998474121	13.7700004577637	14.1800003051758	14.0799999237061	1070700	14.0699996948242	13.0799999237061	14.0200004577637	13.1300001144409	968200	13.5500001907349	12.960000038147	13.2200002670288	13.3299999237061	777000	13.5900001525879	13.0600004196167	13.3900003433228	13.4499998092651	939500	14.1599998474121	13.1400003433228	13.5600004196167	14.1599998474121	736700	14.6999998092651	13.960000038147	14.1099996566772	14	883500	14.789999961853	14.2299995422363	14.2299995422363	14.3400001525879	995600	14.8000001907349	14.0200004577637	14.2399997711182	14.5500001907349	592300	14.8699998855591	14.0799999237061	14.7799997329712	14.2200002670288	604500	14.8400001525879	14.0600004196167	14.1800003051758	14.0900001525879	656800	14.8100004196167	14.2799997329712	14.7700004577637	14.4200000762939	1964800	14.2799997329712	13.7700004577637	14.2799997329712	13.9300003051758	799500	14.3100004196167	13.6400003433228	14.0200004577637	14.3100004196167	805500	15	14.3999996185303	14.4399995803833	14.9099998474121	895400	15.2200002670288	14.5799999237061	14.7799997329712	14.8599996566772	1174200	15.6599998474121	15.0200004577637	15.4700002670288	15.3000001907349	764100	15.6400003433228	15.0699996948242	15.3900003433228	15.1999998092651																														
2024-07-30	2024-07-26	ALLE	Allegion Plc	Stone John H	Pres, CEO	P - Purchase	134.99	5000	118,640	+4%	+$674,925	674950	16:23:51	4	1089900	137.520004272461	133.429992675781	134.149993896484	136.770004272461	757700	138.679992675781	136.419998168945	136.639999389648	137.660003662109	991100	141.100006103516	138.009994506836	138.970001220703	139.339996337891	925300	141.990005493164	136.580001831055	141.759994506836	136.809997558594	1156100	139.199996948242	131.940002441406	136.600006103516	132.289993286133	1312900	130.559997558594	127.830001831055	130.080001831055	129.539993286133	875800	130.279998779297	125.889999389648	126.949996948242	127.75	587800	129.699996948242	126.879997253418	126.949996948242	127.589996337891	813100	131.009994506836	126.459999084473	128.389999389648	126.519996643066	943700	129.869995117188	127.26000213623	127.26000213623	129.460006713867	537200	130.559997558594	128.350006103516	129.389999389648	128.889999389648	536100	129.889999389648	127.819999694824	128.690002441406	128.759994506836	412300	130.720001220703	128.729995727539	129.399993896484	130.089996337891	389600	131.440002441406	129.669998168945	130.490005493164	131.089996337891	443100	133.970001220703	131.289993286133	132.850006103516	132.949996948242	332500	133.119995117188	131.130004882813	132.580001831055	131.270004272461	413600	133.039993286133	131.690002441406	132.009994506836	132.850006103516	342100	133.320007324219	131.479995727539	133.009994506836	132.210006713867	509800	134.710006713867	132.240005493164	132.880004882813	134.509994506836	511700	135.520004272461	134.059997558594	134.229995727539	135.009994506836	502900	137.979995727539	135.199996948242	136.160003662109	137	596500	138.610000610352	136.940002441406	137.809997558594	137.710006713867	479500	137.490005493164	135.960006713867	137	137.210006713867	599500	138.539993286133	136.449996948242	137.210006713867	136.630004882813	375900	138.919998168945	136.259994506836	137.860000610352	137.309997558594	682100	139.460006713867	136.179992675781	137.990005493164	138.839996337891	539300	139.779998779297	135.869995117188	138.699996948242	137	603400	137.850006103516	136.740005493164	137.100006103516	137.350006103516	461000	137.5	134.330001831055	137.5	135.690002441406	478600	137.429992675781	133.979995727539	136.25	134.5	691000	135.990005493164	133.970001220703	135.309997558594	134.559997558594	691600	136.210006713867	134.380004882813	135.509994506836	136.160003662109	695600	137.139999389648	133.479995727539	135.789993286133	137.089996337891	559600	139.25	136.139999389648	136.740005493164	139.119995117188	520700	141.940002441406	139.309997558594	139.789993286133	141.169998168945	467400	143.139999389648	140.399993896484	141.779998779297	142.720001220703	418300	144.490005493164	142.490005493164	143.380004882813	143.369995117188	485200	146.410003662109	142.25	143.850006103516	143.419998168945	867800	146.380004882813	143.050003051758	146.380004882813	143.75	1847700	142.779998779297	140.029998779297	142.740005493164	140.399993896484	817500	142.880004882813	141.25	141.25	142.649993896484	442700	144.020004272461	142.710006713867	142.779998779297	143.839996337891	500400	144.830001831055	142.940002441406	144.130004882813	143.389999389648	776600	145.050003051758	143.139999389648	144.559997558594	143.699996948242	589500	146.460006713867	143.460006713867	144.979995727539	143.770004272461																				
2024-07-25	2024-07-23	TFC	Truist Financial Corp	Rogers William H Jr	COB, CEO	P - Purchase	43.96	57300	1,139,046	+5%	+$2,518,908	2518908	09:58:39	2	7183800	44.3800010681152	43.5400009155273	43.75	44.1500015258789	7366800	44.3199996948242	43.3899993896484	43.8800010681152	43.6100006103516	9070400	44.7799987792969	43.4700012207031	43.6100006103516	44.1199989318848	7274600	44.6399993896484	43.9799995422363	44.189998626709	44.4199981689453	7302100	44.7599983215332	44.1300010681152	44.6800003051758	44.4599990844727	6492500	45.0699996948242	44.560001373291	44.7999992370606	44.939998626709	8422900	45.310001373291	44.6699981689453	45	44.689998626709	9276900	44.8699989318848	43.1599998474121	44.7599983215332	43.3499984741211	10710400	42.7000007629395	41.2099990844727	42.6199989318848	42.1199989318848	8756100	41.8300018310547	39.9199981689453	40.8199996948242	41.1800003051758	7614900	42.1500015258789	40.9500007629395	41.25	41.6500015258789	6245000	42.6699981689453	40.9900016784668	42.3800010681152	41.0999984741211	5706500	42.25	41.4199981689453	41.4500007629395	42.0699996948242	6236400	41.7200012207031	41.4099998474121	41.5400009155273	41.560001373291	7869800	42.3400001525879	41.0499992370606	41.8199996948242	41.2200012207031	5910900	41.7200012207031	41.189998626709	41.6599998474121	41.689998626709	3806800	41.9700012207031	41.5499992370606	41.9000015258789	41.9000015258789	6438600	42.939998626709	42.2999992370606	42.5	42.3699989318848	4183500	42.75	42.2799987792969	42.310001373291	42.5299987792969	8338700	42.9599990844727	42.5800018310547	42.5800018310547	42.9500007629395	5151200	42.7299995422363	42.1599998474121	42.7299995422363	42.2599983215332	8700800	42.5499992370605	41.5299987792969	42.4500007629395	42.0900001525879	12283600	42.5499992370605	41.7999992370606	42.1800003051758	41.8699989318848	10157900	43.8699989318848	42.060001373291	42.1699981689453	43.8400001525879	10295300	44.3499984741211	43.9199981689453	44	44.2200012207031	6847800	44.4000015258789	43.689998626709	44.1399993896484	43.9099998474121	4632000	44.189998626709	43.6599998474121	43.7999992370605	43.939998626709	3669700	44.2900009155273	43.5699996948242	44.1599998474121	43.9099998474121	6565400	44.5	44.060001373291	44.1100006103516	44.4599990844727	7204100	44.7599983215332	44.0699996948242	44.0900001525879	44.2200012207031	8083100	44.5	43.2700004577637	44.1399993896484	43.6199989318848	5853600	44.0299987792969	42.9900016784668	43.9700012207031	43.1500015258789	8589000	43.5499992370606	41.810001373291	43.2000007629395	42.060001373291	8392100	42.810001373291	42.2400016784668	42.4099998474121	42.5999984741211	9250900	42.7400016784668	41.4900016784668	42.7299995422363	41.9199981689453	7447500	41.7400016784668	40.6699981689453	41.4500007629395	41.6500015258789	7471400	41.9500007629395	41.3199996948242	41.6500015258789	41.6300010681152	9629600	42.2099990844727	41.5900001525879	41.8600006103516	41.8400001525879	10725500	42.3699989318848	41.9300003051758	42.1199989318848	42.1300010681152	7495400	42.5999984741211	41.6800003051758	42.3800010681152	41.8800010681152	6707800	42.7700004577637	41.6800003051758	41.8400001525879	42.0200004577637	10786400	43.2900009155274	42.5	42.7000007629395	42.9300003051758	12828800	42.810001373291	42.0400009155274	42.7299995422363	42.3199996948242																														
2024-07-19	2024-07-19	TWFG	Twfg, Inc.	Bunch Richard F. III	Pres, CEO, 10%	P - Purchase	17	202976	36,445,284	+1%	+$3,450,592	3450592	21:42:37	0	550700	22.6100006103516	21.3099994659424	21.6100006103516	22.6100006103516	451500	22.8899993896484	21.5	22.5	22	381700	22.6000003814697	21.4500007629395	21.9899997711182	22	367400	22.5	21.5300006866455	22	21.7999992370605	425300	24.1399993896484	21.7999992370605	21.7999992370605	23.3899993896484	305300	24	22.8999996185303	23.5699996948242	23.1800003051758	247100	24	22.8700008392334	22.8899993896484	23.6800003051758	280600	24.8999996185303	23.4300003051758	23.4300003051758	24.7399997711182	379600	25.7199993133545	24.2000007629395	24.4200000762939	25.2600002288818	133500	25.5	24.0799999237061	25.170000076294	24.8150005340576	231300	25.0400009155273	22.9300003051758	24.1800003051758	24.8700008392334	241500	25	23.6429996490479	23.8999996185303	24.6100006103516	223000	26.1499996185303	23.7399997711182	24.8500003814697	24.1100006103516	62800	25.0200004577637	24.0799999237061	24.1100006103516	24.2999992370606	132200	24.9099998474121	23.9099998474121	24.0799999237061	24.3799991607666	95100	24.9300003051758	23.8700008392334	24.3799991607666	24.5	188400	24.8500003814697	24.0599994659424	24.2299995422363	24.4400005340576	142800	25.25	23.8799991607666	24.5499992370605	24.3799991607666	43100	24.5550003051758	23.6399993896484	23.6399993896484	24.1700000762939	43000	25.0100002288818	23.8899993896484	24.2000007629395	24.4799995422363	94300	25.4300003051758	24.1599998474121	24.1599998474121	24.5400009155273	208100	26.7900009155273	24.0839996337891	24.4500007629395	26.2999992370606	285800	27.4669990539551	24.5699996948242	26.0400009155273	25.2199993133545	106900	25.9790000915527	24.8799991607666	25.7900009155273	25.5100002288818	86700	26.2099990844727	24.7399997711182	25.2399997711182	25.6000003814697	63000	26.1800003051758	25.3500003814697	25.7700004577637	25.8600006103516	145200	26.25	24.7399997711182	26.1100006103516	26	441700	27.4500007629395	25.6000003814697	25.7099990844727	26.8700008392334	163500	26.7800006866455	24.2900009155273	25.7999992370605	26.4799995422363	47200	27.9200000762939	26.4099998474121	26.6599998474121	27.3400001525879	98800	28.9799995422363	27.3600006103516	27.5200004577637	28.670000076294	115200	30.0799999237061	28.2299995422363	28.2299995422363	29.7700004577637	97400	31.2900009155273	29.7700004577637	30.0100002288818	30.0599994659424	151300	31.9099998474121	30.1049995422363	30.4699993133545	30.9200000762939	168500	30.9799995422363	28.5799999237061	30.6299991607666	29.7099990844727	173300	29.9899997711182	27.1599998474121	29.9899997711182	27.6399993896484	99800	28.1299991607666	27.0599994659424	27.4099998474121	27.2700004577637	138300	28.8299999237061	26.6450004577637	27	28.1900005340576	127500	29.3600006103516	28.0949993133545	28.3799991607666	28.2399997711182	88900	28.3999996185303	27.1399993896484	28.0799999237061	27.6299991607666	51000	27.5599994659424	26.5300006866455	27.5599994659424	26.6499996185303																																								
2024-07-19	2024-07-17	SCHW	Schwab Charles Corp	Bettinger Walter W	Co-COB, CEO	P - Purchase	66.26	25000	840,101	+3%	+$1,656,500	1656500	17:23:54	2	42877600	66.5999984741211	61.0099983215332	66.2600021362305	63.7999992370606	21576200	63.4000015258789	61.8499984741211	62.8899993896484	62.2700004577637	14768600	62.7799987792969	61.3199996948242	62.6699981689453	62.0800018310547	16727200	64.8899993896484	62.8699989318848	62.939998626709	64.75	14758600	66.370002746582	64.6399993896484	64.6399993896484	65.1399993896484	11836500	66.3899993896484	64	65.3099975585938	64.0800018310547	12194300	66.8899993896484	64.3899993896484	64.3899993896484	66.2399978637695	11168800	67.4000015258789	66.4800033569336	66.5400009155274	66.5999984741211	9962700	66.3899993896484	65.0400009155274	65.9700012207031	65.3000030517578	8022600	65.9899978637695	64.1699981689453	65.9199981689453	64.9100036621094	6982700	65.5599975585938	64.5699996948242	65.3199996948242	65.1900024414063	9896000	65.5500030517578	63.4099998474121	65.1999969482422	63.7099990844727	10258500	64.0999984741211	62.1300010681152	62.7400016784668	63.3899993896484	7873800	62.9199981689453	61.1500015258789	61.6199989318848	62.2900009155273	7691900	63.7700004577637	61.5800018310547	62.4199981689453	62.7999992370606	7331100	63.9500007629395	62.0800018310547	63.5400009155273	62.2200012207031	6138700	63.189998626709	62.1300010681152	62.7900009155274	62.7799987792969	4255100	62.7999992370606	62.0800018310547	62.3800010681152	62.4099998474121	6994000	62.7799987792969	61.2099990844727	62.689998626709	61.7700004577637	8774000	62.5099983215332	61.3199996948242	61.9700012207031	62.4900016784668	15942100	65.9599990844727	63.1599998474121	63.75	65.3600006103516	7612800	66.379997253418	64.5899963378906	66	65.2300033569336	5335000	65.5699996948242	64.9300003051758	65.0199966430664	65.5500030517578	4303600	66.1500015258789	65.3099975585938	65.5800018310547	65.5800018310547	5381400	65.629997253418	64.7200012207031	65.5	64.8399963378906	7814400	65.1100006103516	64.2099990844727	65	64.5699996948242	19988800	64.5	62.5999984741211	62.6800003051758	64.2699966430664	13127800	65.129997253418	63.75	64.6999969482422	64.3899993896484	7439200	65.3000030517578	64.1500015258789	64.6500015258789	64.4800033569336	7006000	64.4700012207031	63.7099990844727	64.3600006103516	63.9099998474121	8135500	64.4300003051758	63.2099990844727	63.9099998474121	63.9799995422363	6429500	65.0400009155274	63.8300018310547	64.2900009155274	64.9300003051758	6549100	65.5400009155274	64.5400009155274	65.0999984741211	65.0999984741211	6540800	65	64.1500015258789	64.2200012207031	64.7900009155273	5489900	65.0599975585938	63.3800010681152	64.8000030517578	63.9000015258789	5552100	64.6600036621094	63.4000015258789	64.5400009155274	63.689998626709	8331700	64.3600006103516	62.4500007629395	63.7700004577637	62.9000015258789	6247100	63.6399993896484	62.8600006103516	63.5400009155273	63.0099983215332	8567900	63.1599998474121	61.8300018310547	63.1599998474121	63.060001373291	8781300	63.6599998474121	61.4900016784668	62.7999992370606	63.4099998474121	10621900	63.6699981689453	61.1599998474121	63.4599990844727	61.7400016784668	10840600	62.7700004577637	61.810001373291	62	62.1199989318848	11797200	64.0999984741211	62.3699989318848	63.0099983215332	63.689998626709																														
2024-07-12	2024-07-10	CTRN	Citi Trends Inc	Seipel Kenneth Duane	Interim CEO	P - Purchase	19.03	282644	319,562	+766%	+$5,377,822	5378715.32	19:54:42	2	310400	19.2700004577637	18.3299999237061	19.25	18.7199993133545	436200	19.4599990844727	18.8999996185303	19	19.25	231100	19.9599990844727	18.6100006103516	19.25	18.6499996185303	408600	21.0499992370605	19.3199996948242	20.7900009155273	19.9400005340576	209100	21.1800003051758	19.8099994659424	20.0699996948242	20.7299995422363	110600	20.8199996948242	20.3099994659424	20.4599990844727	20.5499992370605	93600	21.3099994659424	19.4699993133545	20.5699996948242	19.5400009155273	147800	19.7099990844727	19.2000007629395	19.5	19.2800006866455	80700	19.8700008392334	19.2399997711182	19.3500003814697	19.7299995422363	87300	20.2800006866455	19.4500007629395	19.6700000762939	20.25	152900	20.3500003814697	18.6000003814697	20.1800003051758	18.6299991607666	128700	19.2999992370605	18.5400009155273	18.7000007629395	18.6900005340576	96100	19.2099990844727	18.6399993896484	18.9099998474121	18.7600002288818	60400	19	18.5200004577637	18.8500003814697	18.6399993896484	149300	19.3700008392334	18.5499992370605	18.6800003051758	19.0200004577637	90200	20.1000003814697	18.7000007629395	19.0900001525879	19.6100006103516	218400	19.7999992370605	18.0200004577637	19.5900001525879	18.0400009155273	274400	17.7999992370605	16.1200008392334	17.7999992370605	17.0200004577637	138900	16.7600002288818	15.6800003051758	15.9899997711182	16.6200008392334	72500	16.8099994659424	16.1499996185303	16.8099994659424	16.3799991607666	206900	16.8999996185303	15.4200000762939	16.6000003814697	16.0499992370605	42700	16.6399993896484	16.2700004577637	16.3400001525879	16.5699996948242	72200	16.7700004577637	16.1800003051758	16.5499992370605	16.2800006866455	157100	16.2900009155273	15.4499998092651	16.2000007629395	15.5799999237061	59600	16.6100006103516	15.6499996185303	15.710000038147	16.6100006103516	99400	16.6700000762939	15.5200004577637	16.6100006103516	15.9399995803833	90700	16.5400009155273	15.7200002670288	16.4899997711182	16.1599998474121	104300	16.7000007629395	15.8000001907349	16.25	16.0300006866455	66800	16.1800003051758	15.5900001525879	16.0400009155273	15.6000003814697	76400	15.5500001907349	15.1300001144409	15.4700002670288	15.3100004196167	66000	15.8000001907349	15.3100004196167	15.4200000762939	15.6000003814697	50000	15.7200002670288	15.1099996566772	15.5799999237061	15.1499996185303	118200	16.0599994659424	15.2200002670288	15.2200002670288	15.9499998092651	209900	16.5599994659424	15.8900003433228	16.1800003051758	16.4300003051758	1060700	16.8299999237061	14.8999996185303	15	15.2399997711182	535600	15.1999998092651	13.9799995422363	15.039999961853	14.3199996948242	442600	14.6800003051758	14.0100002288818	14.4799995422363	14.4700002670288	219000	15.1300001144409	14.210000038147	14.6000003814697	14.3000001907349	243500	14.4200000762939	13.6999998092651	14.4200000762939	13.8299999237061	185000	14.210000038147	13.6599998474121	13.75	13.8999996185303	174100	14.5500001907349	13.9899997711182	14.0799999237061	14.1999998092651	114600	14.3699998855591	13.9499998092651	14.1999998092651	14.0500001907349	96900	14.2700004577637	13.9899997711182	14.0799999237061	14																														
2024-07-08	2024-07-03	AASP	Global Acquisitions Corp	Boreta Ronald S	Pres, CEO, Treasurer, 10%	P - Purchase	0.4	1495390	2,458,403	+155%	+$593,670	598156	17:03:05	5	0	0.209999993443489	0.209999993443489	0.209999993443489	0.209999993443489	0	0.209999993443489	0.209999993443489	0.209999993443489	0.209999993443489	200	0.170000001788139	0.170000001788139	0.170000001788139	0.170000001788139	20600	0.699999988079071	0.319999992847443	0.319999992847443	0.379999995231628	0	0.379999995231628	0.379999995231628	0.379999995231628	0.379999995231628	8200	0.670000016689301	0.349999994039536	0.589999973773956	0.349999994039536	1000	0.550000011920929	0.550000011920929	0.550000011920929	0.550000011920929	0	0.550000011920929	0.550000011920929	0.550000011920929	0.550000011920929	700	0.529999971389771	0.479999989271164	0.529999971389771	0.509999990463257	0	0.509999990463257	0.509999990463257	0.509999990463257	0.509999990463257	100	0.519999980926514	0.519999980926514	0.519999980926514	0.519999980926514	0	0.519999980926514	0.519999980926514	0.519999980926514	0.519999980926514	0	0.519999980926514	0.519999980926514	0.519999980926514	0.519999980926514	200	0.509999990463257	0.509999990463257	0.509999990463257	0.509999990463257	1000	0.5	0.5	0.5	0.5	200	0.349999994039536	0.349999994039536	0.349999994039536	0.349999994039536	3500	0.349999994039536	0.349999994039536	0.349999994039536	0.349999994039536	300	0.349999994039536	0.349999994039536	0.349999994039536	0.349999994039536	0	0.349999994039536	0.349999994039536	0.349999994039536	0.349999994039536	0	0.349999994039536	0.349999994039536	0.349999994039536	0.349999994039536	0	0.349999994039536	0.349999994039536	0.349999994039536	0.349999994039536	0	0.349999994039536	0.349999994039536	0.349999994039536	0.349999994039536	1100	0.349999994039536	0.349999994039536	0.349999994039536	0.349999994039536	0	0.349999994039536	0.349999994039536	0.349999994039536	0.349999994039536	0	0.349999994039536	0.349999994039536	0.349999994039536	0.349999994039536	0	0.349999994039536	0.349999994039536	0.349999994039536	0.349999994039536	3000	0.349999994039536	0.349999994039536	0.349999994039536	0.349999994039536	300	0.509999990463257	0.509999990463257	0.509999990463257	0.509999990463257	1800	0.349999994039536	0.349999994039536	0.349999994039536	0.349999994039536	2300	0.509999990463257	0.509999990463257	0.509999990463257	0.509999990463257	0	0.509999990463257	0.509999990463257	0.509999990463257	0.509999990463257	0	0.509999990463257	0.509999990463257	0.509999990463257	0.509999990463257	1000	0.5	0.5	0.5	0.5	900	0.5	0.5	0.5	0.5	0	0.5	0.5	0.5	0.5	0	0.5	0.5	0.5	0.5	0	0.5	0.5	0.5	0.5	2000	0.639999985694885	0.639999985694885	0.639999985694885	0.639999985694885	13300	0.639999985694885	0.560000002384186	0.639999985694885	0.639999985694885	0	0.639999985694885	0.639999985694885	0.639999985694885	0.639999985694885	900	0.639999985694885	0.639999985694885	0.639999985694885	0.639999985694885	0	0.639999985694885	0.639999985694885	0.639999985694885	0.639999985694885	0	0.639999985694885	0.639999985694885	0.639999985694885	0.639999985694885	0	0.639999985694885	0.639999985694885	0.639999985694885	0.639999985694885	2000	0.629999995231628	0.629999995231628	0.629999995231628	0.629999995231628																				
2024-06-28	2024-06-28	TXO	Txo Partners, L.P.	Simpson Bob R	COB, CEO, 10%	P - Purchase	20	1e+05	4,500,000	+2%	+$2,000,000	2e+06	18:38:07	0	151100	20.5499992370605	20	20.5499992370605	20.1599998474121	335800	21.3500003814697	20.5	20.9799995422363	20.75	119000	21.0900001525879	20.25	21.0499992370605	20.7999992370605	118100	21.2399997711182	20.4599990844727	21.2399997711182	20.8899993896484	154200	21.3899993896484	20.9200000762939	21.1499996185303	21.2299995422363	99800	21.4099998474121	20.9400005340576	21.3899993896484	21.0799999237061	84800	21.2000007629395	20.25	21.1499996185303	20.5200004577637	224600	21.5799999237061	20.6299991607666	20.7900009155273	21.1299991607666	76300	21.3899993896484	20.5699996948242	21.3899993896484	21.2099990844727	103000	21.7199993133545	20.6700000762939	21.5900001525879	21.0499992370605	134700	21.0300006866455	20.6800003051758	20.9099998474121	20.8799991607666	103100	21.0499992370605	20.7999992370605	20.8799991607666	20.9200000762939	128000	21.1200008392334	20.7999992370605	21.0100002288818	20.9200000762939	85700	21.3999996185303	20.7999992370605	21	21.1800003051758	102900	21.2999992370606	20.5799999237061	21.0599994659424	21	69700	21.2000007629395	20.6200008392334	21.0799999237061	21.1200008392334	103700	21.2900009155273	20.5499992370605	21.2900009155273	20.5699996948242	134500	21	20.0699996948242	20.8600006103516	20.3999996185303	83300	20.7800006866455	20.0799999237061	20.5300006866455	20.1000003814697	56200	20.3600006103516	20.0100002288818	20.2999992370605	20.2299995422363	125100	20.1599998474121	19.5699996948242	20.1599998474121	19.9200000762939	47800	20.5	20	20.1399993896484	20.4099998474121	67300	20.7900009155273	20.1240005493164	20.25	20.5100002288818	47300	20.996000289917	19.9500007629395	20.9200000762939	20.2299995422363	212900	20.25	19.2700004577637	20	19.5900001525879	205700	19.8850002288818	18.6499996185303	19	19.6100006103516	84100	19.9699993133545	19.2099990844727	19.9699993133545	19.5	90400	20.7900009155273	19.6599998474121	20.7900009155273	20.0599994659424	84600	20.5	19.8929996490479	20.25	20.3500003814697	130000	20.4899997711182	20.2900009155273	20.3299999237061	20.3700008392334	100200	20.6200008392334	20.2999992370605	20.5499992370605	20.6100006103516	78700	20.7600002288818	20.3129997253418	20.7099990844727	20.5300006866455	55700	20.7649993896484	20.1800003051758	20.4200000762939	20.3799991607666	98600	20.6499996185303	20.1499996185303	20.6499996185303	20.25	104100	20.6200008392334	20.1700000762939	20.4500007629395	20.3700008392334	182400	20.9349994659424	20.2800006866455	20.6499996185303	20.8899993896484	143400	20.1599998474121	19.4599990844727	20.1599998474121	19.7600002288818	93700	19.8799991607666	19.0839996337891	19.8799991607666	19.5	75000	19.5	18.8099994659424	19.5	19.0400009155273	30700	19.5799999237061	19.0300006866455	19.2700004577637	19.3999996185303	105200	19.8150005340576	19.3649997711182	19.5900001525879	19.5900001525879																																								
2024-06-27	2024-06-25	RH	Rh	Friedman Gary G	COB, CEO, 10%	P - Purchase	216.1	46274	3,351,337	+1%	+$9,999,978	9999811.4	19:47:18	2	950900	223.949996948242	212.429992675781	223.279998779297	214.919998168945	592100	221.880004882813	214.270004272461	214.820007324219	219.190002441406	1743900	240.979995727539	228.509994506836	234.020004272461	239.300003051758	1174700	248.610000610352	238.169998168945	242.429992675781	244.440002441406	622700	244.5	234.380004882813	244.5	238.669998168945	644200	250	239.809997558594	241.639999389648	249.5	320100	248.899993896484	240.399993896484	248.899993896484	240.720001220703	498100	246.479995727539	238.020004272461	241.860000610352	238.020004272461	644100	247.75	239.75	239.75	242	611600	243.929992675781	233.139999389648	242.309997558594	237.889999389648	326100	246.520004272461	238.580001831055	241	245.300003051758	1063100	268.829986572266	255.399993896484	258.109985351563	266.920013427734	901300	282.630004882813	267.399993896484	267.399993896484	274.619995117188	587400	279.989990234375	268.010009765625	274	276.209991455078	780900	295.760009765625	277.559997558594	280.140014648438	294.260009765625	652700	294.899993896484	285.910003662109	288.600006103516	286.149993896484	652300	294.579986572266	270.010009765625	285.309997558594	273.760009765625	358900	278.910003662109	270.5	272.630004882813	272.839996337891	839000	273.649993896484	255.330001831055	272.519989013672	257.690002441406	466900	260.230010986328	253.330001831055	257.119995117188	259.739990234375	520400	263.579986572266	252.820007324219	258.369995117188	253.490005493164	877600	268.459991455078	247.110000610352	252.330001831055	260.649993896484	889100	281.839996337891	265.739990234375	266.309997558594	280.970001220703	620000	291.420013427734	278.739990234375	281.359985351563	289.790008544922	578200	292.720001220703	279.600006103516	290.75	285.149993896484	572400	299.260009765625	282.529998779297	286.440002441406	290.079986572266	714000	286.070007324219	270.579986572266	286.070007324219	275.790008544922	736700	264.899993896484	253	259.220001220703	257.589996337891	925900	254.070007324219	233.399993896484	233.399993896484	247.360000610352	621700	255.479995727539	241.160003662109	248.639999389648	253.529998779297	439700	265.920013427734	247.550003051758	259.809997558594	247.679992675781	843300	256.619995117188	241.130004882813	242.509994506836	255.990005493164	413000	258	251.509994506836	257.859985351563	251.639999389648	364900	252.539993286133	243	252.539993286133	245.449996948242	699100	261.890014648438	245	247.259994506836	260.220001220703	471900	264.459991455078	252.199996948242	264.230010986328	256.170013427734	884400	279.100006103516	265.5	268.239990234375	269.269989013672	455400	272.859985351563	263.130004882813	266.959991455078	268.130004882813	313600	273.640014648438	267.640014648438	268.779998779297	270.5	365600	269.079986572266	260.290008544922	269	260.890014648438	562800	273.649993896484	264.179992675781	265.820007324219	273.640014648438	568500	269.489990234375	261.369995117188	268.950012207031	262.869995117188	1063900	285	265	266.769989013672	283.160003662109																														
2024-06-21	2024-06-20	VRE	Veris Residential, Inc.	Nia Mahbod	CEO	P - Purchase	14.32	35000	659,941	+6%	+$501,347	501200	20:29:09	1	3092200	14.5600004196167	13.8400001525879	14.0799999237061	14.2700004577637	2122400	14.6400003433228	14.2299995422363	14.2700004577637	14.4799995422363	1852700	14.75	14.4899997711182	14.6999998092651	14.5500001907349	996100	14.5	14.3299999237061	14.4799995422363	14.4099998474121	1077300	14.6499996185303	14.3100004196167	14.3500003814697	14.6000003814697	785600	14.8400001525879	14.6099996566772	14.6700000762939	14.8400001525879	1556600	15.0600004196167	14.8199996948242	14.9700002670288	15	1096300	15.1199998855591	14.8599996566772	14.9700002670288	14.9700002670288	868900	15.2200002670288	14.9899997711182	15.0299997329712	15.1099996566772	383500	15.1400003433228	14.9700002670288	15.1400003433228	14.9799995422363	509500	15.0100002288818	14.7299995422363	14.9799995422363	14.789999961853	444300	14.9700002670288	14.7299995422363	14.8699998855591	14.8199996948242	832200	15.1800003051758	14.8199996948242	14.8199996948242	15.0900001525879	418200	15.2200002670288	15.1000003814697	15.2200002670288	15.1499996185303	713000	15.75	15.4399995803833	15.5	15.6300001144409	559700	15.789999961853	15.460000038147	15.6999998092651	15.5100002288818	601100	15.6999998092651	15.460000038147	15.6800003051758	15.5	650600	15.8500003814697	15.6000003814697	15.6000003814697	15.8400001525879	672500	16.0699996948242	15.6599998474121	15.75	15.7799997329712	528500	15.9099998474121	15.5600004196167	15.6800003051758	15.6700000762939	408600	15.75	15.5200004577637	15.6700000762939	15.5699996948242	565200	15.8900003433228	15.539999961853	15.5600004196167	15.8699998855591	457200	16.0200004577637	15.7600002288818	15.8299999237061	15.8100004196167	614300	16.0400009155273	15.5200004577637	15.7299995422363	15.5600004196167	989500	15.8999996185303	15.3999996185303	15.6999998092651	15.5699996948242	531800	16.1200008392334	15.710000038147	15.7799997329712	16.0400009155273	376300	16.1399993896484	15.9300003051758	16.0900001525879	16.0100002288818	620300	16.1100006103516	15.8800001144409	16.0900001525879	16.0100002288818	715700	16.1000003814697	15.6800003051758	16.1000003814697	15.710000038147	512100	15.9200000762939	15.6000003814697	15.7200002670288	15.8999996185303	494100	16.0300006866455	15.6199998855591	15.6199998855591	15.7799997329712	601800	15.7399997711182	15.210000038147	15.3500003814697	15.5299997329712	501300	15.8400001525879	15.4499998092651	15.5	15.7399997711182	793600	16.0300006866455	15.6400003433228	15.8199996948242	15.6800003051758	368000	15.8100004196167	15.5799999237061	15.7299995422363	15.6800003051758	452900	15.9899997711182	15.6300001144409	15.6899995803833	15.9799995422363	336400	15.9700002670288	15.75	15.9300003051758	15.9099998474121	339500	16.25	16	16.0599994659424	16.1900005340576	344300	16.3999996185303	16.1800003051758	16.2800006866455	16.3899993896484	588900	16.5900001525879	16.3700008392334	16.5799999237061	16.3999996185303	393700	16.6100006103516	16.2900009155273	16.4099998474121	16.5	438500	16.7099990844727	16.4899997711182	16.4899997711182	16.5100002288818																																			
2024-06-21	2024-06-18	ATLN	Atlantic International Corp.	Jagid Jeffrey M	CEO	P - Purchase	2.36	3735169	3,735,169	New	+$8,814,999	8814998.84	15:03:41	3	0	2.35999989509583	2.35999989509583	2.35999989509583	2.35999989509583	900	3	2.29999995231628	2.79999995231628	2.29999995231628	1400	4	3.25	3.25	4	2200	5.5	4	4	5.37099981307983	1100	5.84999990463257	5.59999990463257	5.59999990463257	5.84999990463257	8500	8.97999954223633	6.69999980926514	6.69999980926514	8.97000026702881	5100	8.97000026702881	5.05000019073486	8.97000026702881	6	0	6	6	6	6	400	5.98999977111816	5.98999977111816	5.98999977111816	5.98999977111816	0	5.98999977111816	5.98999977111816	5.98999977111816	5.98999977111816	400	5.5	5.5	5.5	5.5	300	5.5	5.5	5.5	5.5	0	5.5	5.5	5.5	5.5	400	5.25	5.25	5.25	5.25	600	5.23999977111816	4.75	4.75	5.23999977111816	600	5.25	5.25	5.25	5.25	100	4.5	4.5	4.5	4.5	0	4.5	4.5	4.5	4.5	500	4.5	4	4.5	4	1600	5.98000001907349	4.01300001144409	4.25	5.90000009536743	1000	6	5.4850001335144	5.8899998664856	5.4850001335144	1400	5.96000003814697	5.75	5.96000003814697	5.96000003814697	300	5.96000003814697	5.96000003814697	5.96000003814697	5.96000003814697	0	5.96000003814697	5.96000003814697	5.96000003814697	5.96000003814697	300	5.5	5.5	5.5	5.5	600	5.5	4.26000022888184	5.25	5.5	2300	5.48999977111816	4.25	5.48999977111816	4.43800020217896	1000	5.25	4.25	4.25	5.23000001907349	1600	6	5.23000001907349	5.23000001907349	6	1300	6.5	5.96000003814697	6	6.25	1000	5.5	4	5.5	5.15000009536743	600	5.5	5	5	5.44999980926514	400	5.98999977111816	5.8899998664856	5.98999977111816	5.8899998664856	700	5.94000005722046	4.5	5.5	5.94000005722046	1200	5.92000007629395	4.01000022888184	4.01000022888184	5.92000007629395	600	5.5	4.51000022888184	5.5	5.5	500	4.55000019073486	4.55000019073486	4.55000019073486	4.55000019073486	300	4.55000019073486	4.55000019073486	4.55000019073486	4.55000019073486	500	5.21000003814697	5	5	5.21000003814697	1700	5.73999977111816	4.55999994277954	4.66599988937378	5.73999977111816	1300	6.05000019073486	5.75	5.75	6.05000019073486	100	6.05000019073486	6.05000019073486	6.05000019073486	6.05000019073486	400	5.96000003814697	4.01999998092651	4.01999998092651	5.96000003814697																														
2024-06-18	2024-06-17	SPMC	Sound Point Meridian Capital, Inc.	Desai Ujjaval	CEO	P - Purchase	20	50001	50,001	New	+$1,000,020	1000020	17:19:08	1	71500	20.1499996185303	19.7999992370605	19.8999996185303	20.0699996948242	39000	20.1000003814697	19.8099994659424	20.0900001525879	20.0699996948242	127600	20.1000003814697	19.9599990844727	20.0799999237061	20.007999420166	29700	20	19.75	20	19.8999996185303	64400	20.0100002288818	19.8700008392334	19.9899997711182	19.9200000762939	7200	19.9799995422363	19.9200000762939	19.9489994049072	19.9500007629395	18600	20	19.8799991607666	20	19.9500007629395	53300	20.0499992370606	19.9099998474121	19.9500007629395	20	13200	20.0799999237061	19.9799995422363	20	20.0400009155273	4100	20.2099990844727	20	20.1000003814697	20.0499992370606	7300	20.1200008392334	19.9899997711182	20.0499992370606	20.0400009155273	1600	20.0499992370606	20	20.0400009155273	20.0499992370606	1700	20.0699996948242	20	20.0499992370606	20.0499992370606	26000	20.1499996185303	19.9699993133545	20.0499992370606	20.0400009155273	16000	20.048999786377	19.9200000762939	20	20.0100002288818	2800	20.0049991607666	19.8999996185303	19.9799995422363	19.8999996185303	10900	19.9699993133545	19.7999992370605	19.9699993133545	19.8999996185303	9100	20.1000003814697	19.9500007629395	19.9799995422363	19.9699993133545	6600	19.75	19.6599998474121	19.6599998474121	19.7399997711182	23900	19.75	19.5699996948242	19.7299995422363	19.7299995422363	2100	19.8799991607666	19.6499996185303	19.6900005340576	19.7099990844727	3100	19.7000007629395	19.6499996185303	19.7000007629395	19.6499996185303	400	19.7019996643066	19.7019996643066	19.7019996643066	19.7019996643066	3000	19.7000007629395	19.5499992370605	19.7000007629395	19.6599998474121	5700	19.9400005340576	19.7000007629395	19.7000007629395	19.7999992370605	9100	19.8500003814697	19.6000003814697	19.7000007629395	19.6299991607666	4100	19.6499996185303	19.5499992370605	19.6000003814697	19.5499992370605	12900	20.4150009155273	19.5699996948242	19.5699996948242	20.2199993133545	5800	20.1000003814697	19.7999992370605	20.1000003814697	19.8500003814697	13100	19.8250007629395	19.5599994659424	19.8199996948242	19.6499996185303	8100	19.9500007629395	19.6000003814697	19.6499996185303	19.9500007629395	5900	19.8999996185303	19.7000007629395	19.8999996185303	19.7150001525879	10500	19.8500003814697	19.5499992370605	19.75	19.5499992370605	6100	19.3099994659424	18.9500007629395	19.3099994659424	19.0200004577637	7300	19.1499996185303	19	19.1399993896484	19.0799999237061	5300	19.1000003814697	19	19	19.0499992370605	3300	19.2000007629395	19.1000003814697	19.1000003814697	19.1900005340576	8100	19.4300003051758	19.2299995422363	19.238000869751	19.4150009155273	2800	19.7000007629395	19.4750003814697	19.5	19.7000007629395	2500	19.7999992370605	19.7399997711182	19.7999992370605	19.7399997711182	4700	19.9109992980957	19.6900005340576	19.75	19.8999996185303	4900	19.8889999389648	19.6000003814697	19.7999992370605	19.8299999237061	4900	20	19.7999992370605	19.8299999237061	20																														
2024-06-18	2024-06-14	PRTH	Priority Technology Holdings, Inc.	Priore Thomas Charles	Pres, CEO, COB, 10%	P - Purchase	3.56	598187	46,819,476	+1%	+$2,129,546	2129545.72	17:08:54	4	28800	4.32999992370605	4.13000011444092	4.13000011444092	4.32999992370605	24800	4.44000005722046	4.09100008010864	4.36999988555908	4.34000015258789	51300	4.67000007629395	4.28999996185303	4.44000005722046	4.48000001907349	62200	4.90000009536743	4.5	4.69000005722046	4.78999996185303	77000	4.82999992370606	4.55000019073486	4.71000003814697	4.59999990463257	39900	4.94000005722046	4.55000019073486	4.59999990463257	4.90999984741211	40300	4.98000001907349	4.78000020980835	4.82000017166138	4.84000015258789	29000	4.86999988555908	4.75	4.76000022888184	4.84999990463257	22900	4.96999979019165	4.80999994277954	4.8899998664856	4.8600001335144	367900	5.3899998664856	4.79400014877319	4.8899998664856	5.28000020980835	73800	5.32499980926514	4.71000003814697	5.32000017166138	4.76000022888184	28000	4.96000003814697	4.75899982452393	4.76000022888184	4.94999980926514	12400	5.01999998092651	4.90000009536743	4.92999982833862	5.01999998092651	65200	5.03499984741211	4.94799995422363	4.96999979019165	4.96000003814697	56800	5.10500001907349	4.93699979782105	5.01999998092651	4.98000001907349	77400	5.32000017166138	5	5.01000022888184	5.17000007629395	50900	5.28000020980835	4.92000007629395	5.19000005722046	5.01999998092651	40100	5.07000017166138	4.96999979019165	5.05000019073486	5.03999996185303	51900	5.21999979019165	4.98999977111816	5.09999990463257	5.13000011444092	65900	5.63000011444092	5.09000015258789	5.13000011444092	5.6100001335144	119300	5.75	5.36499977111816	5.59999990463257	5.48999977111816	37300	5.82000017166138	5.48000001907349	5.53000020980835	5.73999977111816	35100	5.8899998664856	5.45800018310547	5.80000019073486	5.51000022888184	60400	5.79500007629395	5.19999980926514	5.53999996185303	5.19999980926514	54600	5.67000007629395	5.01999998092651	5.07000017166138	5.65999984741211	82900	6.30999994277954	5.6100001335144	5.6100001335144	6.23000001907349	63400	6.46999979019165	5.92000007629395	6.23999977111816	6.17999982833862	103400	6.86499977111816	6.17999982833862	6.17999982833862	6.34000015258789	72800	6.44000005722046	5.76999998092651	6.40000009536743	6.30000019073486	78900	6.28000020980835	5.26999998092651	6.26999998092651	5.26999998092651	45500	5.63000011444092	5.26999998092651	5.26999998092651	5.57000017166138	30200	6.1230001449585	5.57499980926514	5.57999992370606	5.92999982833862	74600	6.07499980926514	4.98000001907349	5.92999982833862	5.1399998664856	58400	4.96999979019165	4.6100001335144	4.96999979019165	4.6100001335144	57800	4.86999988555908	4.13299989700317	4.32999992370605	4.73999977111816	38100	4.92500019073486	4.65000009536743	4.67999982833862	4.78000020980835	56600	5.05999994277954	4.88000011444092	4.88000011444092	5.05999994277954	81500	5.40000009536743	4.86999988555908	4.86999988555908	5.05999994277954	24000	5.26999998092651	5.00899982452393	5.09999990463257	5.15000009536743	73200	5.17000007629395	4.3600001335144	5.17000007629395	4.42000007629395	44800	4.80499982833862	4.31500005722046	4.46999979019165	4.71999979019165	47400	4.88000011444092	4.6399998664856	4.71000003814697	4.75	29200	5	4.76000022888184	4.90000009536743	4.96999979019165	18700	5.07999992370606	4.92999982833862	4.94000005722046	4.98999977111816																									
2024-06-18	2024-06-14	NRDY	Nerdy Inc.	Cohn Charles K.	CEO, 10%	P - Purchase	1.93	347275	22,752,811	+2%	+$670,241	670240.75	09:28:54	4	3352500	2.03999996185303	1.87000000476837	1.99000000953674	1.87999999523163	2851400	1.98000001907349	1.75	1.97000002861023	1.79999995231628	2035500	1.89999997615814	1.76999998092651	1.80999994277954	1.79999995231628	1595000	1.87999999523163	1.72500002384186	1.86000001430511	1.73000001907349	1494900	1.73000001907349	1.6599999666214	1.72000002861023	1.66999995708466	1103400	1.69000005722046	1.62000000476837	1.66999995708466	1.64999997615814	935500	1.69000005722046	1.61000001430511	1.66999995708466	1.64999997615814	835000	1.6599999666214	1.62000000476837	1.62999999523163	1.62000000476837	731400	1.6599999666214	1.60000002384186	1.62000000476837	1.6599999666214	2002300	1.72000002861023	1.62999999523163	1.6599999666214	1.66999995708466	1233600	1.72000002861023	1.54999995231628	1.66999995708466	1.61000001430511	697400	1.61000001430511	1.54999995231628	1.5900000333786	1.5900000333786	328000	1.63999998569489	1.57000005245209	1.5900000333786	1.62000000476837	541200	1.61000001430511	1.54999995231628	1.5900000333786	1.55999994277954	679700	1.62000000476837	1.55999994277954	1.55999994277954	1.58000004291534	734200	1.58000004291534	1.51999998092651	1.55999994277954	1.52999997138977	646800	1.57000005245209	1.50999999046326	1.55999994277954	1.54999995231628	2044500	1.77999997138977	1.58000004291534	1.5900000333786	1.70000004768372	1084300	1.75499999523163	1.65499997138977	1.70000004768372	1.66999995708466	870200	1.73000001907349	1.67499995231628	1.71000003814697	1.70000004768372	1300100	1.83500003814697	1.69000005722046	1.74000000953674	1.82000005245209	1506400	1.86000001430511	1.76999998092651	1.83000004291534	1.83000004291534	1715700	1.84500002861023	1.6599999666214	1.80999994277954	1.66999995708466	839400	1.72000002861023	1.62999999523163	1.70000004768372	1.6599999666214	672700	1.71000003814697	1.62000000476837	1.66999995708466	1.69000005722046	575100	1.77999997138977	1.6599999666214	1.66999995708466	1.76999998092651	574300	1.75999999046326	1.66999995708466	1.75	1.67999994754791	971300	1.7849999666214	1.63999998569489	1.69000005722046	1.75	1133700	1.82000005245209	1.71000003814697	1.79999995231628	1.82000005245209	519600	1.8400000333786	1.73000001907349	1.82000005245209	1.75	801800	1.8309999704361	1.75499999523163	1.76999998092651	1.78999996185303	843400	1.82000005245209	1.73000001907349	1.78999996185303	1.73000001907349	956400	1.75	1.62000000476837	1.73000001907349	1.66999995708466	1640200	1.67999994754791	1.54999995231628	1.55999994277954	1.6599999666214	610600	1.60000002384186	1.48099994659424	1.52999997138977	1.5900000333786	437400	1.64999997615814	1.5349999666214	1.63999998569489	1.58000004291534	691500	1.625	1.47000002861023	1.61000001430511	1.47000002861023	2026400	1.60000002384186	1.47000002861023	1.49000000953674	1.5900000333786	21429200	1.12999999523163	0.819999992847443	1.12999999523163	0.825999975204468	10628700	0.870000004768372	0.726999998092651	0.860000014305115	0.75	11394200	0.908999979496002	0.735000014305115	0.742999970912933	0.870000004768372	3726900	0.947000026702881	0.824000000953674	0.882000029087067	0.852999985218048	4331900	0.921999990940094	0.8299999833107	0.842000007629395	0.879999995231628	5524000	0.955999970436096	0.824000000953674	0.879999995231628	0.954999983310699																									
2024-06-17	2024-06-13	NRDY	Nerdy Inc.	Cohn Charles K.	CEO, 10%	P - Purchase	1.88	347275	22,405,536	+2%	+$652,877	652877	09:06:56	4	4217900	1.98000001907349	1.83000004291534	1.86000001430511	1.87000000476837	3352500	2.03999996185303	1.87000000476837	1.99000000953674	1.87999999523163	2851400	1.98000001907349	1.75	1.97000002861023	1.79999995231628	2035500	1.89999997615814	1.76999998092651	1.80999994277954	1.79999995231628	1595000	1.87999999523163	1.72500002384186	1.86000001430511	1.73000001907349	1494900	1.73000001907349	1.6599999666214	1.72000002861023	1.66999995708466	1103400	1.69000005722046	1.62000000476837	1.66999995708466	1.64999997615814	935500	1.69000005722046	1.61000001430511	1.66999995708466	1.64999997615814	835000	1.6599999666214	1.62000000476837	1.62999999523163	1.62000000476837	731400	1.6599999666214	1.60000002384186	1.62000000476837	1.6599999666214	2002300	1.72000002861023	1.62999999523163	1.6599999666214	1.66999995708466	1233600	1.72000002861023	1.54999995231628	1.66999995708466	1.61000001430511	697400	1.61000001430511	1.54999995231628	1.5900000333786	1.5900000333786	328000	1.63999998569489	1.57000005245209	1.5900000333786	1.62000000476837	541200	1.61000001430511	1.54999995231628	1.5900000333786	1.55999994277954	679700	1.62000000476837	1.55999994277954	1.55999994277954	1.58000004291534	734200	1.58000004291534	1.51999998092651	1.55999994277954	1.52999997138977	646800	1.57000005245209	1.50999999046326	1.55999994277954	1.54999995231628	2044500	1.77999997138977	1.58000004291534	1.5900000333786	1.70000004768372	1084300	1.75499999523163	1.65499997138977	1.70000004768372	1.66999995708466	870200	1.73000001907349	1.67499995231628	1.71000003814697	1.70000004768372	1300100	1.83500003814697	1.69000005722046	1.74000000953674	1.82000005245209	1506400	1.86000001430511	1.76999998092651	1.83000004291534	1.83000004291534	1715700	1.84500002861023	1.6599999666214	1.80999994277954	1.66999995708466	839400	1.72000002861023	1.62999999523163	1.70000004768372	1.6599999666214	672700	1.71000003814697	1.62000000476837	1.66999995708466	1.69000005722046	575100	1.77999997138977	1.6599999666214	1.66999995708466	1.76999998092651	574300	1.75999999046326	1.66999995708466	1.75	1.67999994754791	971300	1.7849999666214	1.63999998569489	1.69000005722046	1.75	1133700	1.82000005245209	1.71000003814697	1.79999995231628	1.82000005245209	519600	1.8400000333786	1.73000001907349	1.82000005245209	1.75	801800	1.8309999704361	1.75499999523163	1.76999998092651	1.78999996185303	843400	1.82000005245209	1.73000001907349	1.78999996185303	1.73000001907349	956400	1.75	1.62000000476837	1.73000001907349	1.66999995708466	1640200	1.67999994754791	1.54999995231628	1.55999994277954	1.6599999666214	610600	1.60000002384186	1.48099994659424	1.52999997138977	1.5900000333786	437400	1.64999997615814	1.5349999666214	1.63999998569489	1.58000004291534	691500	1.625	1.47000002861023	1.61000001430511	1.47000002861023	2026400	1.60000002384186	1.47000002861023	1.49000000953674	1.5900000333786	21429200	1.12999999523163	0.819999992847443	1.12999999523163	0.825999975204468	10628700	0.870000004768372	0.726999998092651	0.860000014305115	0.75	11394200	0.908999979496002	0.735000014305115	0.742999970912933	0.870000004768372	3726900	0.947000026702881	0.824000000953674	0.882000029087067	0.852999985218048	4331900	0.921999990940094	0.8299999833107	0.842000007629395	0.879999995231628																									
2024-06-17	2024-06-13	GLSI	Greenwich Lifesciences, Inc.	Patel Snehal	CEO, CFO, 10%	P - Purchase	14.3	174825	5,525,602	+3%	+$2,499,998	2499997.5	06:10:09	4	13700	14.8500003814697	14.2580003738403	14.3699998855591	14.8500003814697	17200	15.4700002670288	14.5749998092651	15	14.7600002288818	131600	18	15.2200002670288	15.2200002670288	17.4400005340576	75000	18.75	15.8100004196167	17.1200008392334	15.9700002670288	55100	16.4799995422363	15.1000003814697	15.7700004577637	15.3000001907349	41800	17	14.9899997711182	14.9899997711182	16.2700004577637	37300	16.9899997711182	15.3199996948242	16.6299991607666	15.5	26500	16.5	15.3800001144409	16.2600002288818	15.3800001144409	54100	17.25	15.4499998092651	15.4499998092651	17.1000003814697	69900	17.9599990844727	16.25	17.2800006866455	16.8799991607666	748900	17.5	16.4699993133545	16.8799991607666	17.2600002288818	47000	17.5	16.0300006866455	17.1800003051758	16.7700004577637	63000	18.1499996185303	16.6100006103516	16.6100006103516	17.5799999237061	36700	17.488000869751	16.2709999084473	17.488000869751	16.7000007629395	35500	16.9799995422363	16.0699996948242	16.8199996948242	16.7099990844727	21200	17.1879997253418	16.1450004577637	16.8299999237061	16.3700008392334	40100	16.6040000915527	15.3360004425049	16.2000007629395	15.5200004577637	10800	16	15.3900003433228	15.5900001525879	15.7700004577637	34700	16.5139999389648	15.5	16.0200004577637	15.7799997329712	24700	16.3400001525879	15.4300003051758	16.0599994659424	15.6300001144409	26400	16.2900009155273	15.3999996185303	15.6300001144409	15.6599998474121	38800	16.1399993896484	15.6000003814697	15.9300003051758	15.8100004196167	44500	16.2849998474121	15.3000001907349	15.5100002288818	16.2299995422363	40200	16.8899993896484	15.5010004043579	16.1599998474121	15.5299997329712	60100	15.8800001144409	14.5100002288818	15.6899995803833	14.8299999237061	24500	15.6300001144409	14.75	15.0699996948242	15.5900001525879	29300	16.5	15.625	15.625	16.0400009155273	33700	16.4950008392334	15.5500001907349	16	15.5500001907349	46400	17	15.6599998474121	15.6599998474121	16.6200008392334	34900	16.9249992370605	15.9399995803833	16.7999992370605	16.1700000762939	24700	16.4890003204346	15.3100004196167	16.3199996948242	15.5	21300	16.2119998931885	15.5	15.6999998092651	15.789999961853	36400	16.2999992370605	15.5500001907349	15.9200000762939	16.1200008392334	29400	16.1000003814697	14.9040002822876	16.0100002288818	15.4899997711182	27600	15.2700004577637	14.1800003051758	15	14.3599996566772	69200	13.8999996185303	12.75	13.6000003814697	13.2600002288818	42700	14.210000038147	13.1000003814697	13.3599996566772	14.1800003051758	45700	14.6199998855591	13.5100002288818	14.3999996185303	13.710000038147	21700	14.6499996185303	13.75	14.0600004196167	13.8500003814697	12500	14.1800003051758	13.5	14.0129995346069	13.5200004577637	26000	13.6999998092651	13.1499996185303	13.5	13.3800001144409	11900	13.7270002365112	13.3000001907349	13.3800001144409	13.6700000762939	27300	13.75	12.7700004577637	13.75	12.9899997711182	32300	14.1000003814697	13.3680000305176	13.5	13.5799999237061																									
2024-06-14	2024-06-14	FOUR	Shift4 Payments, Inc.	Isaacman Jared	COB, CEO, 10%	P - Purchase	69.4	14486	666,117	+2%	+$1,005,310	1005328.4	18:15:58	0	1499600	72.4400024414063	68.2900009155274	71.1999969482422	69.7200012207031	1115300	71.9400024414063	69.3899993896484	71.2799987792969	70.879997253418	1286900	70.5670013427734	68.0699996948242	70.120002746582	69.0400009155274	967400	71.5	68.8960037231445	68.9899978637695	70.620002746582	1425800	71.3450012207031	69.0599975585938	70.1699981689453	71.1399993896484	757200	71.7360000610352	70.0400009155274	70.9199981689453	70.7399978637695	728200	71.1900024414063	69.9000015258789	70.6600036621094	70.379997253418	907900	71.8600006103516	69.2900009155274	69.9899978637695	71.75	949300	73.6309967041016	71.0400009155273	71.4899978637695	73.3199996948242	2069700	74.4499969482422	72.6399993896484	73.4599990844727	73.3499984741211	947600	73.8899993896484	72.1999969482422	73.5699996948242	73.8399963378906	762200	74.1999969482422	72.7099990844727	73.4000015258789	73.5500030517578	696500	73.9700012207031	72.2799987792969	73.5999984741211	72.8499984741211	957800	73.3600006103516	71.7829971313477	72.620002746582	73.1800003051758	1099000	75.2799987792969	73.0500030517578	73.4700012207031	73.3600006103516	681700	73.3899993896484	71.7099990844727	73.370002746582	72.129997253418	2064900	72.3300018310547	67.4199981689453	72.0899963378906	67.4300003051758	1135200	70.3600006103516	67.8099975585938	68.2099990844727	69.7699966430664	706400	70.7279968261719	69.6999969482422	70.3000030517578	70.4700012207031	924900	72.0400009155274	69.3499984741211	70.5	71.9899978637695	951400	73.6600036621094	71.1500015258789	72.1399993896484	73.0999984741211	1169900	73.4700012207031	70.620002746582	73.1100006103516	70.7799987792969	1999900	71.4130020141602	66.4199981689453	71	66.7099990844727	2363900	67.120002746582	65.2200012207031	66.6999969482422	66.3300018310547	1265700	69.129997253418	66.129997253418	67.3099975585938	68.879997253418	935400	69.8499984741211	68.1500015258789	68.9000015258789	69.0199966430664	1222600	68.9499969482422	66.2649993896484	68.2300033569336	66.3000030517578	947800	68.9800033569336	65.7200012207031	66.4199981689453	68.4599990844727	733300	70.0699996948242	68.5299987792969	69.4400024414063	69.5299987792969	934100	70.0149993896484	67.9599990844727	70	69.3600006103516	799500	70	67.370002746582	69.3000030517578	68.9199981689453	853100	70.2200012207031	68.5	69.0199966430664	68.7900009155274	1348200	68.7799987792969	64.0500030517578	68	65.0199966430664	1745000	63.0499992370606	61.1800003051758	63	62.7099990844727	1578100	62	57.4500007629395	57.9099998474121	61.2599983215332	1025800	63.2000007629395	61.0900001525879	61.810001373291	62.5099983215332	2451100	65.6399993896484	63.4099998474121	64	63.5299987792969	5625500	72.129997253418	67.0899963378906	67.7699966430664	70.6999969482422	2152400	72.2200012207031	68.9199981689453	71.129997253418	71.379997253418	2169900	73.5	70.7200012207031	71.5199966430664	72.9700012207031																																													
2024-06-14	2024-06-14	FOUR	Shift4 Payments, Inc.	Isaacman Jared	COB, CEO, 10%	P - Purchase	69.4	14486	666,117	+2%	+$1,005,310	1005328.4	16:05:04	0	1499600	72.4400024414063	68.2900009155274	71.1999969482422	69.7200012207031	1115300	71.9400024414063	69.3899993896484	71.2799987792969	70.879997253418	1286900	70.5670013427734	68.0699996948242	70.120002746582	69.0400009155274	967400	71.5	68.8960037231445	68.9899978637695	70.620002746582	1425800	71.3450012207031	69.0599975585938	70.1699981689453	71.1399993896484	757200	71.7360000610352	70.0400009155274	70.9199981689453	70.7399978637695	728200	71.1900024414063	69.9000015258789	70.6600036621094	70.379997253418	907900	71.8600006103516	69.2900009155274	69.9899978637695	71.75	949300	73.6309967041016	71.0400009155273	71.4899978637695	73.3199996948242	2069700	74.4499969482422	72.6399993896484	73.4599990844727	73.3499984741211	947600	73.8899993896484	72.1999969482422	73.5699996948242	73.8399963378906	762200	74.1999969482422	72.7099990844727	73.4000015258789	73.5500030517578	696500	73.9700012207031	72.2799987792969	73.5999984741211	72.8499984741211	957800	73.3600006103516	71.7829971313477	72.620002746582	73.1800003051758	1099000	75.2799987792969	73.0500030517578	73.4700012207031	73.3600006103516	681700	73.3899993896484	71.7099990844727	73.370002746582	72.129997253418	2064900	72.3300018310547	67.4199981689453	72.0899963378906	67.4300003051758	1135200	70.3600006103516	67.8099975585938	68.2099990844727	69.7699966430664	706400	70.7279968261719	69.6999969482422	70.3000030517578	70.4700012207031	924900	72.0400009155274	69.3499984741211	70.5	71.9899978637695	951400	73.6600036621094	71.1500015258789	72.1399993896484	73.0999984741211	1169900	73.4700012207031	70.620002746582	73.1100006103516	70.7799987792969	1999900	71.4130020141602	66.4199981689453	71	66.7099990844727	2363900	67.120002746582	65.2200012207031	66.6999969482422	66.3300018310547	1265700	69.129997253418	66.129997253418	67.3099975585938	68.879997253418	935400	69.8499984741211	68.1500015258789	68.9000015258789	69.0199966430664	1222600	68.9499969482422	66.2649993896484	68.2300033569336	66.3000030517578	947800	68.9800033569336	65.7200012207031	66.4199981689453	68.4599990844727	733300	70.0699996948242	68.5299987792969	69.4400024414063	69.5299987792969	934100	70.0149993896484	67.9599990844727	70	69.3600006103516	799500	70	67.370002746582	69.3000030517578	68.9199981689453	853100	70.2200012207031	68.5	69.0199966430664	68.7900009155274	1348200	68.7799987792969	64.0500030517578	68	65.0199966430664	1745000	63.0499992370606	61.1800003051758	63	62.7099990844727	1578100	62	57.4500007629395	57.9099998474121	61.2599983215332	1025800	63.2000007629395	61.0900001525879	61.810001373291	62.5099983215332	2451100	65.6399993896484	63.4099998474121	64	63.5299987792969	5625500	72.129997253418	67.0899963378906	67.7699966430664	70.6999969482422	2152400	72.2200012207031	68.9199981689453	71.129997253418	71.379997253418	2169900	73.5	70.7200012207031	71.5199966430664	72.9700012207031																																													
2024-06-14	2024-06-12	NRDY	Nerdy Inc.	Cohn Charles K.	CEO, 10%	P - Purchase	1.8	5e+05	22,058,261	+2%	+$900,000	9e+05	08:44:43	2	2251400	1.88999998569489	1.72000002861023	1.8400000333786	1.74000000953674	4217900	1.98000001907349	1.83000004291534	1.86000001430511	1.87000000476837	3352500	2.03999996185303	1.87000000476837	1.99000000953674	1.87999999523163	2851400	1.98000001907349	1.75	1.97000002861023	1.79999995231628	2035500	1.89999997615814	1.76999998092651	1.80999994277954	1.79999995231628	1595000	1.87999999523163	1.72500002384186	1.86000001430511	1.73000001907349	1494900	1.73000001907349	1.6599999666214	1.72000002861023	1.66999995708466	1103400	1.69000005722046	1.62000000476837	1.66999995708466	1.64999997615814	935500	1.69000005722046	1.61000001430511	1.66999995708466	1.64999997615814	835000	1.6599999666214	1.62000000476837	1.62999999523163	1.62000000476837	731400	1.6599999666214	1.60000002384186	1.62000000476837	1.6599999666214	2002300	1.72000002861023	1.62999999523163	1.6599999666214	1.66999995708466	1233600	1.72000002861023	1.54999995231628	1.66999995708466	1.61000001430511	697400	1.61000001430511	1.54999995231628	1.5900000333786	1.5900000333786	328000	1.63999998569489	1.57000005245209	1.5900000333786	1.62000000476837	541200	1.61000001430511	1.54999995231628	1.5900000333786	1.55999994277954	679700	1.62000000476837	1.55999994277954	1.55999994277954	1.58000004291534	734200	1.58000004291534	1.51999998092651	1.55999994277954	1.52999997138977	646800	1.57000005245209	1.50999999046326	1.55999994277954	1.54999995231628	2044500	1.77999997138977	1.58000004291534	1.5900000333786	1.70000004768372	1084300	1.75499999523163	1.65499997138977	1.70000004768372	1.66999995708466	870200	1.73000001907349	1.67499995231628	1.71000003814697	1.70000004768372	1300100	1.83500003814697	1.69000005722046	1.74000000953674	1.82000005245209	1506400	1.86000001430511	1.76999998092651	1.83000004291534	1.83000004291534	1715700	1.84500002861023	1.6599999666214	1.80999994277954	1.66999995708466	839400	1.72000002861023	1.62999999523163	1.70000004768372	1.6599999666214	672700	1.71000003814697	1.62000000476837	1.66999995708466	1.69000005722046	575100	1.77999997138977	1.6599999666214	1.66999995708466	1.76999998092651	574300	1.75999999046326	1.66999995708466	1.75	1.67999994754791	971300	1.7849999666214	1.63999998569489	1.69000005722046	1.75	1133700	1.82000005245209	1.71000003814697	1.79999995231628	1.82000005245209	519600	1.8400000333786	1.73000001907349	1.82000005245209	1.75	801800	1.8309999704361	1.75499999523163	1.76999998092651	1.78999996185303	843400	1.82000005245209	1.73000001907349	1.78999996185303	1.73000001907349	956400	1.75	1.62000000476837	1.73000001907349	1.66999995708466	1640200	1.67999994754791	1.54999995231628	1.55999994277954	1.6599999666214	610600	1.60000002384186	1.48099994659424	1.52999997138977	1.5900000333786	437400	1.64999997615814	1.5349999666214	1.63999998569489	1.58000004291534	691500	1.625	1.47000002861023	1.61000001430511	1.47000002861023	2026400	1.60000002384186	1.47000002861023	1.49000000953674	1.5900000333786	21429200	1.12999999523163	0.819999992847443	1.12999999523163	0.825999975204468	10628700	0.870000004768372	0.726999998092651	0.860000014305115	0.75																																			
2024-06-13	2024-06-11	NRDY	Nerdy Inc.	Cohn Charles K.	CEO, 10%	P - Purchase	1.68	569976	21,558,261	+3%	+$957,560	957559.68	14:23:16	2	2361600	1.75999999046326	1.5900000333786	1.60000002384186	1.75	2251400	1.88999998569489	1.72000002861023	1.8400000333786	1.74000000953674	4217900	1.98000001907349	1.83000004291534	1.86000001430511	1.87000000476837	3352500	2.03999996185303	1.87000000476837	1.99000000953674	1.87999999523163	2851400	1.98000001907349	1.75	1.97000002861023	1.79999995231628	2035500	1.89999997615814	1.76999998092651	1.80999994277954	1.79999995231628	1595000	1.87999999523163	1.72500002384186	1.86000001430511	1.73000001907349	1494900	1.73000001907349	1.6599999666214	1.72000002861023	1.66999995708466	1103400	1.69000005722046	1.62000000476837	1.66999995708466	1.64999997615814	935500	1.69000005722046	1.61000001430511	1.66999995708466	1.64999997615814	835000	1.6599999666214	1.62000000476837	1.62999999523163	1.62000000476837	731400	1.6599999666214	1.60000002384186	1.62000000476837	1.6599999666214	2002300	1.72000002861023	1.62999999523163	1.6599999666214	1.66999995708466	1233600	1.72000002861023	1.54999995231628	1.66999995708466	1.61000001430511	697400	1.61000001430511	1.54999995231628	1.5900000333786	1.5900000333786	328000	1.63999998569489	1.57000005245209	1.5900000333786	1.62000000476837	541200	1.61000001430511	1.54999995231628	1.5900000333786	1.55999994277954	679700	1.62000000476837	1.55999994277954	1.55999994277954	1.58000004291534	734200	1.58000004291534	1.51999998092651	1.55999994277954	1.52999997138977	646800	1.57000005245209	1.50999999046326	1.55999994277954	1.54999995231628	2044500	1.77999997138977	1.58000004291534	1.5900000333786	1.70000004768372	1084300	1.75499999523163	1.65499997138977	1.70000004768372	1.66999995708466	870200	1.73000001907349	1.67499995231628	1.71000003814697	1.70000004768372	1300100	1.83500003814697	1.69000005722046	1.74000000953674	1.82000005245209	1506400	1.86000001430511	1.76999998092651	1.83000004291534	1.83000004291534	1715700	1.84500002861023	1.6599999666214	1.80999994277954	1.66999995708466	839400	1.72000002861023	1.62999999523163	1.70000004768372	1.6599999666214	672700	1.71000003814697	1.62000000476837	1.66999995708466	1.69000005722046	575100	1.77999997138977	1.6599999666214	1.66999995708466	1.76999998092651	574300	1.75999999046326	1.66999995708466	1.75	1.67999994754791	971300	1.7849999666214	1.63999998569489	1.69000005722046	1.75	1133700	1.82000005245209	1.71000003814697	1.79999995231628	1.82000005245209	519600	1.8400000333786	1.73000001907349	1.82000005245209	1.75	801800	1.8309999704361	1.75499999523163	1.76999998092651	1.78999996185303	843400	1.82000005245209	1.73000001907349	1.78999996185303	1.73000001907349	956400	1.75	1.62000000476837	1.73000001907349	1.66999995708466	1640200	1.67999994754791	1.54999995231628	1.55999994277954	1.6599999666214	610600	1.60000002384186	1.48099994659424	1.52999997138977	1.5900000333786	437400	1.64999997615814	1.5349999666214	1.63999998569489	1.58000004291534	691500	1.625	1.47000002861023	1.61000001430511	1.47000002861023	2026400	1.60000002384186	1.47000002861023	1.49000000953674	1.5900000333786	21429200	1.12999999523163	0.819999992847443	1.12999999523163	0.825999975204468																																			
2024-06-12	2024-06-10	NRDY	Nerdy Inc.	Cohn Charles K.	CEO, 10%	P - Purchase	1.59	353000	20,988,285	+2%	+$561,270	561270	19:02:04	2	2005600	1.63999998569489	1.49000000953674	1.53999996185303	1.58000004291534	2361600	1.75999999046326	1.5900000333786	1.60000002384186	1.75	2251400	1.88999998569489	1.72000002861023	1.8400000333786	1.74000000953674	4217900	1.98000001907349	1.83000004291534	1.86000001430511	1.87000000476837	3352500	2.03999996185303	1.87000000476837	1.99000000953674	1.87999999523163	2851400	1.98000001907349	1.75	1.97000002861023	1.79999995231628	2035500	1.89999997615814	1.76999998092651	1.80999994277954	1.79999995231628	1595000	1.87999999523163	1.72500002384186	1.86000001430511	1.73000001907349	1494900	1.73000001907349	1.6599999666214	1.72000002861023	1.66999995708466	1103400	1.69000005722046	1.62000000476837	1.66999995708466	1.64999997615814	935500	1.69000005722046	1.61000001430511	1.66999995708466	1.64999997615814	835000	1.6599999666214	1.62000000476837	1.62999999523163	1.62000000476837	731400	1.6599999666214	1.60000002384186	1.62000000476837	1.6599999666214	2002300	1.72000002861023	1.62999999523163	1.6599999666214	1.66999995708466	1233600	1.72000002861023	1.54999995231628	1.66999995708466	1.61000001430511	697400	1.61000001430511	1.54999995231628	1.5900000333786	1.5900000333786	328000	1.63999998569489	1.57000005245209	1.5900000333786	1.62000000476837	541200	1.61000001430511	1.54999995231628	1.5900000333786	1.55999994277954	679700	1.62000000476837	1.55999994277954	1.55999994277954	1.58000004291534	734200	1.58000004291534	1.51999998092651	1.55999994277954	1.52999997138977	646800	1.57000005245209	1.50999999046326	1.55999994277954	1.54999995231628	2044500	1.77999997138977	1.58000004291534	1.5900000333786	1.70000004768372	1084300	1.75499999523163	1.65499997138977	1.70000004768372	1.66999995708466	870200	1.73000001907349	1.67499995231628	1.71000003814697	1.70000004768372	1300100	1.83500003814697	1.69000005722046	1.74000000953674	1.82000005245209	1506400	1.86000001430511	1.76999998092651	1.83000004291534	1.83000004291534	1715700	1.84500002861023	1.6599999666214	1.80999994277954	1.66999995708466	839400	1.72000002861023	1.62999999523163	1.70000004768372	1.6599999666214	672700	1.71000003814697	1.62000000476837	1.66999995708466	1.69000005722046	575100	1.77999997138977	1.6599999666214	1.66999995708466	1.76999998092651	574300	1.75999999046326	1.66999995708466	1.75	1.67999994754791	971300	1.7849999666214	1.63999998569489	1.69000005722046	1.75	1133700	1.82000005245209	1.71000003814697	1.79999995231628	1.82000005245209	519600	1.8400000333786	1.73000001907349	1.82000005245209	1.75	801800	1.8309999704361	1.75499999523163	1.76999998092651	1.78999996185303	843400	1.82000005245209	1.73000001907349	1.78999996185303	1.73000001907349	956400	1.75	1.62000000476837	1.73000001907349	1.66999995708466	1640200	1.67999994754791	1.54999995231628	1.55999994277954	1.6599999666214	610600	1.60000002384186	1.48099994659424	1.52999997138977	1.5900000333786	437400	1.64999997615814	1.5349999666214	1.63999998569489	1.58000004291534	691500	1.625	1.47000002861023	1.61000001430511	1.47000002861023	2026400	1.60000002384186	1.47000002861023	1.49000000953674	1.5900000333786	21429200	1.12999999523163	0.819999992847443	1.12999999523163	0.825999975204468																														
2024-06-12	2024-06-10	PEB	Pebblebrook Hotel Trust	Bortz Jon E	COB, CEO	P - Purchase	13.59	45000	1,453,284	+3%	+$611,420	611550	16:34:42	2	1701500	13.7299995422363	13.3999996185303	13.6599998474121	13.6700000762939	983600	13.710000038147	13.5200004577637	13.5799999237061	13.5799999237061	1534300	14.3500003814697	13.8299999237061	14.0200004577637	13.9799995422363	1200900	14.25	13.9300003051758	14.25	14.1300001144409	963700	14.0799999237061	13.7600002288818	13.9499998092651	13.8900003433228	829400	14.039999961853	13.6300001144409	13.75	14.0299997329712	1001400	14.1300001144409	13.8500003814697	14.039999961853	13.9200000762939	635100	14.0200004577637	13.7299995422363	13.8100004196167	13.8999996185303	2221500	14.1099996566772	13.6400003433228	13.9300003051758	13.8699998855591	1480500	14.210000038147	13.8100004196167	13.9399995803833	13.8299999237061	1186300	13.8500003814697	13.460000038147	13.789999961853	13.5600004196167	1050900	13.5100002288818	13.2799997329712	13.4399995803833	13.3400001525879	890400	13.5100002288818	13.25	13.3599996566772	13.5100002288818	2573200	13.7799997329712	13.4300003051758	13.6400003433228	13.75	1157300	13.8800001144409	13.1700000762939	13.6999998092651	13.1800003051758	899500	13.289999961853	13.1199998855591	13.2299995422363	13.1499996185303	845200	13.3599996566772	13.0500001907349	13.2299995422363	13.0600004196167	983300	13.1300001144409	12.9200000762939	13.0500001907349	13.1199998855591	1145300	13.3000001907349	13	13.1899995803833	13.1199998855591	1474100	13.1700000762939	12.8199996948242	13.0699996948242	12.8500003814697	2049700	13.1599998474121	12.8699998855591	12.960000038147	13.0699996948242	1577300	13.6099996566772	13.2200002670288	13.4200000762939	13.3699998855591	1546300	13.6400003433228	13.289999961853	13.539999961853	13.3199996948242	1251600	13.6099996566772	13.3299999237061	13.4499998092651	13.4700002670288	3249200	14.0699996948242	13.4200000762939	13.5299997329712	14.0500001907349	1703300	14.3400001525879	13.8800001144409	13.8800001144409	14.1499996185303	3211500	14.2299995422363	13.6599998474121	14.0100002288818	13.6899995803833	1365700	13.8199996948242	13.5	13.6400003433228	13.7799997329712	2084700	14.0500001907349	13.6099996566772	13.8800001144409	13.8699998855591	1972100	14.25	13.8199996948242	13.8299999237061	14.1000003814697	2485200	14.1300001144409	13.4399995803833	14.0500001907349	13.5	3472400	13.75	13.039999961853	13.6400003433228	13.6199998855591	1270500	13.8699998855591	13.3699998855591	13.8400001525879	13.7299995422363	1284100	13.8100004196167	13.5699996948242	13.7200002670288	13.7600002288818	1996500	14.1199998855591	13.6999998092651	13.7799997329712	13.9799995422363	2437700	14.0900001525879	13.6499996185303	14.0200004577637	13.6899995803833	1398000	13.7399997711182	13.1800003051758	13.6099996566772	13.2700004577637	2860700	13.2299995422363	12.5799999237061	12.9700002670288	12.6599998474121	4050600	12.2799997329712	11.710000038147	12	11.8199996948242	2282500	12.4799995422363	11.6499996185303	11.8100004196167	12.2700004577637	2527600	12.6499996185303	12.1800003051758	12.6199998855591	12.2700004577637	1829800	12.7299995422363	12.3699998855591	12.3699998855591	12.4499998092651	1830300	12.539999961853	12.289999961853	12.460000038147	12.460000038147																														
2024-06-11	2024-06-10	UHG	United Homes Group, Inc.	Nieri Michael P.	COB, CEO, 10%	P - Purchase	5	621328	621,328	New	+$3,106,640	3106640	20:20:51	1	8200	6	5.78000020980835	5.8899998664856	5.82999992370606	20900	5.90999984741211	5.44999980926514	5.82999992370606	5.73000001907349	50700	6.94000005722046	6.01000022888184	6.23000001907349	6.53999996185303	70700	7.80000019073486	6.6100001335144	6.78000020980835	7.21000003814697	16100	7.44999980926514	7	7.05000019073486	7.05999994277954	26200	7.73999977111816	6.09999990463257	7.13000011444092	6.84000015258789	24100	7.42399978637695	5.90999984741211	7.15000009536743	5.96000003814697	22700	6.78000020980835	5.93499994277954	5.94000005722046	6.11999988555908	24200	6.31599998474121	5.78000020980835	5.94000005722046	5.78000020980835	47700	6.09000015258789	5.09000015258789	5.90999984741211	5.44999980926514	17400	5.92999982833862	5.44999980926514	5.44999980926514	5.71999979019165	9700	6.3899998664856	5.75	5.75	6.28000020980835	11900	6.59999990463257	6	6.25	6.30000019073486	143100	6.51000022888184	5.69000005722046	6.5	5.69000005722046	19700	6.30999994277954	5.51000022888184	5.67000007629395	5.71000003814697	15200	6.15000009536743	5.55000019073486	5.55000019073486	5.86999988555908	18700	6.15000009536743	5.55999994277954	5.81199979782105	5.80000019073486	29300	6.03000020980835	5.57999992370606	5.59999990463257	5.63000011444092	25100	6.15000009536743	5.5	5.73000001907349	6.1399998664856	7800	6.13899993896484	5.82000017166138	5.82000017166138	5.92000007629395	35200	6.15000009536743	6.01000022888184	6.09999990463257	6.13000011444092	56300	6.34999990463257	6.11999988555908	6.11999988555908	6.32999992370606	35900	6.34999990463257	6.19999980926514	6.34999990463257	6.34999990463257	21400	6.40000009536743	6.16699981689453	6.34999990463257	6.40000009536743	64300	6.41499996185303	6.19000005722046	6.40000009536743	6.3899998664856	31900	6.5	6.19000005722046	6.23999977111816	6.34000015258789	17200	6.46600008010864	6.19999980926514	6.46600008010864	6.19999980926514	29900	6.44600009918213	6.28999996185303	6.32000017166138	6.42000007629395	7500	6.5	6.17399978637695	6.5	6.26000022888184	38200	6.48999977111816	6.29899978637695	6.48999977111816	6.3899998664856	15300	6.40000009536743	6.07999992370606	6.36999988555908	6.07999992370606	11500	6.1399998664856	5.90000009536743	6	6.1399998664856	31800	6.29500007629395	5.76999998092651	6.26999998092651	5.76999998092651	22200	5.92000007629395	5.67999982833862	5.76000022888184	5.84999990463257	8300	6.08900022506714	5.76000022888184	5.86999988555908	5.98999977111816	26000	6.3899998664856	5.65000009536743	5.8600001335144	6.21000003814697	10700	6.34999990463257	6.03999996185303	6.34999990463257	6.1100001335144	11400	6.19000005722046	5.67000007629395	6.19000005722046	5.67999982833862	26500	6.3600001335144	5.5	5.55999994277954	5.59999990463257	11100	5.80000019073486	5.59999990463257	5.59999990463257	5.75	19600	6.03000020980835	5.63100004196167	5.65000009536743	5.75	6100	6.19999980926514	5.69999980926514	6.19999980926514	5.96000003814697	7200	6.03499984741211	5.71000003814697	6.03499984741211	5.71000003814697																														
2024-06-11	2024-06-07	GBDC	Golub Capital Bdc, Inc.	Golub David	CEO	P - Purchase	16.03	512267	7,368,213	+7%	+$8,213,508	8211640.01	16:52:08	4	942700	16.1800003051758	16.0200004577637	16.0300006866455	16.0499992370605	1402400	16.2399997711182	16.0100002288818	16.1000003814697	16.0300006866455	3173800	16.1499996185303	15.7200002670288	16.0699996948242	15.75	1714900	16.0100002288818	15.8500003814697	15.8500003814697	15.8999996185303	1150100	15.9300003051758	15.7700004577637	15.8599996566772	15.8199996948242	1368500	15.8299999237061	15.5900001525879	15.8000001907349	15.6700000762939	2515400	15.8900003433228	15.6700000762939	15.7399997711182	15.7399997711182	1395300	15.7600002288818	15.5600004196167	15.710000038147	15.6099996566772	3168400	15.8500003814697	15.539999961853	15.6999998092651	15.5799999237061	2686300	15.7200002670288	15.4899997711182	15.6700000762939	15.5200004577637	3268100	15.75	15.5799999237061	15.5799999237061	15.7399997711182	1320000	15.8100004196167	15.5799999237061	15.75	15.6099996566772	1321000	15.6400003433228	15.4300003051758	15.6000003814697	15.5	2015700	15.8100004196167	15.5	15.5299997329712	15.7799997329712	868800	15.8999996185303	15.710000038147	15.8500003814697	15.710000038147	1032400	15.8199996948242	15.6000003814697	15.7399997711182	15.6199998855591	815400	15.7600002288818	15.6000003814697	15.6300001144409	15.7200002670288	683600	15.9899997711182	15.75	15.7799997329712	15.8699998855591	1038400	15.8699998855591	15.7600002288818	15.8500003814697	15.7700004577637	1313800	15.9499998092651	15.7700004577637	15.8199996948242	15.9300003051758	2286000	15.9499998092651	15.6499996185303	15.9499998092651	15.6800003051758	968000	15.8800001144409	15.6999998092651	15.6999998092651	15.8800001144409	1523300	16	15.8999996185303	15.9399995803833	16	1647600	16.0799999237061	15.8199996948242	16	15.8400001525879	954700	15.8500003814697	15.6899995803833	15.8500003814697	15.7399997711182	1206300	15.8900003433228	15.6800003051758	15.8199996948242	15.7399997711182	929600	15.8000001907349	15.5900001525879	15.75	15.5900001525879	1229200	15.6700000762939	15.4099998474121	15.6300001144409	15.5200004577637	708600	15.539999961853	15.4300003051758	15.5	15.4700002670288	858500	15.710000038147	15.5	15.5	15.6000003814697	722900	15.6099996566772	15.5200004577637	15.5500001907349	15.539999961853	1089300	15.6000003814697	15.4099998474121	15.5799999237061	15.4499998092651	954900	15.5799999237061	15.3900003433228	15.4799995422363	15.3999996185303	1512000	15.4799995422363	15.3699998855591	15.4200000762939	15.4499998092651	955800	15.4799995422363	15.3599996566772	15.4499998092651	15.4399995803833	830300	15.5100002288818	15.3999996185303	15.5100002288818	15.4499998092651	1065500	15.5	15.25	15.4799995422363	15.2799997329712	1782100	15.3000001907349	15.0900001525879	15.25	15.1400003433228	2522600	15.0600004196167	14.710000038147	15.0500001907349	14.7299995422363	2577600	14.6899995803833	14.2700004577637	14.3999996185303	14.5100002288818	2827800	14.7700004577637	14.0500001907349	14.5500001907349	14.6099996566772	1817800	14.7399997711182	14.3800001144409	14.6599998474121	14.4099998474121	3034400	14.460000038147	14.25	14.4399995803833	14.3900003433228	1412600	14.4499998092651	14.3199996948242	14.3900003433228	14.3999996185303																									
2024-06-10	2024-06-10	VFC	V F Corp	Darrell Bracken	Pres, Chief Exec Officer	P - Purchase	13.26	75200	219,972	+52%	+$997,408	997152	18:24:01	0	7642800	13.3699998855591	13.1400003433228	13.3699998855591	13.1599998474121	8188100	13.8800001144409	13.5	13.6199998855591	13.539999961853	6365400	14.1499996185303	13.6800003051758	13.8599996566772	13.8000001907349	4437100	13.8900003433228	13.5699996948242	13.7299995422363	13.7200002670288	6944400	13.8299999237061	13.5200004577637	13.6099996566772	13.6400003433228	6826900	13.8800001144409	13.1099996566772	13.5500001907349	13.8100004196167	7916700	13.9799995422363	13.460000038147	13.7700004577637	13.6700000762939	5881200	13.9700002670288	13.6400003433228	13.6400003433228	13.9099998474121	11643700	14.4300003051758	13.8999996185303	13.9200000762939	14.3100004196167	8839300	14.9899997711182	14.1499996185303	14.2700004577637	14.710000038147	7755400	14.7600002288818	14.0600004196167	14.6099996566772	14.1300001144409	4773100	14.1400003433228	13.9300003051758	14.039999961853	14.0699996948242	4874500	13.9499998092651	13.6099996566772	13.75	13.8000001907349	8068500	13.8599996566772	13.3299999237061	13.5	13.5	8256700	13.8900003433228	12.7799997329712	13.6499996185303	12.8400001525879	7035800	13	12.7399997711182	12.8400001525879	12.8299999237061	3004000	13.2399997711182	12.8400001525879	12.8800001144409	13	5758100	13.2299995422363	12.8100004196167	12.9799995422363	12.9499998092651	5552200	13.4899997711182	13.0699996948242	13.1300001144409	13.4499998092651	4818600	13.4200000762939	12.7700004577637	13.3800001144409	12.9799995422363	5745500	13.1099996566772	12.6800003051758	13.0799999237061	12.7399997711182	7026000	13.4499998092651	13.0100002288818	13.0799999237061	13.4200000762939	6286900	13.8500003814697	13.4899997711182	13.6700000762939	13.75	5853800	13.6499996185303	13.3299999237061	13.5100002288818	13.3299999237061	7351400	14.2600002288818	13.2700004577637	13.3999996185303	14.2200002670288	32408400	16.4099998474121	14.7700004577637	15.1300001144409	16.1499996185303	10838700	16.8899993896484	15.8999996185303	16.5200004577637	16.0300006866455	7727500	16.4899997711182	15.7299995422363	16.1200008392334	16.3799991607666	5155700	16.4400005340576	15.789999961853	16.3400001525879	16.2800006866455	5137400	16.3600006103516	15.9799995422363	16.1399993896484	16.2700004577637	6323500	16.5599994659424	15.7799997329712	16.2199993133545	15.9700002670288	4015200	16.4200000762939	15.9399995803833	16	16.0699996948242	4213300	16.4099998474121	16.0100002288818	16.2099990844727	16.3899993896484	4906900	16.5	16.0400009155273	16.3899993896484	16.3400001525879	3970400	16.7199993133545	16.2900009155273	16.2900009155273	16.5799999237061	5619400	17.3199996948242	16.4099998474121	16.5400009155273	16.9599990844727	7141300	17.0799999237061	16.2399997711182	17.0799999237061	16.5400009155273	11212400	16.1100006103516	15.0900001525879	16.0699996948242	16.0599994659424	14405900	16.1100006103516	14.6999998092651	14.8699998855591	16.0699996948242	12549400	17.0300006866455	15.7799997329712	15.9099998474121	16.4400005340576	17423900	18.8600006103516	17.4400005340576	18	17.6000003814697	8760700	17.9599990844727	17.25	17.6000003814697	17.7900009155273																																			
2024-06-07	2024-06-05	BOC	Boston Omaha Corp	Peterson Adam K	CEO, 10%	P - Purchase	14.17	42900	6,735,818	+1%	+$607,849	607893	18:15:54	2	151900	14.4399995803833	14.1199998855591	14.2600002288818	14.4099998474121	526700	14.0600004196167	13.4499998092651	14.0500001907349	13.8999996185303	261800	14.210000038147	13.8199996948242	13.9799995422363	13.8699998855591	248000	14.2399997711182	13.8400001525879	14.1700000762939	14.1199998855591	248100	14.1660003662109	13.8900003433228	13.9700002670288	13.9899997711182	219900	14.2370004653931	13.789999961853	14.1300001144409	13.8699998855591	174100	14.0500001907349	13.8699998855591	13.9099998474121	13.8999996185303	222700	13.9200000762939	13.6800003051758	13.8000001907349	13.7299995422363	167900	13.9700002670288	13.6899995803833	13.6999998092651	13.8999996185303	292100	14.1000003814697	13.8369998931885	14	14.0699996948242	263900	14.0200004577637	13.7200002670288	13.8599996566772	13.9099998474121	297300	14	13.789999961853	14	13.8999996185303	270300	14.039999961853	13.710000038147	13.8400001525879	13.9899997711182	275600	13.9700002670288	13.6800003051758	13.960000038147	13.7399997711182	285000	13.6400003433228	13.3000001907349	13.5600004196167	13.3999996185303	284200	13.5600004196167	13.2600002288818	13.3800001144409	13.460000038147	563900	13.5500001907349	13.3000001907349	13.4200000762939	13.460000038147	303800	13.3900003433228	12.9499998092651	13.2600002288818	12.9700002670288	209700	13.0900001525879	12.8699998855591	12.9499998092651	12.9200000762939	130900	13.039999961853	12.8599996566772	12.8800001144409	12.9899997711182	350400	13.039999961853	12.6000003814697	12.9399995803833	12.6000003814697	477400	12.8850002288818	12.4099998474121	12.5100002288818	12.8100004196167	207100	12.8800001144409	12.6499996185303	12.7600002288818	12.7600002288818	218300	12.7799997329712	12.5500001907349	12.75	12.7799997329712	202600	13.3000001907349	12.8299999237061	12.8299999237061	13.2600002288818	126400	13.460000038147	13.289999961853	13.3900003433228	13.3900003433228	169300	13.8000001907349	13.3500003814697	13.3999996185303	13.7200002670288	219100	14.1400003433228	13.7399997711182	13.7600002288818	14.1199998855591	165200	14.1800003051758	13.9099998474121	14	14.1300001144409	116600	14.3000001907349	13.7399997711182	14.0200004577637	13.75	89200	13.8400001525879	13.6000003814697	13.789999961853	13.6099996566772	152200	13.6999998092651	13.3950004577637	13.5699996948242	13.6199998855591	174600	13.8999996185303	13.4099998474121	13.5600004196167	13.8299999237061	104100	13.9300003051758	13.5	13.7200002670288	13.5100002288818	113200	13.9399995803833	13.5699996948242	13.5699996948242	13.7700004577637	197100	14.9250001907349	14.289999961853	14.3000001907349	14.7399997711182	121700	14.8000001907349	14.3199996948242	14.7299995422363	14.4399995803833	103700	14.7700004577637	14.4399995803833	14.460000038147	14.6199998855591	170000	15.1199998855591	14.4700002670288	14.6700000762939	14.6999998092651	145400	14.8050003051758	14.1400003433228	14.7200002670288	14.2700004577637	138300	14	13.789999961853	13.8000001907349	13.8900003433228	184500	13.4099998474121	13.0010004043579	13.2600002288818	13.3800001144409																																			
2024-06-06	2024-06-06	FOUR	Shift4 Payments, Inc.	Isaacman Jared	COB, CEO, 10%	P - Purchase	69.23	29669	651,631	+5%	+$2,053,931	2053984.87	16:15:03	0	1149600	70.3209991455078	68.3300018310547	70.0100021362305	69.7200012207031	2260400	73.9400024414063	71.0500030517578	72	72.5299987792969	1138000	73.5199966430664	71.1699981689453	71.2600021362305	73.2399978637695	1150200	73.9800033569336	71.9700012207031	73.0299987792969	73.3499984741211	858400	74.9400024414063	72.4599990844727	74.870002746582	72.7699966430664	1392700	74.0899963378906	71.5100021362305	72.9499969482422	71.6399993896484	1499600	72.4400024414063	68.2900009155274	71.1999969482422	69.7200012207031	1115300	71.9400024414063	69.3899993896484	71.2799987792969	70.879997253418	1286900	70.5670013427734	68.0699996948242	70.120002746582	69.0400009155274	967400	71.5	68.8960037231445	68.9899978637695	70.620002746582	1425800	71.3450012207031	69.0599975585938	70.1699981689453	71.1399993896484	757200	71.7360000610352	70.0400009155274	70.9199981689453	70.7399978637695	728200	71.1900024414063	69.9000015258789	70.6600036621094	70.379997253418	907900	71.8600006103516	69.2900009155274	69.9899978637695	71.75	949300	73.6309967041016	71.0400009155273	71.4899978637695	73.3199996948242	2069700	74.4499969482422	72.6399993896484	73.4599990844727	73.3499984741211	947600	73.8899993896484	72.1999969482422	73.5699996948242	73.8399963378906	762200	74.1999969482422	72.7099990844727	73.4000015258789	73.5500030517578	696500	73.9700012207031	72.2799987792969	73.5999984741211	72.8499984741211	957800	73.3600006103516	71.7829971313477	72.620002746582	73.1800003051758	1099000	75.2799987792969	73.0500030517578	73.4700012207031	73.3600006103516	681700	73.3899993896484	71.7099990844727	73.370002746582	72.129997253418	2064900	72.3300018310547	67.4199981689453	72.0899963378906	67.4300003051758	1135200	70.3600006103516	67.8099975585938	68.2099990844727	69.7699966430664	706400	70.7279968261719	69.6999969482422	70.3000030517578	70.4700012207031	924900	72.0400009155274	69.3499984741211	70.5	71.9899978637695	951400	73.6600036621094	71.1500015258789	72.1399993896484	73.0999984741211	1169900	73.4700012207031	70.620002746582	73.1100006103516	70.7799987792969	1999900	71.4130020141602	66.4199981689453	71	66.7099990844727	2363900	67.120002746582	65.2200012207031	66.6999969482422	66.3300018310547	1265700	69.129997253418	66.129997253418	67.3099975585938	68.879997253418	935400	69.8499984741211	68.1500015258789	68.9000015258789	69.0199966430664	1222600	68.9499969482422	66.2649993896484	68.2300033569336	66.3000030517578	947800	68.9800033569336	65.7200012207031	66.4199981689453	68.4599990844727	733300	70.0699996948242	68.5299987792969	69.4400024414063	69.5299987792969	934100	70.0149993896484	67.9599990844727	70	69.3600006103516	799500	70	67.370002746582	69.3000030517578	68.9199981689453	853100	70.2200012207031	68.5	69.0199966430664	68.7900009155274	1348200	68.7799987792969	64.0500030517578	68	65.0199966430664	1745000	63.0499992370606	61.1800003051758	63	62.7099990844727																																													
2024-06-03	2024-05-31	LTH	Life Time Group Holdings, Inc.	Akradi Bahram	Founder, CEO, 10%	P - Purchase	16.76	39000	13,819,073	0%	+$653,507	653640	13:42:57	3	1099300	17.1889991760254	16.6000003814697	16.6800003051758	16.7800006866455	1451300	17.3780002593994	16.5499992370605	17.1200008392334	17.2700004577637	731400	17.3299999237061	16.8099994659424	17.1100006103516	17.2600002288818	726600	17.5799999237061	17.2450008392334	17.2999992370605	17.4099998474121	566600	17.6000003814697	17.1700000762939	17.2399997711182	17.5799999237061	622600	17.5100002288818	17.1800003051758	17.2399997711182	17.5	747900	18.0699996948242	17.2709999084473	17.4599990844727	17.6399993896484	702600	17.6900005340576	17.3099994659424	17.5	17.5200004577637	838800	18.5	17.8899993896484	18.0200004577637	18	862400	18.2530002593994	17.7800006866455	17.9099998474121	18.0799999237061	606500	18.1000003814697	17.75	17.8600006103516	17.9200000762939	703600	18.6200008392334	17.8050003051758	17.8500003814697	18.4500007629395	1173000	18.5799999237061	17.9400005340576	18.4200000762939	18.3799991607666	731500	18.4400005340576	18.0699996948242	18.3099994659424	18.3700008392334	899700	18.4500007629395	18.0100002288818	18.3500003814697	18.3999996185303	764100	18.5	18.0300006866455	18.3999996185303	18.2199993133545	445000	18.5	18.0100002288818	18.2099990844727	18.5	833100	18.8799991607666	18.242000579834	18.3799991607666	18.8299999237061	713900	19.1200008392334	18.6200008392334	18.8400001525879	18.9699993133545	3137600	19.1149997711182	18.7299995422363	19.0799999237061	18.8299999237061	877800	19.1700000762939	18.3449993133545	18.9200000762939	18.4599990844727	676300	18.9559993743897	18.6100006103516	18.6700000762939	18.8400001525879	230700	19.0100002288818	18.5799999237061	18.9899997711182	18.6700000762939	398300	18.7999992370605	18.5300006866455	18.6499996185303	18.7900009155273	812400	19.1299991607666	18.8799991607666	18.9099998474121	18.9799995422363	593200	19.2299995422363	18.6399993896484	18.9599990844727	18.7199993133545	427000	18.9400005340576	18.5949993133545	18.7900009155273	18.6900005340576	460300	19.1499996185303	18.7600002288818	19.0799999237061	19.0300006866455	856800	19.4400005340576	19.1399993896484	19.25	19.4200000762939	939600	20.2199993133545	19.3700008392334	19.4899997711182	19.7600002288818	937100	20.6000003814697	19.8600006103516	19.9599990844727	20.5499992370605	670700	20.9699993133545	20.3600006103516	20.3600006103516	20.7700004577637	650500	21.0699996948242	20.4699993133545	20.6900005340576	20.6700000762939	998600	21.4300003051758	20.7000007629395	21.1000003814697	20.8500003814697	1137200	21.1800003051758	20.6599998474121	20.8400001525879	21	862600	21.5599994659424	20.8999996185303	20.9200000762939	21.0799999237061	1021700	21.2199993133545	20.6800003051758	20.9699993133545	20.6800003051758	624800	21.1299991607666	20.5200004577637	20.75	20.6200008392334	705900	21.1000003814697	20.5	21.0100002288818	20.6399993896484	1255500	21.0400009155273	20.2600002288818	20.8199996948242	20.5	795000	20.7399997711182	20.2199993133545	20.6100006103516	20.6100006103516	1312400	21.2199993133545	20.5699996948242	20.6700000762939	20.7700004577637	6152700	23.8899993896484	20.8700008392334	23.1000003814697	22.0200004577637																														
2024-05-30	2024-05-30	FTAI	Ftai Aviation Ltd.	Adams Joseph P. Jr.	CEO, COB	P - Purchase	82	59000	384,998	+18%	+$4,838,000	4838000	16:30:59	0	1652400	81.5299987792969	79.6600036621094	79.879997253418	81.2799987792969	1556500	84.7300033569336	82	83.870002746582	84.3199996948242	1100800	84.6839981079102	80.75	84.5299987792969	82.9199981689453	1276500	83.0699996948242	77.2399978637695	82.9199981689453	78.2099990844727	854600	81.8850021362305	78.5500030517578	79.1800003051758	81.2900009155274	1153100	85	81.5100021362305	81.5100021362305	82.6699981689453	855300	84.5899963378906	81.3000030517578	83.0400009155274	81.9499969482422	1225900	85.75	81.5199966430664	81.870002746582	84.9400024414063	628200	84.9300003051758	82.2399978637695	84.7699966430664	83.9000015258789	991600	88.0299987792969	84.6500015258789	86.4000015258789	87.3300018310547	707700	88.6399993896484	84.7300033569336	87.7900009155274	86.120002746582	820500	84.9400024414063	81.8199996948242	84.1500015258789	84.5599975585938	974700	89.879997253418	85.3600006103516	85.3600006103516	89.4000015258789	1408600	93.9199981689453	89.0500030517578	89.0500030517578	93.6800003051758	1898700	94.4300003051758	91	93.5199966430664	92.5999984741211	1281100	93.5	89.8300018310547	92.870002746582	92.7300033569336	1016200	93.0800018310547	89.7399978637695	92.9199981689453	91.4800033569336	2210300	101.089996337891	92.1600036621094	92.4700012207031	99.6699981689453	1347400	101.525001525879	97.5	99.3000030517578	100.709999084473	964400	101.98999786377	95.4899978637695	100	101.809997558594	2387200	106.099998474121	101.290000915527	102.63500213623	103.230003356934	961100	105.029998779297	101.419998168945	103.970001220703	105	857200	108.01000213623	103.680000305176	104.190002441406	107.959999084473	705600	111.019996643066	105.067001342773	108.910003662109	106.790000915527	1025900	108.699996948242	103.540000915527	106.870002746582	105.709999084473	659500	107.769996643066	105.394996643066	106.069999694824	106.470001220703	1048700	106.709999084473	103.669998168945	106.26000213623	104.25	2618900	102.690002441406	95.3099975585937	102.690002441406	95.6699981689453	2140200	97.1999969482422	93.129997253418	96	96.4499969482422	869000	99.8300018310547	96.9000015258789	96.9499969482422	97.7200012207031	1530000	102.629997253418	98.5	99.5400009155274	101.690002441406	1270400	107.900001525879	102.5	102.5	107.419998168945	1304500	106.949996948242	102.180000305176	105.26000213623	102.790000915527	1143600	105.730003356934	101.129997253418	104.330001831055	102.98999786377	1014500	105.400001525879	101.860000610352	103.610000610352	102.059997558594	1563200	105.730003356934	100.599998474121	102.930000305176	105.230003356934	1540900	108.160003662109	105.599998474121	105.76000213623	107.839996337891	2757800	113.980003356934	105.379997253418	112	109.25	1783400	110.48999786377	103	109.110000610352	105.330001831055	2386300	115	108.199996948242	110	112.629997253418																																													
2024-05-30	2024-05-29	VCRDX	Versus Capital Infrastructure Income Fund	Quam Mark Donovan	CEO	P - Purchase	10.18	73672	73,672	New	+$749,985	749980.96	12:51:43	1	0	10.1800003051758	10.1800003051758	10.1800003051758	10.1800003051758	0	10.1899995803833	10.1899995803833	10.1899995803833	10.1899995803833	0	10.1899995803833	10.1899995803833	10.1899995803833	10.1899995803833	0	10.1999998092651	10.1999998092651	10.1999998092651	10.1999998092651	0	10.210000038147	10.210000038147	10.210000038147	10.210000038147	0	10.210000038147	10.210000038147	10.210000038147	10.210000038147	0	10.210000038147	10.210000038147	10.210000038147	10.210000038147	0	10.210000038147	10.210000038147	10.210000038147	10.210000038147	0	10.210000038147	10.210000038147	10.210000038147	10.210000038147	0	10.210000038147	10.210000038147	10.210000038147	10.210000038147	0	10.2200002670288	10.2200002670288	10.2200002670288	10.2200002670288	0	10.210000038147	10.210000038147	10.210000038147	10.210000038147	0	10.210000038147	10.210000038147	10.210000038147	10.210000038147	0	10.2200002670288	10.2200002670288	10.2200002670288	10.2200002670288	0	10.2200002670288	10.2200002670288	10.2200002670288	10.2200002670288	0	10.2299995422363	10.2299995422363	10.2299995422363	10.2299995422363	0	10.2299995422363	10.2299995422363	10.2299995422363	10.2299995422363	0	10.2399997711182	10.2399997711182	10.2399997711182	10.2399997711182	0	10.2399997711182	10.2399997711182	10.2399997711182	10.2399997711182	0	10.2399997711182	10.2399997711182	10.2399997711182	10.2399997711182	0	10.25	10.25	10.25	10.25	0	10.2600002288818	10.2600002288818	10.2600002288818	10.2600002288818	0	10.2600002288818	10.2600002288818	10.2600002288818	10.2600002288818	0	10.2700004577637	10.2700004577637	10.2700004577637	10.2700004577637	0	10.2799997329712	10.2799997329712	10.2799997329712	10.2799997329712	0	10.2799997329712	10.2799997329712	10.2799997329712	10.2799997329712	0	10.289999961853	10.289999961853	10.289999961853	10.289999961853	0	10.289999961853	10.289999961853	10.289999961853	10.289999961853	0	10.289999961853	10.289999961853	10.289999961853	10.289999961853	0	10.289999961853	10.289999961853	10.289999961853	10.289999961853	0	10.3000001907349	10.3000001907349	10.3000001907349	10.3000001907349	0	10.3000001907349	10.3000001907349	10.3000001907349	10.3000001907349	0	10.3000001907349	10.3000001907349	10.3000001907349	10.3000001907349	0	10.3100004196167	10.3100004196167	10.3100004196167	10.3100004196167	0	10.3100004196167	10.3100004196167	10.3100004196167	10.3100004196167	0	10.3199996948242	10.3199996948242	10.3199996948242	10.3199996948242	0	10.3199996948242	10.3199996948242	10.3199996948242	10.3199996948242	0	10.3199996948242	10.3199996948242	10.3199996948242	10.3199996948242	0	10.3199996948242	10.3199996948242	10.3199996948242	10.3199996948242	0	10.3199996948242	10.3199996948242	10.3199996948242	10.3199996948242	0	10.3299999237061	10.3299999237061	10.3299999237061	10.3299999237061																																								
2024-05-29	2024-05-24	CMTG	Claros Mortgage Trust, Inc.	Mack Richard	CEO, COB	P - Purchase	7.2	160000	2,551,853	+7%	+$1,151,880	1152000	20:49:16	5	509800	7.40999984741211	7.21500015258789	7.3899998664856	7.26999998092651	588700	7.38000011444092	6.96000003814697	7.38000011444092	7.01999998092651	565700	7.13000011444092	6.80000019073486	6.88000011444092	6.98999977111816	899000	8.17000007629395	7.4850001335144	7.51000022888184	7.84000015258789	712000	8	7.79500007629395	7.92000007629395	7.8899998664856	410400	8.28999996185303	7.96199989318848	8.15999984741211	8.27999973297119	344100	8.31999969482422	8.03999996185303	8.22000026702881	8.06999969482422	310200	8.42000007629395	8.05000019073486	8.11999988555908	8.40999984741211	242400	8.43000030517578	8.13000011444092	8.38000011444092	8.21000003814697	222500	8.22999954223633	8.03999996185303	8.0600004196167	8.19999980926514	151900	8.23999977111816	8.07999992370606	8.07999992370606	8.22999954223633	211200	8.22000026702881	8.0600004196167	8.14999961853027	8.10999965667725	230800	8.43000030517578	8.15999984741211	8.43000030517578	8.15999984741211	214900	8.20499992370606	7.98000001907349	8.14000034332275	8.1899995803833	213600	8.22000026702881	7.98000001907349	8.03999996185303	8.09000015258789	355300	8.1899995803833	7.92000007629395	7.94999980926514	8.15999984741211	237400	8.23999977111816	8.0600004196167	8.15999984741211	8.11999988555908	416900	8.28999996185303	7.92000007629395	8.03999996185303	8.22000026702881	1273000	8.53999996185303	8.14000034332275	8.19999980926514	8.32999992370606	303500	8.5600004196167	8.35000038146973	8.38000011444092	8.39999961853027	254400	8.47000026702881	8.27000045776367	8.35000038146973	8.27999973297119	268300	8.43000030517578	8.19999980926514	8.19999980926514	8.34000015258789	253700	8.35999965667725	8	8.35999965667725	8.10000038146973	765900	8.10999965667725	7.76999998092651	7.96000003814697	8.02000045776367	508100	8.27999973297119	7.76999998092651	8.02999973297119	7.8899998664856	247700	8.07999992370606	7.8899998664856	7.90999984741211	8.02999973297119	116400	8.11999988555908	7.98000001907349	8.10000038146973	8.01000022888184	186100	8.125	7.94999980926514	7.98000001907349	8.02999973297119	190100	8.17000007629395	8.02000045776367	8.10999965667725	8.10999965667725	157000	8.1899995803833	8.01000022888184	8.11999988555908	8.14999961853027	158600	8.42000007629395	8.14999961853027	8.19999980926514	8.42000007629395	436200	8.9399995803833	8.64000034332275	8.64999961853027	8.77999973297119	341600	8.90999984741211	8.63000011444092	8.89999961853027	8.76000022888184	375700	8.89999961853027	8.6899995803833	8.80000019073486	8.8100004196167	371000	9.02999973297119	8.84000015258789	8.96000003814697	8.88000011444092	460900	9.26000022888184	8.77999973297119	8.77999973297119	9.19999980926514	199200	9.35999965667725	8.90999984741211	9.11999988555908	8.93000030517578	288900	9.14999961853027	8.92000007629395	8.93000030517578	9.01000022888184	192600	9.17000007629395	8.84000015258789	9	9.10999965667725	341300	9.72000026702881	9.03999996185303	9.07999992370605	9.64000034332275	425800	9.67000007629395	9.26000022888184	9.51000022888184	9.27000045776367	405000	9.67500019073486	9.10999965667725	9.31999969482422	9.47999954223633	205200	9.72000026702881	9.43000030517578	9.72000026702881	9.60999965667725																														
2024-05-29	2024-05-28	BOW	Bowhead Specialty Holdings Inc.	Sills Stephen Jay	CEO, Pres	P - Purchase	17	58824	180,588	+48%	+$1,000,008	1000008	18:00:53	1	555100	26.8799991607666	25.0750007629395	25.8500003814697	26.4799995422363	302700	26.4899997711182	25.5009994506836	26.4400005340576	26.2900009155273	200900	27.2099990844727	25.5	27.2099990844727	26.1399993896484	198800	26.9899997711182	25.1000003814697	26.4899997711182	26.7999992370606	283500	27.4899997711182	26.3600006103516	27	26.6399993896484	169800	26.8999996185303	25.2000007629395	26.1299991607666	25.2299995422363	348400	25.8999996185303	24.3700008392334	25.1599998474121	25.3600006103516	100000	26.2000007629395	25.170000076294	25.3999996185303	25.4200000762939	102500	26.2999992370606	25	25.7900009155273	25.3700008392334	87800	26.5699996948242	25.2549991607666	25.3899993896484	26.4300003051758	113500	26.9099998474121	25.9150009155273	26.1000003814697	25.9799995422363	132500	26.8899993896484	25.8899993896484	26.2399997711182	26.3299999237061	58600	26.2399997711182	25.2399997711182	25.6830005645752	25.3700008392334	41300	26.0699996948242	25.4500007629395	25.5699996948242	25.6900005340576	115100	27	24.7000007629395	25.1200008392334	26.0200004577637	107800	26.8899993896484	26.1380004882813	26.2299995422363	26.4699993133545	165700	26.9300003051758	24.7600002288818	26.9300003051758	25.6000003814697	157100	25.6000003814697	24.4599990844727	25.2999992370606	24.5	167600	24.9750003814697	24.1000003814697	24.5	24.1800003051758	180400	24.75	24.0599994659424	24.0599994659424	24.3899993896484	201400	24.6100006103516	23.6949996948242	24.2000007629395	24.1100006103516	394300	25.3400001525879	24.0849990844727	24.1399993896484	25.3099994659424	349200	26.5400009155273	25.2099990844727	25.5	25.3400001525879	468100	25.5249996185303	24.6100006103516	25.3400001525879	25.1000003814697	222000	26.1299991607666	24.7700004577637	24.7700004577637	25.8400001525879	23900	26.0100002288818	24.9899997711182	25.8799991607666	24.9899997711182	94800	25.2199993133545	24.4099998474121	25	24.7999992370606	41900	26.0499992370606	24.6100006103516	24.6100006103516	26.0499992370606	38000	26.3700008392334	25.6399993896484	26.1100006103516	25.9899997711182	152900	25.9699993133545	24.7999992370606	25.7399997711182	25.6499996185303	340400	26.7600002288818	25.1100006103516	25.5699996948242	26.5100002288818	30200	27.2099990844727	25.9599990844727	26.7800006866455	25.9699993133545	51500	27.4400005340576	25.8099994659424	26.1900005340576	27.1200008392334	178200	28.3150005340576	26.7399997711182	27.3899993896484	27.0400009155273	144700	27.2000007629395	26.0499992370606	27	26.6200008392334	55100	26.8999996185303	26.0009994506836	26.6599998474121	26.4099998474121	99900	26.7000007629395	25.7900009155273	26.7000007629395	26.4699993133545	169300	28.0900001525879	26.0779991149902	26.2399997711182	27.3799991607666	92900	29.1000003814697	27.4599990844727	27.6000003814697	27.9699993133545	49900	28.1849994659424	27.1499996185303	27.7600002288818	27.3500003814697	53400	27.6100006103516	26.6299991607666	27.6100006103516	27.1100006103516	76900	28.2999992370605	27.1399993896484	27.4899997711182	27.9699993133545																																			
2024-05-29	2024-05-28	OXLC	Oxford Lane Capital Corp.	Cohen Jonathan H	CEO	P - Purchase	5.4	4630000	4,864,728	>999%	+$25,002,000	25002000	08:00:54	1	2305480	27.1000003814697	26.9500007629395	27	26.9500007629395	592820	26.9500007629395	26.7999992370606	26.8999996185303	26.7999992370606	768140	27.25	26.8999996185303	26.8999996185303	27.0499992370605	1688400	27.4500007629395	27.2000007629395	27.25	27.2999992370606	910960	27.5499992370606	27.2999992370606	27.5	27.3500003814697	798740	27.5	27.1000003814697	27.2999992370606	27.1499996185303	658420	27.3500003814697	27.1499996185303	27.2999992370606	27.2000007629395	621320	27.7999992370606	27.25	27.3500003814697	27.7000007629395	1059200	28.5499992370606	27.75	27.8500003814697	28.4500007629395	3064700	28.8999996185303	27.9500007629395	28.3500003814697	28	675720	28.2000007629395	27.75	28.1499996185303	27.8999996185303	701820	28.25	28	28.2000007629395	28.1000003814697	1208420	28.25	27.4500007629395	28.2000007629395	27.6000003814697	489540	27.5499992370606	27.25	27.3500003814697	27.5	678100	27.5	27.0499992370605	27.4500007629395	27.1499996185303	563520	27.2999992370606	27.0499992370605	27.1000003814697	27.1499996185303	1054680	27.25	26.6499996185303	27.1499996185303	26.8999996185303	457820	26.9500007629395	26.7999992370606	26.9500007629395	26.9500007629395	1639360	27.3999996185303	27	27	27.2999992370606	420000	27.3999996185303	27.0499992370605	27.3999996185303	27.1000003814697	646420	27.2999992370606	27.0499992370605	27.1000003814697	27.1000003814697	812020	27.2000007629395	26.9500007629395	27.1499996185303	27	841200	27.25	27	27.1000003814697	27.1000003814697	2266840	27.2000007629395	26.9500007629395	27.2000007629395	27.0499992370605	796940	27.3999996185303	27.0499992370605	27.1000003814697	27.25	526100	27.6000003814697	27.2999992370606	27.2999992370606	27.5499992370606	670740	27.75	27.4500007629395	27.6499996185303	27.75	791680	28	27.7999992370606	27.8999996185303	27.9500007629395	557900	28.1000003814697	27.7999992370606	28	28.1000003814697	695660	28.3999996185303	28.0499992370606	28.1499996185303	28.3500003814697	1059000	28.3999996185303	27.6499996185303	28.3500003814697	28	812180	28.25	27.8500003814697	28.0499992370606	27.8999996185303	1096320	28.2999992370605	28	28.1000003814697	28.2000007629395	1357220	28.3999996185303	28.1499996185303	28.2999992370605	28.2999992370605	740960	27.9500007629395	27.6499996185303	27.8500003814697	27.9500007629395	651180	27.9500007629395	27.6000003814697	27.9500007629395	27.7000007629395	1203920	28.0499992370606	27.6000003814697	27.7000007629395	27.7999992370606	461920	28.1000003814697	27.7999992370606	27.8999996185303	28.1000003814697	371480	28.1499996185303	28	28.0499992370606	28.1499996185303	1738880	28.1000003814697	27	28	27.1499996185303	457620	27.7999992370606	27.2999992370606	27.3500003814697	27.6000003814697	551220	28.1000003814697	27.7000007629395	27.9500007629395	28.0499992370606																																			
2024-05-28	2024-05-23	COOK	Traeger, Inc.	Andrus Jeremy	CEO	P - Purchase	2.21	226684	16,477,481	+1%	+$500,428	500971.64	18:58:49	5	506200	2.25500011444092	2.10999989509583	2.19000005722046	2.15000009536743	312000	2.25999999046326	2.17000007629395	2.25999999046326	2.25999999046326	372400	2.30999994277954	2.19000005722046	2.19000005722046	2.28999996185303	991300	2.59999990463257	2.28500008583069	2.35999989509583	2.48000001907349	637500	2.6800000667572	2.40000009536743	2.54999995231628	2.64000010490418	443100	2.70499992370605	2.51999998092651	2.66000008583069	2.58999991416931	321400	2.71000003814697	2.55999994277954	2.61999988555908	2.70000004768372	330500	2.73499989509583	2.58999991416931	2.69000005722046	2.64000010490418	205400	2.70000004768372	2.61400008201599	2.67000007629395	2.67000007629395	194100	2.65599989891052	2.53500008583069	2.65000009536743	2.57999992370605	182600	2.5699999332428	2.47000002861023	2.50999999046326	2.5	148800	2.58999991416931	2.46000003814697	2.48000001907349	2.53999996185303	121900	2.53600001335144	2.47000002861023	2.50999999046326	2.52999997138977	177500	2.65000009536743	2.52999997138977	2.54999995231628	2.55999994277954	119900	2.5699999332428	2.46000003814697	2.55999994277954	2.47000002861023	247600	2.47000002861023	2.34500002861023	2.45000004768372	2.35999989509583	114700	2.36999988555908	2.28999996185303	2.36999988555908	2.32999992370605	169700	2.34999990463257	2.22000002861023	2.30999994277954	2.22000002861023	250500	2.33999991416931	2.21000003814697	2.21000003814697	2.3199999332428	335900	2.53500008583069	2.32699990272522	2.32999992370605	2.5	165500	2.52999997138977	2.3199999332428	2.51999998092651	2.33999991416931	120100	2.41000008583069	2.25	2.41000008583069	2.26999998092651	179800	2.29999995231628	2.20000004768372	2.26999998092651	2.21000003814697	88600	2.27999997138977	2.20000004768372	2.21000003814697	2.27999997138977	523700	2.40000009536743	2.24499988555908	2.29999995231628	2.40000009536743	236000	2.40000009536743	2.16000008583069	2.40000009536743	2.1800000667572	134400	2.22000002861023	2.16000008583069	2.17000007629395	2.19000005722046	54500	2.23499989509583	2.1800000667572	2.19000005722046	2.22000002861023	228100	2.24000000953674	2.13000011444092	2.20000004768372	2.17000007629395	139200	2.25999999046326	2.18199992179871	2.20000004768372	2.23000001907349	145000	2.24000000953674	2.15000009536743	2.21000003814697	2.17000007629395	118400	2.19000005722046	2.15000009536743	2.19000005722046	2.16000008583069	365100	2.44000005722046	2.20000004768372	2.21000003814697	2.4300000667572	275100	2.46000003814697	2.29999995231628	2.4300000667572	2.32999992370605	181300	2.41000008583069	2.24000000953674	2.34999990463257	2.40000009536743	218500	2.54999995231628	2.38499999046326	2.42000007629395	2.50999999046326	247200	2.58999991416931	2.45000004768372	2.47000002861023	2.51999998092651	105100	2.57999992370605	2.36999988555908	2.49000000953674	2.38000011444092	137000	2.48499989509583	2.35700011253357	2.39000010490418	2.4300000667572	145100	2.47000002861023	2.28500008583069	2.47000002861023	2.28999996185303	228600	2.52999997138977	2.30100011825562	2.34999990463257	2.50999999046326	131700	2.5	2.29999995231628	2.5	2.29999995231628	213500	2.46499991416931	2.25	2.3199999332428	2.39000010490418	116900	2.49000000953674	2.38000011444092	2.45000004768372	2.48000001907349																									
2024-05-28	2024-05-24	OABI	Omniab, Inc.	Foehr Matthew W	Pres, CEO	P - Purchase	4.42	240000	3,536,665	+7%	+$1,059,840	1060800	17:55:57	4	619700	4.48999977111816	4.32000017166138	4.32000017166138	4.3899998664856	631000	4.42999982833862	4.17000007629395	4.40000009536743	4.17000007629395	1278200	4.57000017166138	4.40999984741211	4.5	4.55000019073486	554700	4.61999988555908	4.42999982833862	4.59000015258789	4.48000001907349	541200	4.51999998092651	4.32000017166138	4.5	4.34000015258789	798900	4.38500022888184	4.25	4.32999992370605	4.28999996185303	869700	4.28999996185303	4.1100001335144	4.28999996185303	4.1399998664856	760300	4.44000005722046	4.07999992370605	4.15000009536743	4.44000005722046	569700	4.65500020980835	4.3899998664856	4.44999980926514	4.61999988555908	544300	4.69000005722046	4.5	4.55000019073486	4.6399998664856	309200	4.60500001907349	4.51999998092651	4.59999990463257	4.59999990463257	499900	4.6100001335144	4.46999979019165	4.53999996185303	4.48999977111816	371700	4.63000011444092	4.3600001335144	4.6100001335144	4.40000009536743	447000	4.42000007629395	4.15999984741211	4.3899998664856	4.21999979019165	458400	4.21999979019165	4.07999992370605	4.15000009536743	4.21999979019165	408900	4.2649998664856	4.125	4.19999980926514	4.26000022888184	644000	4.26999998092651	4.17000007629395	4.23999977111816	4.19000005722046	747100	4.21000003814697	4.03999996185303	4.17999982833862	4.05999994277954	1204000	4.09999990463257	3.95499992370605	4.07000017166138	3.99000000953674	819100	4.1100001335144	3.97000002861023	4.01999998092651	4.05999994277954	1355500	4.07000017166138	3.75	4.07000017166138	3.78999996185303	1428700	4.01999998092651	3.74499988555908	3.76999998092651	3.88000011444092	676600	3.89000010490418	3.72499990463257	3.89000010490418	3.76999998092651	1827600	3.86500000953674	3.69000005722046	3.80999994277954	3.75	1009600	3.85999989509583	3.65499997138977	3.80999994277954	3.74000000953674	810600	3.74000000953674	3.61999988555908	3.73000001907349	3.67000007629395	297100	3.74000000953674	3.60999989509583	3.67000007629395	3.65000009536743	781500	3.82999992370605	3.55999994277954	3.61999988555908	3.8199999332428	1056800	3.95499992370605	3.76500010490418	3.84999990463257	3.92000007629395	767500	4.05499982833862	3.83500003814697	3.91000008583069	4.03999996185303	557600	4.15500020980835	3.96000003814697	4.05000019073486	4.13000011444092	908900	4.46500015258789	4.11499977111816	4.17000007629395	4.34999990463257	555000	4.5	4.38000011444092	4.38000011444092	4.48000001907349	896600	4.69999980926514	4.42000007629395	4.46999979019165	4.6100001335144	574900	4.75	4.6100001335144	4.69000005722046	4.73999977111816	603600	4.86999988555908	4.6399998664856	4.6399998664856	4.76999998092651	638400	4.84499979019165	4.65999984741211	4.73999977111816	4.67999982833862	551100	4.75	4.63000011444092	4.69000005722046	4.65999984741211	542900	4.81500005722046	4.67000007629395	4.67000007629395	4.80999994277954	432400	4.80000019073486	4.64499998092651	4.78000020980835	4.73000001907349	795800	4.76000022888184	4.6399998664856	4.67999982833862	4.69999980926514	639500	4.90000009536743	4.6399998664856	4.73999977111816	4.80000019073486	410000	4.96000003814697	4.75500011444092	4.8899998664856	4.84000015258789																														
2024-05-23	2024-05-23	FOUR	Shift4 Payments, Inc.	Isaacman Jared	COB, CEO, 10%	P - Purchase	64.04	39135	621,962	+7%	+$2,506,108	2506205.4	19:08:59	0	1464800	67.870002746582	63.2999992370606	67.1900024414063	64.0599975585938	1564500	68.5599975585938	65.2900009155274	65.6500015258789	68.2900009155274	958900	69.0599975585938	66.5999984741211	68.5299987792969	67.0100021362305	548000	66.9400024414063	65.0999984741211	65.9000015258789	66.4100036621094	729400	67.1699981689453	65.2699966430664	67.0599975585938	65.620002746582	875200	67.370002746582	65.0800018310547	66.1100006103516	67.2799987792969	1439200	70.4700012207031	67.6699981689453	67.7099990844727	70.1500015258789	1020200	72.2300033569336	69.1600036621094	69.2600021362305	70.5400009155274	1014300	72.1900024414063	70.3600006103516	70.5899963378906	70.8000030517578	1149600	70.3209991455078	68.3300018310547	70.0100021362305	69.7200012207031	2260400	73.9400024414063	71.0500030517578	72	72.5299987792969	1138000	73.5199966430664	71.1699981689453	71.2600021362305	73.2399978637695	1150200	73.9800033569336	71.9700012207031	73.0299987792969	73.3499984741211	858400	74.9400024414063	72.4599990844727	74.870002746582	72.7699966430664	1392700	74.0899963378906	71.5100021362305	72.9499969482422	71.6399993896484	1499600	72.4400024414063	68.2900009155274	71.1999969482422	69.7200012207031	1115300	71.9400024414063	69.3899993896484	71.2799987792969	70.879997253418	1286900	70.5670013427734	68.0699996948242	70.120002746582	69.0400009155274	967400	71.5	68.8960037231445	68.9899978637695	70.620002746582	1425800	71.3450012207031	69.0599975585938	70.1699981689453	71.1399993896484	757200	71.7360000610352	70.0400009155274	70.9199981689453	70.7399978637695	728200	71.1900024414063	69.9000015258789	70.6600036621094	70.379997253418	907900	71.8600006103516	69.2900009155274	69.9899978637695	71.75	949300	73.6309967041016	71.0400009155273	71.4899978637695	73.3199996948242	2069700	74.4499969482422	72.6399993896484	73.4599990844727	73.3499984741211	947600	73.8899993896484	72.1999969482422	73.5699996948242	73.8399963378906	762200	74.1999969482422	72.7099990844727	73.4000015258789	73.5500030517578	696500	73.9700012207031	72.2799987792969	73.5999984741211	72.8499984741211	957800	73.3600006103516	71.7829971313477	72.620002746582	73.1800003051758	1099000	75.2799987792969	73.0500030517578	73.4700012207031	73.3600006103516	681700	73.3899993896484	71.7099990844727	73.370002746582	72.129997253418	2064900	72.3300018310547	67.4199981689453	72.0899963378906	67.4300003051758	1135200	70.3600006103516	67.8099975585938	68.2099990844727	69.7699966430664	706400	70.7279968261719	69.6999969482422	70.3000030517578	70.4700012207031	924900	72.0400009155274	69.3499984741211	70.5	71.9899978637695	951400	73.6600036621094	71.1500015258789	72.1399993896484	73.0999984741211	1169900	73.4700012207031	70.620002746582	73.1100006103516	70.7799987792969	1999900	71.4130020141602	66.4199981689453	71	66.7099990844727	2363900	67.120002746582	65.2200012207031	66.6999969482422	66.3300018310547																																																		
2024-05-22	2024-05-20	SOC	Sable Offshore Corp.	Flores James C	COB, CEO, 10%	P - Purchase	13.74	1e+05	10,588,750	+1%	+$1,374,150	1374000	20:36:41	2	483400	13.8999996185303	13.3500003814697	13.7600002288818	13.6099996566772	303500	13.6800003051758	13.0799999237061	13.6000003814697	13.1400003433228	245300	13.2399997711182	12.7299995422363	13.0900001525879	12.7399997711182	317800	13.7299995422363	12.8199996948242	13.7299995422363	13.3599996566772	494000	14.7399997711182	13.6149997711182	13.75	14.6300001144409	429200	15.2299995422363	13.960000038147	14.6199998855591	14.9899997711182	332500	15.1800003051758	14.4700002670288	14.8299999237061	15.039999961853	180400	15.0200004577637	14.6199998855591	14.9200000762939	15	979100	15.5	14.9399995803833	15.1599998474121	15.3900003433228	419700	15.6999998092651	14.4399995803833	15.5900001525879	14.4700002670288	212300	14.539999961853	14.1499996185303	14.4700002670288	14.5200004577637	207500	14.7799997329712	14.3500003814697	14.5	14.6899995803833	203700	15.1999998092651	14.5699996948242	14.8400001525879	14.8800001144409	225000	15.0500001907349	14.7600002288818	14.8000001907349	14.8199996948242	541600	15.6599998474121	14.8199996948242	14.9899997711182	15.1999998092651	362900	15.3999996185303	14.75	15.0699996948242	14.8599996566772	314100	15.1300001144409	14.6999998092651	14.7600002288818	14.8100004196167	245300	15.039999961853	14.4499998092651	14.6899995803833	14.8400001525879	272300	15.2200002670288	14.710000038147	14.8500003814697	14.7799997329712	380600	15.210000038147	14.5900001525879	14.5900001525879	15.0200004577637	464300	15.5690002441406	14.8800001144409	15.0100002288818	15.3699998855591	474400	15.8000001907349	14.4700002670288	15.6800003051758	14.4799995422363	3572300	14.6199998855591	13.75	14.1800003051758	14.4399995803833	332900	14.9399995803833	14.2799997329712	14.6000003814697	14.8199996948242	345700	15.1199998855591	14.2399997711182	14.7700004577637	14.2399997711182	321400	14.6300001144409	13.7700004577637	14.210000038147	14.4499998092651	308800	15.2299995422363	14.1899995803833	14.5600004196167	14.6099996566772	7645000	15.3900003433228	14.5500001907349	14.6999998092651	15.0699996948242	463800	15.3999996185303	14.6999998092651	15.0500001907349	15.3999996185303	642600	15.6700000762939	15.1700000762939	15.5699996948242	15.6700000762939	166200	15.9399995803833	15.4499998092651	15.8599996566772	15.789999961853	375300	15.8199996948242	15.3900003433228	15.6199998855591	15.6000003814697	746600	16.3999996185303	15.5900001525879	15.6000003814697	15.9300003051758	227000	16.3199996948242	15.1700000762939	16.0799999237061	15.1899995803833	288600	15.4300003051758	15.0019998550415	15.1000003814697	15.4099998474121	1039200	16.9400005340576	15.3000001907349	16.9400005340576	15.5799999237061	342300	16.1399993896484	15.75	15.960000038147	16	577300	16.5400009155273	16	16.1000003814697	16.4599990844727	779100	16.5599994659424	15.6300001144409	16.5599994659424	15.6300001144409	537800	16.1900005340576	15.2200002670288	15.8000001907349	16.0599994659424	193200	16.3500003814697	15.8000001907349	15.9499998092651	15.9300003051758	175500	16.2000007629395	15.8599996566772	15.9499998092651	16.1599998474121																																			
2024-05-22	2024-05-20	SOC	Sable Offshore Corp.	Flores James Caldwell	COB, CEO, 10%	P - Purchase	13.74	1e+05	10,588,750	+1%	+$1,374,150	1374000	16:30:13	2	483400	13.8999996185303	13.3500003814697	13.7600002288818	13.6099996566772	303500	13.6800003051758	13.0799999237061	13.6000003814697	13.1400003433228	245300	13.2399997711182	12.7299995422363	13.0900001525879	12.7399997711182	317800	13.7299995422363	12.8199996948242	13.7299995422363	13.3599996566772	494000	14.7399997711182	13.6149997711182	13.75	14.6300001144409	429200	15.2299995422363	13.960000038147	14.6199998855591	14.9899997711182	332500	15.1800003051758	14.4700002670288	14.8299999237061	15.039999961853	180400	15.0200004577637	14.6199998855591	14.9200000762939	15	979100	15.5	14.9399995803833	15.1599998474121	15.3900003433228	419700	15.6999998092651	14.4399995803833	15.5900001525879	14.4700002670288	212300	14.539999961853	14.1499996185303	14.4700002670288	14.5200004577637	207500	14.7799997329712	14.3500003814697	14.5	14.6899995803833	203700	15.1999998092651	14.5699996948242	14.8400001525879	14.8800001144409	225000	15.0500001907349	14.7600002288818	14.8000001907349	14.8199996948242	541600	15.6599998474121	14.8199996948242	14.9899997711182	15.1999998092651	362900	15.3999996185303	14.75	15.0699996948242	14.8599996566772	314100	15.1300001144409	14.6999998092651	14.7600002288818	14.8100004196167	245300	15.039999961853	14.4499998092651	14.6899995803833	14.8400001525879	272300	15.2200002670288	14.710000038147	14.8500003814697	14.7799997329712	380600	15.210000038147	14.5900001525879	14.5900001525879	15.0200004577637	464300	15.5690002441406	14.8800001144409	15.0100002288818	15.3699998855591	474400	15.8000001907349	14.4700002670288	15.6800003051758	14.4799995422363	3572300	14.6199998855591	13.75	14.1800003051758	14.4399995803833	332900	14.9399995803833	14.2799997329712	14.6000003814697	14.8199996948242	345700	15.1199998855591	14.2399997711182	14.7700004577637	14.2399997711182	321400	14.6300001144409	13.7700004577637	14.210000038147	14.4499998092651	308800	15.2299995422363	14.1899995803833	14.5600004196167	14.6099996566772	7645000	15.3900003433228	14.5500001907349	14.6999998092651	15.0699996948242	463800	15.3999996185303	14.6999998092651	15.0500001907349	15.3999996185303	642600	15.6700000762939	15.1700000762939	15.5699996948242	15.6700000762939	166200	15.9399995803833	15.4499998092651	15.8599996566772	15.789999961853	375300	15.8199996948242	15.3900003433228	15.6199998855591	15.6000003814697	746600	16.3999996185303	15.5900001525879	15.6000003814697	15.9300003051758	227000	16.3199996948242	15.1700000762939	16.0799999237061	15.1899995803833	288600	15.4300003051758	15.0019998550415	15.1000003814697	15.4099998474121	1039200	16.9400005340576	15.3000001907349	16.9400005340576	15.5799999237061	342300	16.1399993896484	15.75	15.960000038147	16	577300	16.5400009155273	16	16.1000003814697	16.4599990844727	779100	16.5599994659424	15.6300001144409	16.5599994659424	15.6300001144409	537800	16.1900005340576	15.2200002670288	15.8000001907349	16.0599994659424	193200	16.3500003814697	15.8000001907349	15.9499998092651	15.9300003051758	175500	16.2000007629395	15.8599996566772	15.9499998092651	16.1599998474121																																			
2024-05-21	2024-05-20	IMNM	Immunome Inc.	Siegall Clay B	Pres, CEO	P - Purchase	13.88	1e+05	419,636	+31%	+$1,388,072	1388000	16:13:38	1	1342400	14.210000038147	13.6000003814697	13.960000038147	13.8000001907349	604500	14.1400003433228	13.5150003433228	13.6899995803833	13.6499996185303	1170200	15.4499998092651	14.3900003433228	14.8999996185303	14.4200000762939	767700	14.8800001144409	13.9899997711182	14.7299995422363	14.3400001525879	1069400	14.8999996185303	14.1599998474121	14.2600002288818	14.2200002670288	712400	14.9899997711182	14.2399997711182	14.4499998092651	14.6199998855591	660800	14.6499996185303	14.210000038147	14.3199996948242	14.6199998855591	769500	15.4300003051758	14.460000038147	14.6300001144409	14.710000038147	1588100	15.8100004196167	14.6099996566772	15.3199996948242	14.9399995803833	821000	15.585000038147	14.3100004196167	15	14.5900001525879	873200	14.6199998855591	13.8950004577637	14.4700002670288	14.1599998474121	870000	15.7299995422363	14.0649995803833	14.2200002670288	15.5500001907349	534100	15.5	14.6199998855591	15.5	15.1499996185303	311900	15.3549995422363	14.9300003051758	14.9300003051758	15.1999998092651	954900	16.1100006103516	15.2229995727539	15.2600002288818	16.0499992370605	638600	16.1800003051758	15.3599996566772	15.9899997711182	15.6999998092651	724900	16.7600002288818	15.9750003814697	16.2000007629395	16	439600	16.5799999237061	15.8280000686646	16	16.0400009155273	903200	16.3199996948242	14.7150001525879	15.7399997711182	14.9200000762939	1648200	14.9750003814697	13.0200004577637	14.9499998092651	13.1499996185303	970500	13.4700002670288	12.8000001907349	13.1499996185303	13.2799997329712	1333400	13.3199996948242	12.2700004577637	13.1999998092651	12.5799999237061	3273800	12.9899997711182	12.1099996566772	12.6800003051758	12.4399995803833	1355800	12.4840002059937	11.6800003051758	12.4300003051758	11.9399995803833	997400	12.0900001525879	11.3100004196167	11.8900003433228	11.539999961853	900200	12.0799999237061	11.0699996948242	11.5	12.0299997329712	1111000	12.5100002288818	11.9099998474121	12.1999998092651	11.9700002670288	8618900	12.2700004577637	11.5349998474121	11.8400001525879	12.1000003814697	920700	12.2779998779297	11.789999961853	11.9200000762939	12.1999998092651	608100	12.2200002670288	11.5	12.2200002670288	11.6999998092651	373300	12.2399997711182	11.710000038147	11.7700004577637	12.1199998855591	517400	12.2200002670288	11.75	12.2200002670288	12.0299997329712	655900	12.6599998474121	12.039999961853	12.1199998855591	12.1999998092651	483200	12.6000003814697	12.1199998855591	12.1999998092651	12.5	624700	12.6499996185303	11.9499998092651	12.5100002288818	12.0500001907349	758500	13.3249998092651	12.3050003051758	12.3699998855591	12.9799995422363	572200	13.5799999237061	12.9200000762939	13.1199998855591	13.4899997711182	494600	14.2399997711182	13.4399995803833	13.5799999237061	14.1599998474121	634600	14.8000001907349	14.0500001907349	14.3400001525879	14.6599998474121	559200	14.8400001525879	13.8520002365112	14.3100004196167	13.9899997711182	499000	14.2600002288818	13.3000001907349	14.0299997329712	13.710000038147	556700	13.9200000762939	13.0100002288818	13.8000001907349	13.3100004196167																																			
2024-05-20	2024-05-17	TMCI	Treace Medical Concepts, Inc.	Treace John T.	CEO, 10%	P - Purchase	5.56	1e+05	11,667,224	+1%	+$556,170	556000	16:30:11	3	2044700	5.75	4.86999988555908	5.67000007629395	5	1048300	5.09999990463257	4.8600001335144	5.05000019073486	4.94000005722046	1125500	5.40000009536743	4.8600001335144	5.40000009536743	4.96999979019165	1008300	5.5	4.96000003814697	4.96000003814697	5.32999992370606	1076400	5.46999979019165	5.03000020980835	5.34999990463257	5.03999996185303	757700	5.23999977111816	4.98999977111816	5.19999980926514	5.15999984741211	1190000	5.28999996185303	4.94199991226196	5.25	5.05000019073486	651100	5.30000019073486	4.92999982833862	4.98999977111816	5.28000020980835	1523800	5.8899998664856	5.46999979019165	5.5	5.75	1844100	6.17999982833862	5.69999980926514	5.84999990463257	5.88000011444092	2132600	6	5.42999982833862	5.8899998664856	5.48000001907349	1086600	5.78999996185303	5.38000011444092	5.78999996185303	5.42999982833862	1132400	6.11999988555908	5.34999990463257	5.42999982833862	6.1100001335144	947200	6.30999994277954	5.84999990463257	5.94999980926514	6.1100001335144	1139200	6.07000017166138	5.80000019073486	5.98000001907349	5.90999984741211	3834000	5.92000007629395	5.6100001335144	5.69999980926514	5.75	1482800	6	5.51000022888184	5.61999988555908	5.84999990463257	840600	6.44600009918213	5.98000001907349	6.32999992370606	6.07000017166138	412300	6.11999988555908	5.92000007629395	6.11999988555908	6	669100	6.05999994277954	5.82000017166138	5.94999980926514	6.05000019073486	979900	6.15000009536743	5.75	5.96999979019165	6.07999992370606	973900	6.15999984741211	5.86999988555908	6	6.03000020980835	754400	6.08199977874756	5.76100015640259	6	5.8600001335144	1405400	6	5.76999998092651	5.86999988555908	5.94000005722046	1281500	5.98000001907349	5.67000007629395	5.71000003814697	5.78999996185303	1035900	5.94999980926514	5.57000017166138	5.71999979019165	5.90999984741211	1208000	6.34000015258789	5.73999977111816	5.82999992370606	6.28999996185303	687700	6.65000009536743	6.23999977111816	6.32000017166138	6.6399998664856	1332400	6.81699991226196	6.5	6.69000005722046	6.65000009536743	632200	6.75099992752075	6.42000007629395	6.65000009536743	6.48999977111816	475600	6.71500015258789	6.34999990463257	6.46000003814697	6.63000011444092	404900	6.80000019073486	6.53000020980835	6.55999994277954	6.6100001335144	373200	6.73999977111816	6.44999980926514	6.59000015258789	6.73999977111816	517200	7.09999990463257	6.59999990463257	6.82000017166138	6.65999984741211	447600	6.78999996185303	6.53999996185303	6.67000007629395	6.75	1799600	7.57000017166138	6.69199991226196	6.76999998092651	7.44999980926514	2700800	8.46000003814697	7.57999992370606	7.67000007629395	8.18000030517578	1109600	8.44999980926514	8.03999996185303	8.27999973297119	8.11999988555908	1862000	8.38000011444092	7.94000005722046	8.19999980926514	8.22000026702881	1180900	8.64999961853027	8.15999984741211	8.30000019073486	8.44999980926514	718700	8.69999980926514	8.26000022888184	8.34000015258789	8.4399995803833	732700	8.63500022888184	7.80999994277954	8.35999965667725	7.8899998664856																																			
2024-05-14	2024-05-14	TMCI	Treace Medical Concepts, Inc.	Treace John T.	CEO, 10%	P - Purchase	5.12	150000	11,567,224	+1%	+$767,805	768000	18:19:20	0	4103400	6.07999992370606	4.96999979019165	5.09000015258789	5	3372000	6.01000022888184	5.17999982833862	5.76999998092651	5.94999980926514	1927200	5.82600021362305	5.55000019073486	5.80000019073486	5.63000011444092	2044700	5.75	4.86999988555908	5.67000007629395	5	1048300	5.09999990463257	4.8600001335144	5.05000019073486	4.94000005722046	1125500	5.40000009536743	4.8600001335144	5.40000009536743	4.96999979019165	1008300	5.5	4.96000003814697	4.96000003814697	5.32999992370606	1076400	5.46999979019165	5.03000020980835	5.34999990463257	5.03999996185303	757700	5.23999977111816	4.98999977111816	5.19999980926514	5.15999984741211	1190000	5.28999996185303	4.94199991226196	5.25	5.05000019073486	651100	5.30000019073486	4.92999982833862	4.98999977111816	5.28000020980835	1523800	5.8899998664856	5.46999979019165	5.5	5.75	1844100	6.17999982833862	5.69999980926514	5.84999990463257	5.88000011444092	2132600	6	5.42999982833862	5.8899998664856	5.48000001907349	1086600	5.78999996185303	5.38000011444092	5.78999996185303	5.42999982833862	1132400	6.11999988555908	5.34999990463257	5.42999982833862	6.1100001335144	947200	6.30999994277954	5.84999990463257	5.94999980926514	6.1100001335144	1139200	6.07000017166138	5.80000019073486	5.98000001907349	5.90999984741211	3834000	5.92000007629395	5.6100001335144	5.69999980926514	5.75	1482800	6	5.51000022888184	5.61999988555908	5.84999990463257	840600	6.44600009918213	5.98000001907349	6.32999992370606	6.07000017166138	412300	6.11999988555908	5.92000007629395	6.11999988555908	6	669100	6.05999994277954	5.82000017166138	5.94999980926514	6.05000019073486	979900	6.15000009536743	5.75	5.96999979019165	6.07999992370606	973900	6.15999984741211	5.86999988555908	6	6.03000020980835	754400	6.08199977874756	5.76100015640259	6	5.8600001335144	1405400	6	5.76999998092651	5.86999988555908	5.94000005722046	1281500	5.98000001907349	5.67000007629395	5.71000003814697	5.78999996185303	1035900	5.94999980926514	5.57000017166138	5.71999979019165	5.90999984741211	1208000	6.34000015258789	5.73999977111816	5.82999992370606	6.28999996185303	687700	6.65000009536743	6.23999977111816	6.32000017166138	6.6399998664856	1332400	6.81699991226196	6.5	6.69000005722046	6.65000009536743	632200	6.75099992752075	6.42000007629395	6.65000009536743	6.48999977111816	475600	6.71500015258789	6.34999990463257	6.46000003814697	6.63000011444092	404900	6.80000019073486	6.53000020980835	6.55999994277954	6.6100001335144	373200	6.73999977111816	6.44999980926514	6.59000015258789	6.73999977111816	517200	7.09999990463257	6.59999990463257	6.82000017166138	6.65999984741211	447600	6.78999996185303	6.53999996185303	6.67000007629395	6.75	1799600	7.57000017166138	6.69199991226196	6.76999998092651	7.44999980926514	2700800	8.46000003814697	7.57999992370606	7.67000007629395	8.18000030517578	1109600	8.44999980926514	8.03999996185303	8.27999973297119	8.11999988555908																																								
2024-05-14	2024-05-14	AKAM	Akamai Technologies Inc	Leighton F Thomson	CEO	P - Purchase	92.68	22000	2,520,543	+1%	+$2,038,960	2038960	17:11:41	0	2505600	94.5999984741211	92.0599975585938	94.3000030517578	93.129997253418	2303400	96.120002746582	94.2900009155274	94.8399963378906	95.9800033569336	2724000	97.2399978637695	94.6399993896484	95.5899963378906	96.870002746582	2430600	96.6800003051758	95.1100006103516	96.6100006103516	95.2099990844727	1803300	95.4100036621094	94.3399963378906	95.1999969482422	94.9000015258789	1482800	95.3300018310547	94.2900009155274	94.5299987792969	94.5	1062100	95.9499969482422	94.620002746582	94.620002746582	95.2900009155274	1350900	95.2900009155274	93.7600021362305	95.2900009155274	93.9599990844727	1039000	94.6699981689453	93.75	94.5500030517578	94.1399993896484	1497900	94.1500015258789	92.4899978637695	93.5400009155273	92.5899963378906	1332200	92.379997253418	90.7799987792969	92	90.8399963378906	2662200	90.8899993896484	89.5500030517578	90.8399963378906	90.2200012207031	3298500	92.4100036621094	89.5999984741211	90.120002746582	92.2399978637695	1483600	92.75	90.3000030517578	92.2399978637695	90.9000015258789	1665400	91.7099990844727	90.4499969482422	90.6100006103516	91.0599975585938	1282500	91.4700012207031	90.0699996948242	91.3399963378906	90.7399978637695	1830200	91.3000030517578	89.9100036621094	90.5	90.0199966430664	1472600	90.6699981689453	88.9899978637695	90.0199966430664	89.1800003051758	1839300	90.4100036621094	87.7399978637695	88.8000030517578	90.3399963378906	1383800	90.1800003051758	89.3099975585938	90.1500015258789	89.7099990844727	1818700	90.5599975585938	88.3199996948242	89.9199981689453	88.4000015258789	1362300	88.5599975585938	87.5899963378906	88	88.3499984741211	1292500	89.7300033569336	88.0199966430664	88.3399963378906	89.0899963378906	1162100	89.4300003051758	88.129997253418	88.8199996948242	89.1100006103516	1610800	89.870002746582	88.2200012207031	88.5999984741211	88.4800033569336	1499900	89.8499984741211	88.0899963378906	88.6500015258789	89.3600006103516	4798900	89.9899978637695	88.4199981689453	89.4800033569336	88.9199981689453	1580700	89.9800033569336	88.6500015258789	89.0299987792969	88.7399978637695	1165700	88.8499984741211	87.8899993896484	88.7399978637695	88.25	937900	89.1399993896484	87.8300018310547	88	88.4300003051758	1382400	89.9700012207031	88.120002746582	88.4400024414063	89.9400024414063	2069700	90.4700012207031	89.5100021362305	90	90.0800018310547	775300	90.2099990844727	89.0199966430664	90.1699981689453	89.5299987792969	1071700	90.9400024414063	89.5599975585938	89.5599975585938	90.8199996948242	739000	91.2799987792969	89.9000015258789	91	90.3300018310547	880800	90.9199981689453	89.9499969482422	90.3899993896484	90.4700012207031	1854000	93.2600021362305	90.9499969482422	91.2099990844727	92.9400024414062	1748900	93.0500030517578	91.0800018310547	93	92.4800033569336	1417300	93.8199996948242	92.379997253418	92.9199981689453	93.7799987792969	1460500	95.2699966430664	93.620002746582	93.629997253418	94.0999984741211	1335200	96.25	94.2099990844727	94.2799987792969	95.1399993896484																																								
2024-05-14	2024-05-14	FOUR	Shift4 Payments, Inc.	Isaacman Jared	COB, CEO, 10%	P - Purchase	67.09	85916	582,827	+17%	+$5,764,465	5764104.44	17:00:13	0	2152700	68.5	64.9300003051758	66	65	3945400	72.4300003051758	67.6699981689453	69.1999969482422	72.1600036621094	1670600	71.7600021362305	68.8000030517578	71.6800003051758	68.8300018310547	912700	69.2109985351563	67.5199966430664	68.9000015258789	67.620002746582	890800	69.3050003051758	67.8099975585938	67.8499984741211	68.8199996948242	869400	68.75	67.0100021362305	68.2300033569336	67.8399963378906	1109500	68.8000030517578	66.2300033569336	67.629997253418	66.5999984741211	1464800	67.870002746582	63.2999992370606	67.1900024414063	64.0599975585938	1564500	68.5599975585938	65.2900009155274	65.6500015258789	68.2900009155274	958900	69.0599975585938	66.5999984741211	68.5299987792969	67.0100021362305	548000	66.9400024414063	65.0999984741211	65.9000015258789	66.4100036621094	729400	67.1699981689453	65.2699966430664	67.0599975585938	65.620002746582	875200	67.370002746582	65.0800018310547	66.1100006103516	67.2799987792969	1439200	70.4700012207031	67.6699981689453	67.7099990844727	70.1500015258789	1020200	72.2300033569336	69.1600036621094	69.2600021362305	70.5400009155274	1014300	72.1900024414063	70.3600006103516	70.5899963378906	70.8000030517578	1149600	70.3209991455078	68.3300018310547	70.0100021362305	69.7200012207031	2260400	73.9400024414063	71.0500030517578	72	72.5299987792969	1138000	73.5199966430664	71.1699981689453	71.2600021362305	73.2399978637695	1150200	73.9800033569336	71.9700012207031	73.0299987792969	73.3499984741211	858400	74.9400024414063	72.4599990844727	74.870002746582	72.7699966430664	1392700	74.0899963378906	71.5100021362305	72.9499969482422	71.6399993896484	1499600	72.4400024414063	68.2900009155274	71.1999969482422	69.7200012207031	1115300	71.9400024414063	69.3899993896484	71.2799987792969	70.879997253418	1286900	70.5670013427734	68.0699996948242	70.120002746582	69.0400009155274	967400	71.5	68.8960037231445	68.9899978637695	70.620002746582	1425800	71.3450012207031	69.0599975585938	70.1699981689453	71.1399993896484	757200	71.7360000610352	70.0400009155274	70.9199981689453	70.7399978637695	728200	71.1900024414063	69.9000015258789	70.6600036621094	70.379997253418	907900	71.8600006103516	69.2900009155274	69.9899978637695	71.75	949300	73.6309967041016	71.0400009155273	71.4899978637695	73.3199996948242	2069700	74.4499969482422	72.6399993896484	73.4599990844727	73.3499984741211	947600	73.8899993896484	72.1999969482422	73.5699996948242	73.8399963378906	762200	74.1999969482422	72.7099990844727	73.4000015258789	73.5500030517578	696500	73.9700012207031	72.2799987792969	73.5999984741211	72.8499984741211	957800	73.3600006103516	71.7829971313477	72.620002746582	73.1800003051758	1099000	75.2799987792969	73.0500030517578	73.4700012207031	73.3600006103516	681700	73.3899993896484	71.7099990844727	73.370002746582	72.129997253418	2064900	72.3300018310547	67.4199981689453	72.0899963378906	67.4300003051758	1135200	70.3600006103516	67.8099975585938	68.2099990844727	69.7699966430664	706400	70.7279968261719	69.6999969482422	70.3000030517578	70.4700012207031																																								
2024-05-14	2024-05-10	PSEC	Prospect Capital Corp	Barry John F	CEO, 10%	P - Purchase	5.48	798901	66,095,837	+1%	+$4,377,477	4377977.48	16:01:37	4	2472500	5.55000019073486	5.42000007629395	5.42000007629395	5.46999979019165	1251400	5.5	5.40999984741211	5.5	5.46999979019165	1949300	5.59000015258789	5.48999977111816	5.5	5.59000015258789	2235400	5.69000005722046	5.6100001335144	5.61999988555908	5.65999984741211	1822200	5.67000007629395	5.51999998092651	5.63000011444092	5.6100001335144	978500	5.65999984741211	5.6100001335144	5.63000011444092	5.65999984741211	2040500	5.67999982833862	5.57999992370606	5.65999984741211	5.61999988555908	1599300	5.69000005722046	5.6100001335144	5.61999988555908	5.69000005722046	1358200	5.71999979019165	5.65000009536743	5.65999984741211	5.67999982833862	1262400	5.69000005722046	5.57999992370606	5.67999982833862	5.59000015258789	1061500	5.69000005722046	5.59999990463257	5.59999990463257	5.69000005722046	1854700	5.71999979019165	5.65000009536743	5.69000005722046	5.67000007629395	1296900	5.61999988555908	5.57000017166138	5.57000017166138	5.57999992370606	958900	5.59999990463257	5.53999996185303	5.55000019073486	5.59000015258789	1178800	5.65999984741211	5.57000017166138	5.57999992370606	5.61999988555908	1199100	5.6399998664856	5.57999992370606	5.6100001335144	5.6100001335144	1304000	5.67000007629395	5.59999990463257	5.61999988555908	5.65999984741211	1598700	5.65000009536743	5.57999992370606	5.65000009536743	5.6399998664856	1658100	5.6399998664856	5.55000019073486	5.63000011444092	5.55999994277954	1253000	5.59000015258789	5.51999998092651	5.55999994277954	5.59000015258789	891300	5.59000015258789	5.53000020980835	5.57999992370606	5.53999996185303	1178300	5.55000019073486	5.48000001907349	5.53999996185303	5.51999998092651	1251700	5.63000011444092	5.55999994277954	5.57999992370606	5.59999990463257	1486200	5.57999992370606	5.48999977111816	5.57999992370606	5.57000017166138	914900	5.59999990463257	5.51000022888184	5.53999996185303	5.57999992370606	1288000	5.6100001335144	5.51999998092651	5.57999992370606	5.59000015258789	1617800	5.65000009536743	5.55999994277954	5.59000015258789	5.61999988555908	2023100	5.63000011444092	5.57000017166138	5.61999988555908	5.57999992370606	2407400	5.59999990463257	5.53999996185303	5.59999990463257	5.55000019073486	1664800	5.6399998664856	5.57999992370606	5.57999992370606	5.61999988555908	1750600	5.65000009536743	5.57000017166138	5.6399998664856	5.59000015258789	1397700	5.55999994277954	5.51000022888184	5.51999998092651	5.53000020980835	1361300	5.53999996185303	5.48000001907349	5.53000020980835	5.51999998092651	1846900	5.57999992370606	5.48999977111816	5.53000020980835	5.53000020980835	1508500	5.55999994277954	5.46000003814697	5.53000020980835	5.48999977111816	1542200	5.5	5.46000003814697	5.48000001907349	5.5	924900	5.53999996185303	5.48999977111816	5.5	5.51000022888184	1201200	5.51999998092651	5.48000001907349	5.51000022888184	5.5	1019400	5.51999998092651	5.48999977111816	5.48999977111816	5.51000022888184	1150100	5.53000020980835	5.48999977111816	5.5	5.51000022888184	1496500	5.59999990463257	5.5	5.51000022888184	5.59999990463257	1689100	5.6100001335144	5.55999994277954	5.59000015258789	5.57999992370606	1813700	5.63000011444092	5.55999994277954	5.59999990463257	5.55999994277954																														
2024-05-13	2024-05-10	TMCI	Treace Medical Concepts, Inc.	Treace John T.	CEO, 10%	P - Purchase	4.57	3e+05	11,417,224	+3%	+$1,370,370	1371000	18:07:34	3	3905500	4.76999998092651	4.32999992370605	4.42000007629395	4.38000011444092	2992800	4.65000009536743	4.29500007629395	4.32000017166138	4.53000020980835	4103400	6.07999992370606	4.96999979019165	5.09000015258789	5	3372000	6.01000022888184	5.17999982833862	5.76999998092651	5.94999980926514	1927200	5.82600021362305	5.55000019073486	5.80000019073486	5.63000011444092	2044700	5.75	4.86999988555908	5.67000007629395	5	1048300	5.09999990463257	4.8600001335144	5.05000019073486	4.94000005722046	1125500	5.40000009536743	4.8600001335144	5.40000009536743	4.96999979019165	1008300	5.5	4.96000003814697	4.96000003814697	5.32999992370606	1076400	5.46999979019165	5.03000020980835	5.34999990463257	5.03999996185303	757700	5.23999977111816	4.98999977111816	5.19999980926514	5.15999984741211	1190000	5.28999996185303	4.94199991226196	5.25	5.05000019073486	651100	5.30000019073486	4.92999982833862	4.98999977111816	5.28000020980835	1523800	5.8899998664856	5.46999979019165	5.5	5.75	1844100	6.17999982833862	5.69999980926514	5.84999990463257	5.88000011444092	2132600	6	5.42999982833862	5.8899998664856	5.48000001907349	1086600	5.78999996185303	5.38000011444092	5.78999996185303	5.42999982833862	1132400	6.11999988555908	5.34999990463257	5.42999982833862	6.1100001335144	947200	6.30999994277954	5.84999990463257	5.94999980926514	6.1100001335144	1139200	6.07000017166138	5.80000019073486	5.98000001907349	5.90999984741211	3834000	5.92000007629395	5.6100001335144	5.69999980926514	5.75	1482800	6	5.51000022888184	5.61999988555908	5.84999990463257	840600	6.44600009918213	5.98000001907349	6.32999992370606	6.07000017166138	412300	6.11999988555908	5.92000007629395	6.11999988555908	6	669100	6.05999994277954	5.82000017166138	5.94999980926514	6.05000019073486	979900	6.15000009536743	5.75	5.96999979019165	6.07999992370606	973900	6.15999984741211	5.86999988555908	6	6.03000020980835	754400	6.08199977874756	5.76100015640259	6	5.8600001335144	1405400	6	5.76999998092651	5.86999988555908	5.94000005722046	1281500	5.98000001907349	5.67000007629395	5.71000003814697	5.78999996185303	1035900	5.94999980926514	5.57000017166138	5.71999979019165	5.90999984741211	1208000	6.34000015258789	5.73999977111816	5.82999992370606	6.28999996185303	687700	6.65000009536743	6.23999977111816	6.32000017166138	6.6399998664856	1332400	6.81699991226196	6.5	6.69000005722046	6.65000009536743	632200	6.75099992752075	6.42000007629395	6.65000009536743	6.48999977111816	475600	6.71500015258789	6.34999990463257	6.46000003814697	6.63000011444092	404900	6.80000019073486	6.53000020980835	6.55999994277954	6.6100001335144	373200	6.73999977111816	6.44999980926514	6.59000015258789	6.73999977111816	517200	7.09999990463257	6.59999990463257	6.82000017166138	6.65999984741211	447600	6.78999996185303	6.53999996185303	6.67000007629395	6.75	1799600	7.57000017166138	6.69199991226196	6.76999998092651	7.44999980926514	2700800	8.46000003814697	7.57999992370606	7.67000007629395	8.18000030517578																																			
2024-05-07	2024-05-06	CRVS	Corvus Pharmaceuticals, Inc.	Miller Richard A Md	Pres, CEO	P - Purchase	1.73	577634	2,067,753	+39%	+$1,000,000	999306.82	17:05:52	1	1050400	2.08999991416931	1.83000004291534	2.08999991416931	1.9099999666214	1018000	1.94000005722046	1.42999994754791	1.80999994277954	1.67999994754791	658500	2	1.83000004291534	1.87000000476837	1.96000003814697	677100	2.19000005722046	1.97000002861023	2.09999990463257	2.02999997138977	307200	2.17000007629395	1.9099999666214	2.04999995231628	2.07999992370605	319900	2.16000008583069	2.00999999046326	2.09999990463257	2.10999989509583	537100	2.3199999332428	2.06299996376038	2.11999988555908	2.25999999046326	239600	2.34999990463257	2.15000009536743	2.25	2.22000002861023	173800	2.26999998092651	2.15000009536743	2.25	2.19000005722046	252800	2.33999991416931	2.10999989509583	2.16000008583069	2.28999996185303	192800	2.34999990463257	2.17000007629395	2.29999995231628	2.27999997138977	122400	2.28999996185303	2.17000007629395	2.25999999046326	2.1800000667572	132400	2.24000000953674	2.09999990463257	2.1800000667572	2.14000010490417	266000	2.15499997138977	1.99000000953674	2.08999991416931	2.0699999332428	169000	2.10999989509583	2	2.08999991416931	2.05999994277954	458900	2.09999990463257	1.92999994754791	2.08999991416931	2.01999998092651	123200	2.15000009536743	1.97000002861023	1.98000001907349	2.09999990463257	131800	2.20000004768372	2.1010000705719	2.13000011444092	2.10999989509583	55300	2.19000005722046	2.08999991416931	2.11999988555908	2.16000008583069	155000	2.24000000953674	2.07999992370605	2.15000009536743	2.21000003814697	92000	2.24000000953674	2.14000010490417	2.22000002861023	2.16000008583069	85500	2.27999997138977	2.13000011444092	2.17000007629395	2.22000002861023	154500	2.22000002861023	2	2.22000002861023	2.09999990463257	165000	2.20000004768372	2.00999999046326	2.04999995231628	2.02999997138977	197300	2.15000009536743	1.99000000953674	2.01999998092651	2.09999990463257	147300	2.20000004768372	2.02999997138977	2.10999989509583	2.14000010490417	85200	2.1949999332428	2.04999995231628	2.17000007629395	2.0699999332428	149300	2.22000002861023	2	2.22000002861023	2.11999988555908	146700	2.20000004768372	1.98000001907349	2.09999990463257	2.03999996185303	573300	2.03999996185303	1.79999995231628	2.03999996185303	1.92999994754791	114400	1.99000000953674	1.87000000476837	1.88999998569489	1.87000000476837	95600	1.96000003814697	1.85000002384186	1.87999999523163	1.9099999666214	513800	1.95000004768372	1.77999997138977	1.91999995708466	1.77999997138977	118100	1.91999995708466	1.83000004291534	1.83000004291534	1.83000004291534	94900	1.89999997615814	1.77999997138977	1.8400000333786	1.77999997138977	50500	1.86000001430511	1.77999997138977	1.77999997138977	1.78999996185303	182700	2	1.85000002384186	2	1.87000000476837	239100	1.87999999523163	1.78999996185303	1.86000001430511	1.82000005245209	78900	1.88999998569489	1.78999996185303	1.80999994277954	1.85000002384186	131800	1.91999995708466	1.75	1.91999995708466	1.77999997138977	24100	1.8400000333786	1.76999998092651	1.79999995231628	1.77999997138977	85100	1.84899997711182	1.75	1.79999995231628	1.82000005245209																																			
2024-05-06	2024-05-06	MAC	Macerich Co	Hsieh Jackson	Pres, CEO	P - Purchase	14.26	140000	170,500	+459%	+$1,996,820	1996400	15:20:33	0	2402300	14.7299995422363	14.210000038147	14.5	14.6800003051758	3765900	15.4099998474121	14.6999998092651	14.789999961853	15.25	4300200	15.8500003814697	15.0600004196167	15.1099996566772	15.8400001525879	3458200	16.1399993896484	15.3800001144409	15.9700002670288	15.4899997711182	1509500	15.7399997711182	15.2200002670288	15.7399997711182	15.2799997329712	1416500	15.6899995803833	15.2799997329712	15.4499998092651	15.5100002288818	2781600	16.5200004577637	15.6499996185303	15.75	16.5	3223100	16.8899993896484	15.7799997329712	16.8500003814697	15.9300003051758	2181200	16.2199993133545	15.9799995422363	15.9799995422363	16.0699996948242	1792800	15.8699998855591	15.4200000762939	15.75	15.539999961853	1258600	15.6300001144409	15.1999998092651	15.5	15.2200002670288	1436100	15.7200002670288	15.1499996185303	15.2200002670288	15.6400003433228	1516300	15.6599998474121	15.1199998855591	15.5799999237061	15.1800003051758	2297000	15.3299999237061	14.8000001907349	15.2600002288818	14.8999996185303	1349200	15.1099996566772	14.8100004196167	15.0900001525879	14.960000038147	1509000	15.2200002670288	14.7200002670288	15.1099996566772	14.7299995422363	1674200	14.6400003433228	14.3500003814697	14.5500001907349	14.4799995422363	825500	14.8999996185303	14.5600004196167	14.6300001144409	14.8299999237061	1821600	15.1499996185303	14.8100004196167	14.8699998855591	15.1199998855591	1901500	15.5	15.1400003433228	15.3100004196167	15.2600002288818	1238700	15.3400001525879	15.0900001525879	15.1800003051758	15.1999998092651	2233700	15.5200004577637	15	15.3199996948242	15.4899997711182	907200	15.5299997329712	15.1499996185303	15.3400001525879	15.1700000762939	1178700	15.0699996948242	14.75	14.9300003051758	14.9200000762939	993700	14.8800001144409	14.6599998474121	14.6599998474121	14.7399997711182	1973200	14.789999961853	14.5200004577637	14.6199998855591	14.6199998855591	2060900	15.710000038147	14.7299995422363	15.3599996566772	14.8100004196167	947700	14.9899997711182	14.6499996185303	14.789999961853	14.8299999237061	1288700	14.75	14.4399995803833	14.6000003814697	14.4799995422363	1256400	14.539999961853	14.210000038147	14.3299999237061	14.4700002670288	1960500	14.9200000762939	14.4200000762939	14.4899997711182	14.8100004196167	2207100	15.0600004196167	14.710000038147	14.7299995422363	14.8800001144409	3803700	15.0100002288818	14.5200004577637	14.8699998855591	14.6700000762939	1282100	15.0600004196167	14.6000003814697	14.6700000762939	14.8800001144409	870500	14.8800001144409	14.4499998092651	14.8400001525879	14.6000003814697	1378700	14.8299999237061	14.4899997711182	14.4899997711182	14.8000001907349	1105100	15.1899995803833	14.7399997711182	14.8800001144409	15.1499996185303	3867200	15.5	15.1300001144409	15.289999961853	15.4399995803833	2192200	15.3699998855591	14.6199998855591	15.3299999237061	14.6499996185303	2345700	14.9700002670288	14.4399995803833	14.6899995803833	14.6099996566772	852400	15.0299997329712	14.6400003433228	14.7200002670288	14.9499998092651																																								
2024-05-03	2024-05-01	HTLD	Heartland Express Inc	Gerdin Michael J	CEO, 10%	P - Purchase	10.74	107605	31,638,740	0%	+$1,155,307	1155677.7	18:12:59	2	1279200	10.6300001144409	10.1499996185303	10.3299999237061	10.3999996185303	596500	10.8699998855591	10.4499998092651	10.5	10.5900001525879	482700	10.8900003433228	10.710000038147	10.75	10.7700004577637	465200	11.3599996566772	10.8699998855591	11.210000038147	10.8999996185303	497300	11	10.8599996566772	10.8599996566772	10.9399995803833	311800	11.2600002288818	10.8900003433228	10.9399995803833	11.1999998092651	314300	11.3900003433228	11.1300001144409	11.1700000762939	11.3599996566772	411300	11.4899997711182	11.2600002288818	11.4099998474121	11.4799995422363	479400	11.6800003051758	11.4399995803833	11.6000003814697	11.6000003814697	400200	11.8299999237061	11.3800001144409	11.7600002288818	11.4200000762939	432600	11.6800003051758	11.3299999237061	11.5600004196167	11.4300003051758	250500	11.6199998855591	11.4399995803833	11.4399995803833	11.5299997329712	331700	11.5500001907349	11.3500003814697	11.5299997329712	11.460000038147	350100	11.5100002288818	11.3500003814697	11.4200000762939	11.4099998474121	401500	11.4700002670288	11.3400001525879	11.3699998855591	11.3999996185303	415700	11.6800003051758	11.3699998855591	11.3999996185303	11.6099996566772	406900	11.6099996566772	11.2600002288818	11.6099996566772	11.3299999237061	295100	11.6199998855591	11.3199996948242	11.4099998474121	11.5200004577637	347900	11.6099996566772	11.3299999237061	11.6000003814697	11.3900003433228	318900	11.2700004577637	11	11.2200002670288	11.0200004577637	302000	11.3199996948242	11.0600004196167	11.0600004196167	11.1999998092651	487300	11.5200004577637	11.2700004577637	11.2700004577637	11.3199996948242	407600	11.5900001525879	11.2299995422363	11.4499998092651	11.5799999237061	321000	11.710000038147	11.3999996185303	11.5799999237061	11.4099998474121	303200	11.6300001144409	11.4499998092651	11.460000038147	11.5699996948242	226800	11.5299997329712	11.4099998474121	11.5100002288818	11.4899997711182	303700	11.5900001525879	11.3800001144409	11.3900003433228	11.4799995422363	391600	11.8100004196167	11.3400001525879	11.3500003814697	11.789999961853	323700	11.8100004196167	11.5900001525879	11.6700000762939	11.7600002288818	409300	12.0900001525879	11.6800003051758	12.0299997329712	11.7799997329712	268300	11.8199996948242	11.6099996566772	11.7399997711182	11.7399997711182	332800	11.7399997711182	11.4300003051758	11.6199998855591	11.6700000762939	248800	11.8199996948242	11.6199998855591	11.7600002288818	11.710000038147	310700	11.8199996948242	11.6099996566772	11.6800003051758	11.6999998092651	263400	11.789999961853	11.6000003814697	11.6599998474121	11.7700004577637	880100	12	11.7399997711182	11.789999961853	11.8599996566772	324500	12.0500001907349	11.8199996948242	11.8299999237061	11.8599996566772	278800	12.0600004196167	11.6999998092651	11.8100004196167	11.9700002670288	343100	12.289999961853	11.8800001144409	11.9099998474121	12.2799997329712	255800	12.3299999237061	11.9499998092651	12.3299999237061	12.0799999237061	1283100	12.4300003051758	12.1199998855591	12.1199998855591	12.3299999237061	438600	12.3000001907349	12.0200004577637	12.3000001907349	12.1400003433228																																			
2024-05-03	2024-05-02	LUMN	Lumen Technologies, Inc.	Johnson Kathleen E	Pres, CEO	P - Purchase	1.28	750000	9,218,818	+9%	+$959,850	960000	08:18:00	1	9221700	1.29999995231628	1.19000005722046	1.23000001907349	1.28999996185303	14134300	1.44000005722046	1.30999994277954	1.37999999523163	1.32000005245209	13415000	1.37000000476837	1.28999996185303	1.33000004291534	1.32000005245209	9963500	1.36000001430511	1.29999995231628	1.32000005245209	1.29999995231628	6890200	1.30999994277954	1.26999998092651	1.28999996185303	1.27999997138977	8411600	1.36000001430511	1.28999996185303	1.29999995231628	1.3400000333786	6812700	1.36000001430511	1.29999995231628	1.3400000333786	1.30999994277954	11383000	1.32000005245209	1.25	1.29999995231628	1.25	12695700	1.37000000476837	1.25999999046326	1.26999998092651	1.33000004291534	8246900	1.36000001430511	1.26999998092651	1.35000002384186	1.29999995231628	7090100	1.32000005245209	1.26999998092651	1.28999996185303	1.30999994277954	5174500	1.33000004291534	1.28999996185303	1.30999994277954	1.32000005245209	6075000	1.3400000333786	1.28999996185303	1.30999994277954	1.29999995231628	7522900	1.30999994277954	1.25	1.29999995231628	1.25999999046326	8451900	1.29999995231628	1.23000001907349	1.25999999046326	1.28999996185303	7567700	1.29999995231628	1.25999999046326	1.27999997138977	1.28999996185303	5705200	1.32000005245209	1.25999999046326	1.27999997138977	1.26999998092651	7843700	1.28999996185303	1.25	1.26999998092651	1.27999997138977	6977100	1.29999995231628	1.25	1.26999998092651	1.28999996185303	7267800	1.32000005245209	1.26999998092651	1.26999998092651	1.27999997138977	10732600	1.29999995231628	1.25999999046326	1.27999997138977	1.28999996185303	7083500	1.30999994277954	1.26999998092651	1.27999997138977	1.28999996185303	5730100	1.28999996185303	1.25	1.28999996185303	1.25999999046326	8147200	1.35000002384186	1.25	1.25999999046326	1.33000004291534	4127700	1.33000004291534	1.28999996185303	1.30999994277954	1.30999994277954	4157700	1.29999995231628	1.26999998092651	1.29999995231628	1.26999998092651	7329600	1.26999998092651	1.22000002861023	1.26999998092651	1.22000002861023	8192000	1.24000000953674	1.20000004768372	1.23000001907349	1.23000001907349	9504900	1.28999996185303	1.23000001907349	1.25	1.23000001907349	7346600	1.24000000953674	1.17999994754791	1.23000001907349	1.19000005722046	12092000	1.17999994754791	1.12000000476837	1.17999994754791	1.12999999523163	23526300	1.14999997615814	1.05999994277954	1.13999998569489	1.08000004291534	13235200	1.0900000333786	1.02999997138977	1.0900000333786	1.07000005245209	8135900	1.14999997615814	1.03999996185303	1.04999995231628	1.11000001430511	26019900	1.1599999666214	1.04999995231628	1.1599999666214	1.07000005245209	6596300	1.10000002384186	1.03999996185303	1.07000005245209	1.04999995231628	9289600	1.05999994277954	0.990000009536743	1.04999995231628	0.990000009536743	9976600	1.03999996185303	0.990000009536743	1.00999999046326	1	6923600	1.04999995231628	0.980000019073486	1.00999999046326	1.02999997138977	19231900	1.11000001430511	1.01999998092651	1.02999997138977	1.10000002384186	14582800	1.11000001430511	0.970000028610229	1.04999995231628	1.11000001430511																																								
2024-05-02	2024-05-01	HXL	Hexcel Corp /de/	Gentile Tom	CEO, Pres	P - Purchase	66.25	15000	15,000	New	+$993,763	993750	16:26:09	1	1642300	67.0500030517578	64.7399978637695	64.7399978637695	66.2900009155274	1560900	68.1600036621094	66.75	66.75	67.870002746582	1255800	69.2699966430664	68.0299987792969	69.2699966430664	68.1600036621094	1234800	70.5899963378906	68.620002746582	68.620002746582	70.4000015258789	1305000	71.4599990844727	69.9100036621094	69.9100036621094	71.1800003051758	1463300	73.2799987792969	71.7200012207031	72.4499969482422	72.6500015258789	1027800	73.4199981689453	72.3199996948242	72.5	73.2799987792969	1036300	73.5800018310547	71.9700012207031	73.5800018310547	72.0299987792969	735100	72.9499969482422	71.5100021362305	72.4300003051758	71.5299987792969	625200	72.8600006103516	72.0299987792969	72.1500015258789	72.7699966430664	438700	73.2399978637695	72.4199981689453	72.9800033569336	72.6699981689453	602200	72.8399963378906	72.2099990844727	72.6600036621094	72.4400024414063	469500	72.7799987792969	71.9400024414063	72.5100021362305	71.9700012207031	891100	72.2399978637695	71.0999984741211	72.2399978637695	71.379997253418	868800	71.5100021362305	70.2200012207031	71.2399978637695	70.4100036621094	681000	71.4000015258789	70.1600036621094	70.1699981689453	71.2900009155274	815000	71.7200012207031	68.6399993896484	71.7200012207031	68.9100036621094	610900	70.8899993896484	69.3499984741211	69.4400024414063	70.5299987792969	511000	70.6100006103516	69.2699966430664	70.6100006103516	69.7399978637695	509600	69.3499984741211	67.9800033569336	68.9499969482422	68.0299987792969	503900	69.4400024414063	68	68.2699966430664	69.0400009155274	860700	69.3499984741211	68.0899963378906	69.0800018310547	68.870002746582	779100	69.8399963378906	67.1600036621094	69.8399963378906	68.3600006103516	708300	68.3499984741211	66.75	68.120002746582	66.8399963378906	530300	68.1900024414063	66.7699966430664	67.0400009155274	67.879997253418	804800	67.8499984741211	66.1699981689453	67.5	66.5	576400	66.879997253418	65.879997253418	65.879997253418	66.5899963378906	736700	66.4300003051758	65.7399978637695	66.0400009155273	66.2099990844727	706800	66.0299987792969	64.620002746582	65.75	64.8499984741211	1124000	65.5100021362305	64.4800033569336	65.5100021362305	64.6399993896484	1811900	64.9599990844727	62.7799987792969	64.4100036621094	63.4300003051758	1422100	62.810001373291	61.6300010681152	62.810001373291	62.25	1176600	63.6500015258789	62	62	63.6300010681152	712200	63.9099998474121	63.1199989318848	63.4900016784668	63.2599983215332	871100	64.5699996948242	62.939998626709	63.0900001525879	64.4700012207031	1994200	65.5	64.3000030517578	65.2699966430664	65.0500030517578	1415700	66.0500030517578	63.2900009155274	65.129997253418	63.6500015258789	1035400	63.3899993896484	61.8400001525879	63.0099983215332	62.9300003051758	661100	62.7400016784668	62.0299987792969	62.3699989318848	62.5699996948242	838700	63.6699981689453	62.0800018310547	62.7000007629395	63.6199989318848	1517400	63.9500007629395	62.189998626709	63.5999984741211	62.4500007629395																																								
2024-05-02	2024-05-02	SWKS	Skyworks Solutions, Inc.	Griffin Liam	COB, CEO, Pres	P - Purchase	90	11142	153,431	+8%	+$1,002,780	1002780	16:03:26	0	4018700	92.2399978637695	89.0899963378906	91.0100021362305	89.7200012207031	3562800	93.4899978637695	90.9000015258789	92.1900024414063	92.5100021362305	2145000	92.9800033569336	91.5	92.7900009155274	91.7799987792969	1686100	93.4700012207031	92.0800018310547	92.4400024414063	92.5599975585938	1845400	93.3099975585938	91.5100021362305	91.75	93.2399978637695	2366900	93.2200012207031	92.0299987792969	92.8000030517578	92.25	1772700	92.75	91.2900009155273	92.4499969482422	92.1999969482422	1661700	94.0899963378906	92.3899993896484	92.3899993896484	93.9000015258789	1815800	95.7099990844727	94.2200012207031	94.7399978637695	94.4199981689453	2399400	95.25	93.370002746582	95.25	94.3899993896484	2197000	95.2399978637695	93.5999984741211	94.0100021362305	94.0899963378906	1572300	94.8000030517578	92.8099975585937	94.8000030517578	93.620002746582	1806100	94.620002746582	93.0199966430664	93.1600036621094	94.0500030517578	1631400	93.4400024414063	91.5500030517578	92.6800003051758	92.4499969482422	2314600	93.8399963378906	92.1800003051758	93.3600006103516	93.4300003051758	2289600	94.1100006103516	90.6100006103516	94.0899963378906	91.2099990844727	1705900	92.4800033569336	91.379997253418	92.1500015258789	92.1600036621094	2568200	93.129997253418	90.8199996948242	92.5100021362305	91.3499984741211	2417300	91	89.879997253418	90	90.0199966430664	1914900	91.620002746582	90	90.7200012207031	90.6800003051758	2445500	92.75	89.5299987792969	91	92.6600036621094	1756500	93.379997253418	90.370002746582	93.3099975585938	91.3899993896484	2115500	91.4499969482422	89.5800018310547	91.4100036621094	90.6800003051758	2075600	92.3499984741211	90.120002746582	91.5	92.2799987792969	1556700	92.3199996948242	90.7600021362305	91.7200012207031	91.7200012207031	1304100	91.8099975585938	90.4899978637695	91.5899963378906	90.8099975585938	2431200	94.3399963378906	90	90.0800018310547	93.5199966430664	3307500	96.4300003051758	91.7600021362305	93.0599975585938	96.2200012207031	6255100	103.849998474121	97.75	97.879997253418	102.639999389648	5540800	107	101.930000305176	102.889999389648	106.330001831055	3280300	105.889999389648	103.980003356934	105.269996643066	104.370002746582	2293100	106.860000610352	103.279998779297	104.309997558594	106.300003051758	2248800	107.080001831055	105.449996948242	106.160003662109	106.459999084473	2671900	107.589996337891	105.440002441406	107.379997253418	105.800003051758	5346200	106.669998168945	104.76000213623	105.300003051758	106.379997253418	2695200	107.059997558594	104.830001831055	105.470001220703	104.959999084473	2393700	108.110000610352	105.050003051758	105.519996643066	107.379997253418	2670300	107.519996643066	105.050003051758	106.470001220703	106.139999389648	2434800	106.690002441406	104.830001831055	106.190002441406	105.599998474121	2365000	107.5	105.949996948242	106.449996948242	106.580001831055																																													
2024-05-01	2024-04-30	HTZ	Hertz Global Holdings, Inc	West W Gilbert	CEO	P - Purchase	4.46	250000	2,160,369	+13%	+$1,114,100	1115000	16:05:15	1	10691600	4.67500019073486	4.40999984741211	4.67000007629395	4.55000019073486	9459800	4.625	4.40100002288818	4.51999998092651	4.46999979019165	15234000	5.13500022888184	4.81500005722046	4.86999988555908	5	8560900	5.1399998664856	4.80999994277954	5.07999992370606	4.84000015258789	9751600	5.22599983215332	4.86999988555908	4.92999982833862	5.15000009536743	6670600	5.30999994277954	4.94000005722046	5.15000009536743	4.96999979019165	4920600	4.97499990463257	4.80000019073486	4.8600001335144	4.84000015258789	4831900	4.98999977111816	4.80000019073486	4.82999992370606	4.90999984741211	5219700	4.94500017166138	4.80000019073486	4.94000005722046	4.8899998664856	13749500	5.63500022888184	4.90999984741211	4.94000005722046	5.46999979019165	20024500	6.60500001907349	5.83500003814697	5.90000009536743	6	10603800	6.11899995803833	5.34000015258789	6.05999994277954	5.48000001907349	6105400	5.75	5.3899998664856	5.48000001907349	5.51999998092651	5230600	5.66499996185303	5.42999982833862	5.46000003814697	5.53000020980835	6402300	5.55999994277954	5.17000007629395	5.5	5.26000022888184	5365400	5.21999979019165	5.05999994277954	5.19999980926514	5.07000017166138	5612400	5.15999984741211	4.93499994277954	5.01000022888184	4.96999979019165	4582000	4.96999979019165	4.7020001411438	4.96999979019165	4.78000020980835	5235000	4.88000011444092	4.67999982833862	4.76999998092651	4.78000020980835	5614200	4.88000011444092	4.57499980926514	4.84999990463257	4.65999984741211	4208000	4.6399998664856	4.46000003814697	4.57999992370606	4.48000001907349	5870300	4.6399998664856	4.42000007629395	4.48999977111816	4.6100001335144	11889500	4.76000022888184	4.21500015258789	4.67999982833862	4.3600001335144	13860100	4.375	3.95000004768372	4.30000019073486	4.13000011444092	6885700	4.1399998664856	3.92000007629395	4.09999990463257	3.94000005722046	6176000	4.01000022888184	3.88000011444092	3.99000000953674	3.97000002861023	15244200	4.00500011444092	3.47000002861023	3.99000000953674	3.78999996185303	6377100	3.90000009536743	3.60999989509583	3.70000004768372	3.73000001907349	6377700	3.76999998092651	3.58999991416931	3.76999998092651	3.65499997138977	8259000	3.60999989509583	3.42000007629395	3.59999990463257	3.45000004768372	7712400	3.76500010490418	3.5	3.53999996185303	3.55999994277954	6042600	3.55999994277954	3.35999989509583	3.53999996185303	3.40000009536743	6209300	3.38499999046326	3.21000003814697	3.36999988555908	3.25999999046326	7946000	3.30999994277954	3.125	3.26999998092651	3.27999997138977	8023500	3.40499997138977	3.07999992370605	3.26999998092651	3.08999991416931	25743000	3.76999998092651	2.90499997138977	3.15000009536743	3.50999999046326	48068500	4.13000011444092	3.5699999332428	3.60999989509583	4.07000017166138	13609700	4.30999994277954	3.76500010490418	4.11999988555908	3.89000010490418	5955400	3.83999991416931	3.61999988555908	3.83999991416931	3.6800000667572	6135000	3.64000010490418	3.46000003814697	3.64000010490418	3.48000001907349	6194300	3.51999998092651	3.35999989509583	3.47000002861023	3.50999999046326	21727600	3.59999990463257	3.4300000667572	3.52999997138977	3.52999997138977																																			
2024-05-01	2024-05-01	CLF	Cleveland-Cliffs Inc.	Goncalves Lourenco	COB, Pres, CEO	P - Purchase	16.76	60000	5,759,089	+1%	+$1,005,666	1005600	15:49:02	0	15883400	17.0799999237061	16.5	16.9799995422363	16.7000007629395	8434300	17.2900009155273	16.8600006103516	16.9699993133545	17.2800006866455	6880900	17.6599998474121	17.3099994659424	17.4400005340576	17.6000003814697	8779200	17.9500007629395	17.1299991607666	17.7800006866455	17.2000007629395	7594200	17.6399993896484	17.25	17.25	17.3099994659424	6269000	17.2399997711182	17.0599994659424	17.1200008392334	17.2399997711182	6166300	17.5699996948242	17.1900005340576	17.1900005340576	17.4500007629395	5123000	17.5699996948242	17.2600002288818	17.5	17.3199996948242	7049200	17.7999992370605	17.3500003814697	17.3500003814697	17.7000007629395	5958800	18.0400009155273	17.7199993133545	17.8899993896484	17.7999992370605	6018100	18.1000003814697	17.6399993896484	17.9899997711182	17.8799991607666	4477800	18.0300006866455	17.6499996185303	17.9099998474121	17.6700000762939	5140600	17.7199993133545	17.3799991607666	17.7000007629395	17.5100002288818	7277900	17.8600006103516	17.3899993896484	17.6900005340576	17.7099990844727	7299200	17.7700004577637	17.2299995422363	17.6499996185303	17.5100002288818	6925900	17.3899993896484	16.9599990844727	17.3400001525879	17.1499996185303	6615300	17.2999992370605	16.7299995422363	17.2099990844727	16.9200000762939	3774800	17.1599998474121	16.8600006103516	17.1599998474121	16.9099998474121	5607100	17.25	16.8199996948242	16.9699993133545	16.9400005340576	4816600	16.9899997711182	16.6399993896484	16.6900005340576	16.7700004577637	5394200	16.9799995422363	16.6700000762939	16.7700004577637	16.8299999237061	10145900	17.3400001525879	16.7600002288818	16.8500003814697	17.2800006866455	6342300	17.4099998474121	17.1499996185303	17.2700004577637	17.1599998474121	7479200	17	16.4899997711182	16.9699993133545	16.5	8518600	16.5400009155273	16.0900001525879	16.5300006866455	16.1200008392334	9086000	16.25	15.960000038147	15.9799995422363	16.0499992370605	9239300	15.9399995803833	15.5500001907349	15.8199996948242	15.8000001907349	6796700	15.8100004196167	15.5600004196167	15.6800003051758	15.6499996185303	18082000	15.2799997329712	14.7799997329712	15.1999998092651	15.1300001144409	9645000	15.3000001907349	14.8999996185303	15.2600002288818	15.0699996948242	10992800	15.0500001907349	14.6000003814697	15.039999961853	14.8599996566772	11475200	14.9799995422363	14.4700002670288	14.5900001525879	14.9099998474121	13076600	15	14.4200000762939	14.8199996948242	14.8400001525879	11250900	15.1800003051758	14.4899997711182	14.8999996185303	14.710000038147	9104200	14.9200000762939	14.6499996185303	14.7799997329712	14.6700000762939	27936100	14.8999996185303	14.4099998474121	14.6499996185303	14.8000001907349	9695800	15.0600004196167	14.6800003051758	14.8299999237061	14.7399997711182	9069300	14.6999998092651	14.289999961853	14.6999998092651	14.4499998092651	13564500	14.9700002670288	14.3199996948242	14.3199996948242	14.9300003051758	8637800	15.0699996948242	14.789999961853	14.8999996185303	15	17594500	15.7700004577637	15.2299995422363	15.2299995422363	15.3900003433228																																								
2024-04-30	2024-04-26	HTLD	Heartland Express Inc	Gerdin Michael J	CEO, 10%	P - Purchase	10.11	190696	31,531,135	+1%	+$1,928,490	1927936.56	21:32:38	4	483800	10.5699996948242	10.039999961853	10.0699996948242	10.3599996566772	1440200	10.4499998092651	9.84000015258789	10.2700004577637	9.96000003814697	1323500	10.0500001907349	9.63000011444092	9.94999980926514	9.9399995803833	1279200	10.6300001144409	10.1499996185303	10.3299999237061	10.3999996185303	596500	10.8699998855591	10.4499998092651	10.5	10.5900001525879	482700	10.8900003433228	10.710000038147	10.75	10.7700004577637	465200	11.3599996566772	10.8699998855591	11.210000038147	10.8999996185303	497300	11	10.8599996566772	10.8599996566772	10.9399995803833	311800	11.2600002288818	10.8900003433228	10.9399995803833	11.1999998092651	314300	11.3900003433228	11.1300001144409	11.1700000762939	11.3599996566772	411300	11.4899997711182	11.2600002288818	11.4099998474121	11.4799995422363	479400	11.6800003051758	11.4399995803833	11.6000003814697	11.6000003814697	400200	11.8299999237061	11.3800001144409	11.7600002288818	11.4200000762939	432600	11.6800003051758	11.3299999237061	11.5600004196167	11.4300003051758	250500	11.6199998855591	11.4399995803833	11.4399995803833	11.5299997329712	331700	11.5500001907349	11.3500003814697	11.5299997329712	11.460000038147	350100	11.5100002288818	11.3500003814697	11.4200000762939	11.4099998474121	401500	11.4700002670288	11.3400001525879	11.3699998855591	11.3999996185303	415700	11.6800003051758	11.3699998855591	11.3999996185303	11.6099996566772	406900	11.6099996566772	11.2600002288818	11.6099996566772	11.3299999237061	295100	11.6199998855591	11.3199996948242	11.4099998474121	11.5200004577637	347900	11.6099996566772	11.3299999237061	11.6000003814697	11.3900003433228	318900	11.2700004577637	11	11.2200002670288	11.0200004577637	302000	11.3199996948242	11.0600004196167	11.0600004196167	11.1999998092651	487300	11.5200004577637	11.2700004577637	11.2700004577637	11.3199996948242	407600	11.5900001525879	11.2299995422363	11.4499998092651	11.5799999237061	321000	11.710000038147	11.3999996185303	11.5799999237061	11.4099998474121	303200	11.6300001144409	11.4499998092651	11.460000038147	11.5699996948242	226800	11.5299997329712	11.4099998474121	11.5100002288818	11.4899997711182	303700	11.5900001525879	11.3800001144409	11.3900003433228	11.4799995422363	391600	11.8100004196167	11.3400001525879	11.3500003814697	11.789999961853	323700	11.8100004196167	11.5900001525879	11.6700000762939	11.7600002288818	409300	12.0900001525879	11.6800003051758	12.0299997329712	11.7799997329712	268300	11.8199996948242	11.6099996566772	11.7399997711182	11.7399997711182	332800	11.7399997711182	11.4300003051758	11.6199998855591	11.6700000762939	248800	11.8199996948242	11.6199998855591	11.7600002288818	11.710000038147	310700	11.8199996948242	11.6099996566772	11.6800003051758	11.6999998092651	263400	11.789999961853	11.6000003814697	11.6599998474121	11.7700004577637	880100	12	11.7399997711182	11.789999961853	11.8599996566772	324500	12.0500001907349	11.8199996948242	11.8299999237061	11.8599996566772	278800	12.0600004196167	11.6999998092651	11.8100004196167	11.9700002670288	343100	12.289999961853	11.8800001144409	11.9099998474121	12.2799997329712	255800	12.3299999237061	11.9499998092651	12.3299999237061	12.0799999237061	1283100	12.4300003051758	12.1199998855591	12.1199998855591	12.3299999237061																									
2024-04-29	2024-04-26	JBHT	Hunt J B Transport Services Inc	Roberts John N	CEO	P - Purchase	161.06	6200	328,574	+2%	+$998,550	998572	20:51:19	3	1241200	163.279998779297	160.479995727539	162.289993286133	162.009994506836	1034500	163.330001831055	160.839996337891	161.740005493164	162.160003662109	1200800	163.899993896484	160.679992675781	162.759994506836	162.570007324219	920400	166.440002441406	160.880004882813	161.470001220703	163.520004272461	846100	164.970001220703	161.919998168945	164.740005493164	164.570007324219	745200	167.649993896484	165.169998168945	166.309997558594	165.559997558594	596100	167.339996337891	165.520004272461	167.339996337891	166.550003051758	804200	169.479995727539	166.699996948242	167.350006103516	168.110000610352	429700	169.360000610352	167.300003051758	167.380004882813	167.75	944200	170.710006713867	167.389999389648	167.740005493164	170.009994506836	711900	171.25	169.619995117188	170.270004272461	170.589996337891	657600	172.300003051758	169.259994506836	170.970001220703	169.369995117188	666700	171	167.130004882813	170.149993896484	168.160003662109	635200	170.520004272461	166.919998168945	169.779998779297	167.589996337891	584200	171.080001831055	167.960006713867	167.990005493164	169.490005493164	966700	170.440002441406	164.440002441406	169.770004272461	164.800003051758	955000	165.119995117188	163.679992675781	164.649993896484	164.100006103516	1453300	163.520004272461	156.699996948242	163.339996337891	159.360000610352	869100	159.679992675781	157.460006713867	159.380004882813	157.979995727539	958500	158.559997558594	155.429992675781	158.5	157.880004882813	462000	159.25	157.139999389648	158.5	157.619995117188	602000	158.509994506836	156.070007324219	157.559997558594	158.389999389648	910100	157.320007324219	154.100006103516	156.050003051758	154.649993896484	649500	158.199996948242	154.710006713867	155.100006103516	156.949996948242	1179200	160.860000610352	157.550003051758	157.699996948242	160.75	808100	161.990005493164	157.589996337891	161.410003662109	160.660003662109	724800	163.460006713867	158.309997558594	161.75	158.509994506836	561400	159.289993286133	157.130004882813	158.979995727539	159.160003662109	406200	159.360000610352	158.029998779297	158.800003051758	159	564800	161.910003662109	157.429992675781	158.020004272461	159.960006713867	1133300	162.339996337891	158.449996948242	158.940002441406	162.009994506836	515200	161.699996948242	159.339996337891	161.020004272461	160.639999389648	554300	164.350006103516	159.880004882813	162.419998168945	160.970001220703	410300	160.889999389648	157.949996948242	160.679992675781	158.929992675781	753800	158.050003051758	153.119995117188	157.529998779297	157.259994506836	628000	158.559997558594	155.970001220703	156.539993286133	158.009994506836	1269900	159.860000610352	155.240005493164	158.160003662109	155.600006103516	983800	157.009994506836	154.440002441406	155.179992675781	155.369995117188	2059600	157.5	154.679992675781	155.369995117188	156.179992675781	1297900	160.779998779297	156.369995117188	156.5	157.970001220703	846900	157.929992675781	155.429992675781	157.110000610352	156.270004272461	516500	158.830001831055	155.490005493164	156.270004272461	157.130004882813	645000	157.559997558594	155.759994506836	156.770004272461	157.119995117188																														
2024-04-29	2024-04-26	HXL	Hexcel Corp /de/	Stanage Nick L	COB, CEO, Pres	P - Purchase	64.29	15000	392,446	+4%	+$964,350	964350	16:01:44	3	994900	64.8499984741211	63.7900009155274	64.0599975585938	64.1600036621094	1131300	65.4599990844727	64.1900024414063	64.3199996948242	65.4300003051758	1715800	67.3300018310547	63.9900016784668	66.8899993896484	64.2099990844727	1642300	67.0500030517578	64.7399978637695	64.7399978637695	66.2900009155274	1560900	68.1600036621094	66.75	66.75	67.870002746582	1255800	69.2699966430664	68.0299987792969	69.2699966430664	68.1600036621094	1234800	70.5899963378906	68.620002746582	68.620002746582	70.4000015258789	1305000	71.4599990844727	69.9100036621094	69.9100036621094	71.1800003051758	1463300	73.2799987792969	71.7200012207031	72.4499969482422	72.6500015258789	1027800	73.4199981689453	72.3199996948242	72.5	73.2799987792969	1036300	73.5800018310547	71.9700012207031	73.5800018310547	72.0299987792969	735100	72.9499969482422	71.5100021362305	72.4300003051758	71.5299987792969	625200	72.8600006103516	72.0299987792969	72.1500015258789	72.7699966430664	438700	73.2399978637695	72.4199981689453	72.9800033569336	72.6699981689453	602200	72.8399963378906	72.2099990844727	72.6600036621094	72.4400024414063	469500	72.7799987792969	71.9400024414063	72.5100021362305	71.9700012207031	891100	72.2399978637695	71.0999984741211	72.2399978637695	71.379997253418	868800	71.5100021362305	70.2200012207031	71.2399978637695	70.4100036621094	681000	71.4000015258789	70.1600036621094	70.1699981689453	71.2900009155274	815000	71.7200012207031	68.6399993896484	71.7200012207031	68.9100036621094	610900	70.8899993896484	69.3499984741211	69.4400024414063	70.5299987792969	511000	70.6100006103516	69.2699966430664	70.6100006103516	69.7399978637695	509600	69.3499984741211	67.9800033569336	68.9499969482422	68.0299987792969	503900	69.4400024414063	68	68.2699966430664	69.0400009155274	860700	69.3499984741211	68.0899963378906	69.0800018310547	68.870002746582	779100	69.8399963378906	67.1600036621094	69.8399963378906	68.3600006103516	708300	68.3499984741211	66.75	68.120002746582	66.8399963378906	530300	68.1900024414063	66.7699966430664	67.0400009155274	67.879997253418	804800	67.8499984741211	66.1699981689453	67.5	66.5	576400	66.879997253418	65.879997253418	65.879997253418	66.5899963378906	736700	66.4300003051758	65.7399978637695	66.0400009155273	66.2099990844727	706800	66.0299987792969	64.620002746582	65.75	64.8499984741211	1124000	65.5100021362305	64.4800033569336	65.5100021362305	64.6399993896484	1811900	64.9599990844727	62.7799987792969	64.4100036621094	63.4300003051758	1422100	62.810001373291	61.6300010681152	62.810001373291	62.25	1176600	63.6500015258789	62	62	63.6300010681152	712200	63.9099998474121	63.1199989318848	63.4900016784668	63.2599983215332	871100	64.5699996948242	62.939998626709	63.0900001525879	64.4700012207031	1994200	65.5	64.3000030517578	65.2699966430664	65.0500030517578	1415700	66.0500030517578	63.2900009155274	65.129997253418	63.6500015258789	1035400	63.3899993896484	61.8400001525879	63.0099983215332	62.9300003051758	661100	62.7400016784668	62.0299987792969	62.3699989318848	62.5699996948242	838700	63.6699981689453	62.0800018310547	62.7000007629395	63.6199989318848																														
2024-04-26	2024-04-25	MSCI	Msci Inc.	Fernandez Henry A	COB, CEO	P - Purchase	465.92	13000	2,103,546	+1%	+$6,056,955	6056960	09:19:56	1	1469600	474.320007324219	458.920013427734	466.880004882813	464.489990234375	1040900	479.329986572266	463.160003662109	465.230010986328	477.779998779297	982500	483	472.540008544922	480.480010986328	476.980010986328	932600	482.149993896484	464.820007324219	475.670013427734	465.790008544922	920100	480.480010986328	463.350006103516	465.540008544922	470.029998779297	767800	471.980010986328	458.690002441406	471.290008544922	467.700012207031	826500	474.899993896484	466.359985351563	473.260009765625	467.040008544922	1084800	480.260009765625	470.010009765625	471.950012207031	475.489990234375	852700	479.230010986328	471.339996337891	479.230010986328	471.399993896484	811400	474.869995117188	468.429992675781	470.279998779297	470.75	760100	484.5	472.380004882813	472.850006103516	482.5	544700	487.880004882813	482.279998779297	483.799987792969	485.160003662109	448400	493.140014648438	484	488.239990234375	485.570007324219	738900	494.350006103516	482.690002441406	490	488.109985351563	773500	493.850006103516	487	490	490.059997558594	931500	503.519989013672	488.070007324219	488.529998779297	497.510009765625	878500	505.660003662109	495.200012207031	500.880004882813	505.329986572266	569800	512.619995117188	502.540008544922	502.540008544922	512.260009765625	798400	515.469970703125	502.549987792969	511.290008544922	505.529998779297	655300	507.630004882813	499.070007324219	507.630004882813	503.829986572266	1178500	507.799987792969	489.820007324219	505.559997558594	490.399993896484	482900	495.600006103516	487.970001220703	492.850006103516	493	715000	496.260009765625	488.619995117188	493	495.700012207031	663500	493.350006103516	487	491.079986572266	489.739990234375	508900	491.350006103516	483.459991455078	489	489.519989013672	701600	495.619995117188	485.359985351563	487.890014648438	495.179992675781	789900	495.869995117188	483.980010986328	494.220001220703	490.5	438000	495.320007324219	488.910003662109	491.100006103516	493.190002441406	481400	501.5	486.869995117188	494.279998779297	498.309997558594	722100	502.869995117188	491.760009765625	498.079986572266	493.089996337891	394200	496.160003662109	490	491.899993896484	491.690002441406	473000	489.429992675781	482.910003662109	488.089996337891	484.010009765625	574200	486.690002441406	480.559997558594	482.790008544922	484.480010986328	494600	493.170013427734	486.859985351563	490.309997558594	487.940002441406	483000	488.079986572266	482.420013427734	486.220001220703	484.279998779297	534000	482.940002441406	476.540008544922	478.989990234375	480.529998779297	492000	487.609985351563	477.309997558594	479.160003662109	484.779998779297	732700	487.070007324219	475.320007324219	484.440002441406	476.519989013672	669900	484.989990234375	478.119995117188	478.880004882813	482.790008544922	702200	486.600006103516	480.359985351563	481.380004882813	486.320007324219	383100	492.75	483.660003662109	486.149993896484	489.160003662109																																								
2024-04-25	2024-04-22	INTZ	Intrusion Inc	Scott Anthony	CEO	P - Purchase	1.7	585748	638,281	>999%	+$995,772	995771.6	08:11:55	3	186600	1.64999997615814	1.51999998092651	1.5900000333786	1.60000002384186	158600	1.87000000476837	1.54999995231628	1.62999999523163	1.78999996185303	127900	1.87999999523163	1.73000001907349	1.80999994277954	1.78999996185303	524700	1.99000000953674	1.82000005245209	1.87000000476837	1.91999995708466	190500	2.04999995231628	1.92999994754791	2.02999997138977	1.98000001907349	148800	2	1.83000004291534	2	1.88999998569489	1010500	2.00999999046326	1.67999994754791	1.88999998569489	1.74000000953674	110600	1.78999996185303	1.66999995708466	1.77999997138977	1.71000003814697	211500	1.86000001430511	1.75999999046326	1.76999998092651	1.85000002384186	254900	1.87999999523163	1.51999998092651	1.85000002384186	1.62000000476837	221600	1.67999994754791	1.57000005245209	1.62000000476837	1.60000002384186	149800	1.66999995708466	1.54999995231628	1.64999997615814	1.55999994277954	158800	1.62000000476837	1.5	1.62000000476837	1.53999996185303	244100	1.58000004291534	1.5	1.54999995231628	1.51999998092651	82700	1.61000001430511	1.51999998092651	1.54999995231628	1.61000001430511	569800	1.96000003814697	1.54999995231628	1.66999995708466	1.83000004291534	1545700	2.82999992370605	1.85000002384186	1.94000005722046	2.57999992370605	628100	2.25	1.75999999046326	1.89999997615814	1.89999997615814	192500	2	1.74000000953674	2	1.75999999046326	164300	1.75999999046326	1.61000001430511	1.75999999046326	1.62999999523163	100500	1.72000002861023	1.54999995231628	1.70000004768372	1.62000000476837	79300	1.66999995708466	1.54999995231628	1.5900000333786	1.55999994277954	55200	1.64999997615814	1.58000004291534	1.58000004291534	1.62999999523163	48800	1.66999995708466	1.60000002384186	1.61000001430511	1.62999999523163	35200	1.66999995708466	1.60000002384186	1.66999995708466	1.62000000476837	84400	1.67999994754791	1.54999995231628	1.58000004291534	1.62000000476837	126800	1.62000000476837	1.50999999046326	1.5900000333786	1.52999997138977	45000	1.54999995231628	1.50999999046326	1.52999997138977	1.54999995231628	77700	1.55999994277954	1.48000001907349	1.53999996185303	1.50999999046326	59500	1.55999994277954	1.48000001907349	1.55999994277954	1.53999996185303	97800	1.52999997138977	1.37000000476837	1.52999997138977	1.44000005722046	64900	1.5	1.39999997615814	1.46000003814697	1.4099999666214	117600	1.5	1.39999997615814	1.45000004768372	1.4099999666214	134500	1.42999994754791	1.32000005245209	1.37999999523163	1.36000001430511	80700	1.36000001430511	1.25999999046326	1.36000001430511	1.29999995231628	51600	1.35000002384186	1.27999997138977	1.28999996185303	1.3400000333786	80000	1.41999995708466	1.36000001430511	1.37000000476837	1.38999998569489	31300	1.42999994754791	1.35000002384186	1.41999995708466	1.39999997615814	22100	1.38999998569489	1.33000004291534	1.38999998569489	1.33000004291534	61100	1.36000001430511	1.25999999046326	1.33000004291534	1.26999998092651	61000	1.29999995231628	1.21000003814697	1.28999996185303	1.22000002861023	123200	1.26999998092651	1.10000002384186	1.23000001907349	1.24000000953674	71500	1.24000000953674	1.20000004768372	1.23000001907349	1.20000004768372																														
2024-04-23	2024-04-22	BHVN	Biohaven Ltd.	Coric Vlad	CEO	P - Purchase	41	121951	3,146,085	+4%	+$4,999,991	4999991	07:54:02	1	1132300	39.7000007629395	38.189998626709	39.7000007629395	38.3300018310547	2087200	41.8800010681152	39.25	40.5400009155273	39.6100006103516	971900	40.6240005493164	38.3800010681152	40.189998626709	38.7200012207031	1850800	38.9500007629395	36.7700004577637	38.9500007629395	38.5400009155273	948400	39.2799987792969	37.75	38.6100006103516	38.9700012207031	1248900	40.1500015258789	38.5400009155273	39.2999992370606	39.8300018310547	1079500	40.2799987792969	38.2900009155273	39.7999992370606	38.7999992370606	1640700	41.6349983215332	38.4249992370606	38.5999984741211	40.1800003051758	797700	40.935001373291	39.2099990844727	40.1800003051758	39.9000015258789	789300	42.1049995422363	40.4500007629395	40.7200012207031	40.689998626709	501900	41.2900009155273	40.0999984741211	40.5499992370606	41.189998626709	610700	41.689998626709	40.3800010681152	41.25	41.4700012207031	760400	41.25	39.8300018310547	41	40.7799987792969	715000	42.189998626709	40.5400009155273	40.6699981689453	41.3600006103516	3507000	41.2000007629395	33.8699989318848	40.1199989318848	35.689998626709	2012400	35.689998626709	33.5999984741211	35.4599990844727	33.7799987792969	1308000	38.0099983215332	34.7999992370606	35.1699981689453	37.2400016784668	1019000	40.2000007629395	36.8699989318848	38.810001373291	37.0800018310547	595600	38.689998626709	35.25	36.2099990844727	38.4500007629395	807800	39.0349998474121	36.939998626709	38.6100006103516	37.3699989318848	872700	40.1349983215332	37.2099990844727	37.2599983215332	39.3199996948242	1059500	40.8600006103516	38.4700012207031	39.0299987792969	38.7200012207031	861200	39.3759994506836	37.810001373291	38.6800003051758	37.9900016784668	804400	38.7400016784668	36.1699981689453	38.2999992370605	36.5099983215332	1406600	38.8400001525879	36.0200004577637	36.5999984741211	36.7200012207031	2027600	39.8400001525879	35.8400001525879	37.2999992370606	37.939998626709	7951600	33.75	26.7999992370606	28	33.1699981689453	1999400	36.2089996337891	33.2150001525879	33.4900016784668	35.2299995422363	1399400	37.1500015258789	34.5999984741211	36.2599983215332	35.0999984741211	1232600	36.4199981689453	34.3300018310547	35.6800003051758	34.5900001525879	746500	34.75	33.3300018310547	34.6599998474121	33.3899993896484	857800	35.1500015258789	32.6800003051758	33.6500015258789	34.810001373291	507900	35	33.2799987792969	34.5299987792969	33.6100006103516	483900	34.9900016784668	33.0999984741211	33.4099998474121	33.6399993896484	968600	35.0999984741211	33.060001373291	33.2099990844727	35.060001373291	683100	34.9049987792969	33.9300003051758	34.75	34.2099990844727	1116000	35.8860015869141	33.7099990844727	35.1199989318848	33.75	621900	34.2299995422363	33.2200012207031	33.6399993896484	33.4099998474121	1243800	33.9000015258789	32.6199989318848	32.8600006103516	33.8300018310547	921800	33.8499984741211	32.935001373291	33.5200004577637	32.9900016784668	830300	34.2400016784668	32.7599983215332	33.2200012207031	32.7700004577637	1201600	34.6399993896484	33.2050018310547	33.8800010681152	33.439998626709	2991500	34.3800010681152	32.8499984741211	33.25	33.560001373291																														
2024-04-22	2024-04-22	CTRI	Centuri Holdings, Inc.	Fehrman William	CEO	P - Purchase	21	25000	25,000	New	+$525,000	525000	16:50:40	0	852300	25.170000076294	23.8150005340576	24.0599994659424	24.2999992370606	709900	25.1000003814697	24.2999992370606	24.5	24.6100006103516	2006100	25.6000003814697	24.0020008087158	24.3799991607666	25.0100002288818	876200	24.9400005340576	24.25	24.5	24.6700000762939	290800	25.2199993133545	24.4699993133545	24.4699993133545	25.0599994659424	385800	26.0699996948242	24.4899997711182	24.6700000762939	25.0100002288818	542200	25.25	24.4599990844727	24.5900001525879	24.75	358700	25.7900009155273	24.4799995422363	24.4799995422363	25.3400001525879	874500	25.5799999237061	24.2600002288818	25.5799999237061	24.2800006866455	397100	24.6700000762939	23.8099994659424	24.2900009155273	24	259900	25	23.3400001525879	23.7999992370606	24.9300003051758	267600	25.2900009155273	24.5799999237061	24.5799999237061	25	341900	25.3999996185303	24.4300003051758	24.7800006866455	24.9599990844727	224700	25.5499992370606	24.6900005340576	24.6900005340576	25.2000007629395	190700	25.5599994659424	24.7840003967285	24.9899997711182	25.3899993896484	393900	25.4699993133545	24.0349998474121	25.0400009155273	24.7299995422363	443800	25.3540000915527	24.2999992370606	24.6499996185303	24.7900009155273	610300	25.3299999237061	24.8299999237061	25.0599994659424	25.1100006103516	508600	26.4500007629395	24.8999996185303	24.8999996185303	25.9400005340576	681100	26.7800006866455	25.8400001525879	26.0300006866455	26.7700004577637	283000	27.9099998474121	26.6200008392334	26.7299995422363	27.25	440500	27.1900005340576	26.7099990844727	27.1599998474121	27.1900005340576	445600	27.2800006866455	26.0900001525879	26.8700008392334	26.3099994659424	457000	26.2399997711182	25	26.0200004577637	25.2800006866455	486700	26.6399993896484	25.2469997406006	25.3400001525879	26.3999996185303	305000	27.0499992370605	26.0400009155273	26.5300006866455	26.5499992370606	458300	27.1100006103516	26.2900009155273	26.2900009155273	26.5699996948242	318200	27.3999996185303	26.3199996948242	26.5699996948242	27.0300006866455	201400	27.6200008392334	26.9099998474121	27.1399993896484	27.4500007629395	244600	28.0300006866455	27.3050003051758	27.8099994659424	27.4599990844727	324100	27.25	26.1299991607666	27.0799999237061	26.1499996185303	111900	26.3999996185303	25.8799991607666	26.3400001525879	26.170000076294	108600	26.4599990844727	25.6700000762939	26.170000076294	25.9899997711182	125500	26.3700008392334	25.7630004882813	25.9300003051758	25.9200000762939	174300	27.5049991607666	25.5149993896484	25.6800003051758	25.9699993133545	144500	26.4799995422363	25.6399993896484	25.7000007629395	26.2399997711182	191100	28.6450004577637	25.8799991607666	26.7000007629395	26.0499992370606	129100	26.4599990844727	25.8799991607666	26.3700008392334	26.3799991607666	253500	26.5599994659424	25.7800006866455	26.2700004577637	25.8899993896484	269200	26.1900005340576	25.6900005340576	25.6900005340576	26.0699996948242	320100	26.6599998474121	26	26.2099990844727	26.3500003814697	279100	26.8430004119873	25.7700004577637	26.4899997711182	26.0499992370606																																			
2024-04-18	2024-04-16	ULS	Ul Solutions Inc.	Scanlon Jennifer F.	Pres, CEO	P - Purchase	28	89285	89,285	New	+$2,499,980	2499980	16:30:26	2	1600200	35.4700012207031	34	34.6699981689453	34.8300018310547	1187500	35.5	33.810001373291	35.0200004577637	33.9900016784668	3849300	34.2200012207031	33.5499992370606	33.7999992370606	33.5800018310547	1086000	34.1500015258789	33.5699996948242	33.7799987792969	33.8499984741211	346200	34.2400016784668	33.6100006103516	34.2400016784668	33.6100006103516	337600	34.2000007629395	33.6300010681152	33.9000015258789	33.6500015258789	771000	34.0499992370606	33.5499992370606	33.7200012207031	33.9500007629395	385000	33.9799995422363	33.7000007629395	33.7000007629395	33.8899993896484	459400	34.1100006103516	33.5	33.5299987792969	34.0200004577637	547500	35.4000015258789	34.0299987792969	34.2799987792969	34.9199981689453	464300	35.9300003051758	34.564998626709	34.7000007629395	35.0999984741211	590300	35.4099998474121	34.3499984741211	35.1599998474121	34.8499984741211	260300	35.4199981689453	34.7099990844727	35.0400009155273	35.1500015258789	225500	35.6199989318848	35.1500015258789	35.2099990844727	35.4000015258789	296000	36.0699996948242	35.3300018310547	35.4000015258789	36.0699996948242	657500	36.9199981689453	34.9000015258789	36.3199996948242	35.810001373291	259600	36.2999992370606	35.6300010681152	36.2999992370606	35.7599983215332	179400	36.7099990844727	35.5999984741211	35.7400016784668	36.560001373291	306600	37.0200004577637	36.5	36.7799987792969	36.6800003051758	239200	37.0950012207031	36.5099983215332	36.9099998474121	36.6100006103516	200500	37.1199989318848	36.5099983215332	36.9000015258789	36.7000007629395	435000	37.7999992370606	36.5200004577637	37.189998626709	37.1699981689453	426900	37.4799995422363	36.7900009155273	36.9599990844727	36.9900016784668	584700	37.4300003051758	36.8600006103516	36.8600006103516	37.2000007629395	1048000	38.4599990844727	36.8699989318848	37.3199996948242	38	1437100	40.0499992370605	38.0800018310547	38.0900001525879	40.0499992370605	492500	41.2200012207031	39.75	40.0900001525879	40.6199989318848	1330000	42.2099990844727	40.5449981689453	40.9500007629395	42.060001373291	888500	43.8499984741211	41.8300018310547	42.3699989318848	41.9900016784668	991700	42.0999984741211	39.0999984741211	41.9900016784668	39.9300003051758	596000	39.8499984741211	38.5099983215332	39.5099983215332	38.6399993896484	429200	40.2000007629395	38.6199989318848	39.1500015258789	39.8400001525879	280700	40.2299995422363	38.3699989318848	40	38.5699996948242	231500	38.7099990844727	37.9700012207031	38.5299987792969	38.189998626709	463200	39.9049987792969	37.9700012207031	38.1800003051758	39.189998626709	273500	39.4199981689453	38.3400001525879	39.1599998474121	38.9099998474121	357200	39.9099998474121	38.8199996948242	38.8199996948242	39.7700004577637	178400	39.689998626709	38.560001373291	39.4700012207031	38.8699989318848	357400	40.1100006103516	38.4949989318848	38.8699989318848	39.2299995422363	291400	39.8950004577637	38.8400001525879	38.9599990844727	39.0200004577637	529300	41.1549987792969	39.5	39.5	41.0200004577637	415400	41.8899993896484	40.7799987792969	40.7799987792969	41.5200004577637	484400	42.5250015258789	41.189998626709	41.3800010681152	41.4000015258789																														
2024-04-17	2024-04-15	BRT	Brt Apartments Corp.	Gould Jeffrey	Pres, CEO	P - Purchase	16.94	36912	4,291,394	+1%	+$625,469	625289.28	16:20:13	2	71200	17.6299991607666	16.9599990844727	17.5799999237061	17	38400	17.25	16.75	17	16.8199996948242	44500	16.9500007629395	16.4599990844727	16.8400001525879	16.5200004577637	57300	16.7900009155273	16.4500007629395	16.7399997711182	16.6200008392334	45900	17.3799991607666	16.6299991607666	16.6299991607666	17.3700008392334	41700	17.8099994659424	17.2000007629395	17.3299999237061	17.75	38000	18.1399993896484	17.8600006103516	18	17.9400005340576	23700	17.8700008392334	17.5499992370605	17.8099994659424	17.6399993896484	24200	17.4699993133545	17.2999992370605	17.4699993133545	17.4099998474121	18100	17.6900005340576	17.4400005340576	17.6900005340576	17.5300006866455	48100	18.0699996948242	17.7000007629395	17.7199993133545	18.0699996948242	29700	18.1900005340576	17.8899993896484	18.0400009155273	17.9400005340576	30800	18.3799991607666	17.9099998474121	18.0599994659424	18.3199996948242	26600	18.5499992370605	18.2399997711182	18.5200004577637	18.5200004577637	25300	18.7399997711182	18.3400001525879	18.6900005340576	18.4799995422363	35500	18.75	18.4500007629395	18.5100002288818	18.6399993896484	17400	18.7800006866455	18.5900001525879	18.5900001525879	18.6700000762939	17100	18.7900009155273	18.3999996185303	18.5900001525879	18.4899997711182	23000	18.5900001525879	18.0200004577637	18.5900001525879	18.2700004577637	31200	18.4200000762939	17.9300003051758	18.4200000762939	18.0699996948242	20800	18.2000007629395	17.5799999237061	18.1200008392334	17.6000003814697	26800	17.9200000762939	17.3899993896484	17.6800003051758	17.7800006866455	24700	18.1200008392334	17.9099998474121	17.9599990844727	17.9400005340576	34400	17.9500007629395	17.5499992370605	17.9500007629395	17.8400001525879	20100	17.9899997711182	17.6200008392334	17.9899997711182	17.6399993896484	12200	17.7099990844727	17.3400001525879	17.6000003814697	17.3899993896484	18700	17.6499996185303	17.3299999237061	17.4300003051758	17.5699996948242	18200	17.6900005340576	17.2600002288818	17.4799995422363	17.3899993896484	32600	17.3899993896484	17.0499992370605	17.3899993896484	17.1200008392334	18900	17.2900009155273	17.0699996948242	17.2299995422363	17.2600002288818	27000	17.3199996948242	17.0499992370605	17.3199996948242	17.0499992370605	22400	17.3700008392334	16.8999996185303	17.0499992370605	17.0300006866455	18800	17.2999992370605	17.0699996948242	17.1200008392334	17.2600002288818	15000	17.5900001525879	17.2700004577637	17.2700004577637	17.5	17000	17.6100006103516	17.3600006103516	17.6100006103516	17.4799995422363	12300	17.5200004577637	17.2999992370605	17.3199996948242	17.3700008392334	15200	17.8700008392334	17.3999996185303	17.3999996185303	17.7600002288818	14700	17.7700004577637	17.4799995422363	17.6200008392334	17.6299991607666	16400	17.8700008392334	17.4799995422363	17.4799995422363	17.7900009155273	20600	17.9699993133545	17.4699993133545	17.6700000762939	17.9099998474121	42800	17.9400005340576	17.1700000762939	17.7999992370605	17.2999992370605	20500	17.8099994659424	17.4500007629395	17.8099994659424	17.5599994659424	14300	17.5200004577637	17.2999992370605	17.5	17.4200000762939	17000	17.3199996948242	17.1599998474121	17.2700004577637	17.3099994659424																									
2024-04-11	2024-04-09	TKO	Tko Group Holdings, Inc.	Emanuel Ariel	CEO, 10%	P - Purchase	89.01	1642970	1,655,501	>999%	+$146,240,760	146240759.7	19:00:08	2	1559100	97.5800018310547	95.6399993896484	96.3000030517578	97.5	838900	97.6399993896484	95.6800003051758	97.370002746582	97.5500030517578	584400	98.4800033569336	96.2699966430664	98.4800033569336	97.6600036621094	1509200	99.4000015258789	96.75	99.3000030517578	98	1100900	98.5599975585938	96.3899993896484	98.5599975585938	97.5999984741211	808100	97.7200012207031	95.7799987792969	97.1399993896484	97.4300003051758	657000	98.8399963378906	96.25	97.7799987792969	96.3199996948242	760600	97.2799987792969	95.2200012207031	97.129997253418	95.7900009155273	789700	95.9300003051758	94.5599975585938	95.5800018310547	95.5199966430664	1156000	96.0199966430664	94.5699996948242	95.75	95.5	527600	96.4800033569336	95.2099990844727	95.379997253418	95.6600036621094	498200	96.8000030517578	94.5	95.7399978637695	95.8899993896484	591100	96.7200012207031	94.3199996948242	94.9000015258789	96.1999969482422	423100	96.9899978637695	95.120002746582	96.6600036621094	96.7600021362305	607000	97.2300033569336	95.6999969482422	96.7600021362305	96.4899978637695	683500	96.2200012207031	94.629997253418	95.75	94.6699981689453	836000	96.6399993896484	94.7200012207031	94.7600021362305	95.7099990844727	611700	96.6699981689453	95.1999969482422	96.3399963378906	95.3300018310547	1323700	98.9899978637695	95.7300033569336	95.7300033569336	98.3199996948242	1110000	100.269996643066	98	98.5299987792969	98.5100021362305	1055000	99.0899963378906	98	98.5	98.8000030517578	1313500	99.4899978637695	97.5	98.3499984741211	98.2699966430664	1043700	100.900001525879	97.370002746582	100	98.1999969482422	1213100	101.400001525879	98.5199966430664	98.7200012207031	100	699700	101.059997558594	98.9899978637695	100.120002746582	99.3899993896484	1026900	102.48999786377	99.4400024414062	99.6900024414063	102.23999786377	1067400	105.459999084473	102.76000213623	104.51000213623	105.080001831055	687300	105.699996948242	104.099998474121	105.440002441406	104.699996948242	519200	105.980003356934	104.519996643066	105.25	105.349998474121	986700	107.800003051758	104.839996337891	105.190002441406	107.599998474121	952500	108.720001220703	106.849998474121	106.930000305176	107.529998779297	908400	108.699996948242	106.309997558594	107.819999694824	106.970001220703	539200	107.190002441406	104.949996948242	106.870002746582	105.73999786377	559400	108.580001831055	106.089996337891	106.160003662109	107.48999786377	1073300	108.849998474121	106.809997558594	107.5	108.610000610352	641300	110.51000213623	107.699996948242	108.209999084473	108.830001831055	1108000	111.069999694824	107.25	108.809997558594	107.769996643066	774500	109.98999786377	107.430000305176	107.879997253418	109.069999694824	729400	110.98999786377	107.5	110.98999786377	108.180000305176	652200	108.569999694824	106.610000610352	108.019996643066	107.580001831055	831200	108.459999084473	107.150001525879	107.589996337891	107.279998779297	689300	109.529998779297	107.51000213623	107.51000213623	108.300003051758	503400	108.650001525879	107.309997558594	107.589996337891	107.769996643066																														
2024-04-09	2024-04-08	FLGC	Flora Growth Corp.	Starke Clifford	CEO	P - Purchase	1.9	526315	1,340,056	+65%	+$999,999	999998.5	14:17:36	1	15431	101.01000213623	86.5800018310547	90.4800033569336	88.5299987792969	23144	93.9899978637695	82.6800003051758	87.3600006103516	84.629997253418	14921	93.9899978637695	83.0699996948242	85.8000030517578	88.1399993896484	9321	92.4300003051758	83.7720031738281	90.4800033569336	86.1900024414063	15915	86.7750015258789	76.4400024414063	84.2399978637695	77.2200012207031	18623	78.7799987792969	65.5199966430664	76.8300018310547	70.5899963378906	6962	71.370002746582	64.0380020141602	68.25	70.9800033569336	4579	72.1500015258789	66.7679977416992	70.1999969482422	69.8099975585938	17833	74.0999984741211	65.5199966430664	69.0299987792969	65.5199966430664	7087	67.4700012207031	57.3300018310547	66.3000030517578	60.8400001525879	4585	66.6900024414063	61.2299995422363	62.4000015258789	63.9599990844727	7356	69.693000793457	63.9599990844727	64.3499984741211	67.8600006103516	4967	66.6900024414063	58.5	66.6900024414063	60.4500007629395	7115	60.7620010375977	56.5499992370606	60.4500007629395	60.060001373291	9908	62.7900009155274	51.8699989318848	59.2799987792969	53.0400009155274	13274	53.0400009155274	42.314998626709	52.6500015258789	49.9199981689453	58836	69.4199981689453	46.4099998474121	49.1399993896484	65.9100036621094	18885	67.8600006103516	58.5	65.9100036621094	66.6900024414063	7236	69.4199981689453	61.6199989318848	65.9100036621094	63.9599990844727	8297	67.8600006103516	60.060001373291	65.9100036621094	65.9100036621094	3692	65.9100036621094	61.2299995422363	65.9100036621094	61.6199989318848	5692	59.6699981689453	55.3800010681152	58.8899993896484	58.5	1454	60.060001373291	55.9259986877441	56.939998626709	59.2799987792969	2959	60.4500007629395	55.3800010681152	60.4500007629395	56.939998626709	2477	58.5	53.0400009155274	56.939998626709	53.4300003051758	5695	57.3300018310547	52.2599983215332	53.8199996948242	52.6500015258789	7913	54.2099990844727	49.5299987792969	51.0900001525879	49.9199981689453	8454	54.2099990844727	47.9700012207031	48.75	51.8699989318848	20346	61.2299995422363	47.9700012207031	51.4799995422363	50.7000007629395	8926	56.3160018920899	49.9199981689453	53.8199996948242	51.0900001525879	4792	53.4300003051758	46.7999992370606	53.4300003051758	47.9700012207031	3933	50.310001373291	46.0200004577637	50.310001373291	46.7999992370606	2246	51.0900001525879	46.4099998474121	46.7999992370606	48.75	3808	48.3600006103516	44.8499984741211	47.9700012207031	46.7610015869141	2795	50.7000007629395	46.7999992370606	47.9700012207031	50.7000007629395	2436	53.4300003051758	49.5299987792969	52.2599983215332	52.6500015258789	2262	52.6500015258789	47.9700012207031	52.6500015258789	48.75	1210	49.9199981689453	48.3600006103516	48.75	48.3600006103516	4033	49.8419990539551	44.8499984741211	48.3600006103516	44.8499984741211	3059	47.9700012207031	43.2900009155274	47.9700012207031	46.7999992370606	2533	46.4099998474121	44.0699996948242	46.0200004577637	45.2400016784668	5382	48.3600006103516	42.9000015258789	46.7999992370606	44.0699996948242	1521	46.7999992370606	44.0699996948242	45.2400016784668	46.4099998474121	2362	46.7999992370606	42.9000015258789	45.2400016784668	43.6800003051758																									
