Filing.Date	Trade.Date	Ticker	Company Name	Insider.Name	Title	Trade.Type	Price	Qty	Owned	ΔOwn	Value	totalValue	Filing.Time	DaysToFile	0d_volume	0d_high	0d_low	0d_open	0d_close	1d_volume	1d_high	1d_low	1d_open	1d_close	2d_volume	2d_high	2d_low	2d_open	2d_close	3d_volume	3d_high	3d_low	3d_open	3d_close	4d_volume	4d_high	4d_low	4d_open	4d_close	5d_volume	5d_high	5d_low	5d_open	5d_close	6d_volume	6d_high	6d_low	6d_open	6d_close	7d_volume	7d_high	7d_low	7d_open	7d_close	8d_volume	8d_high	8d_low	8d_open	8d_close	9d_volume	9d_high	9d_low	9d_open	9d_close	10d_volume	10d_high	10d_low	10d_open	10d_close	11d_volume	11d_high	11d_low	11d_open	11d_close	12d_volume	12d_high	12d_low	12d_open	12d_close	13d_volume	13d_high	13d_low	13d_open	13d_close	14d_volume	14d_high	14d_low	14d_open	14d_close	15d_volume	15d_high	15d_low	15d_open	15d_close	16d_volume	16d_high	16d_low	16d_open	16d_close	17d_volume	17d_high	17d_low	17d_open	17d_close	18d_volume	18d_high	18d_low	18d_open	18d_close	19d_volume	19d_high	19d_low	19d_open	19d_close	20d_volume	20d_high	20d_low	20d_open	20d_close	21d_volume	21d_high	21d_low	21d_open	21d_close	22d_volume	22d_high	22d_low	22d_open	22d_close	23d_volume	23d_high	23d_low	23d_open	23d_close	24d_volume	24d_high	24d_low	24d_open	24d_close	25d_volume	25d_high	25d_low	25d_open	25d_close	26d_volume	26d_high	26d_low	26d_open	26d_close	27d_volume	27d_high	27d_low	27d_open	27d_close	28d_volume	28d_high	28d_low	28d_open	28d_close	29d_volume	29d_high	29d_low	29d_open	29d_close	30d_volume	30d_high	30d_low	30d_open	30d_close	31d_volume	31d_high	31d_low	31d_open	31d_close	32d_volume	32d_high	32d_low	32d_open	32d_close	33d_volume	33d_high	33d_low	33d_open	33d_close	34d_volume	34d_high	34d_low	34d_open	34d_close	35d_volume	35d_high	35d_low	35d_open	35d_close	36d_volume	36d_high	36d_low	36d_open	36d_close	37d_volume	37d_high	37d_low	37d_open	37d_close	38d_volume	38d_high	38d_low	38d_open	38d_close	39d_volume	39d_high	39d_low	39d_open	39d_close	40d_volume	40d_high	40d_low	40d_open	40d_close	41d_volume	41d_high	41d_low	41d_open	41d_close	42d_volume	42d_high	42d_low	42d_open	42d_close	43d_volume	43d_high	43d_low	43d_open	43d_close	44d_volume	44d_high	44d_low	44d_open	44d_close	45d_volume	45d_high	45d_low	45d_open	45d_close	46d_volume	46d_high	46d_low	46d_open	46d_close	47d_volume	47d_high	47d_low	47d_open	47d_close	48d_volume	48d_high	48d_low	48d_open	48d_close
2024-12-26	2024-12-26	PGNY	Progyny, Inc.	Schlanger David J	Exec COB	P - Purchase	14.68	150000	228,269	+192%	+$2,202,330	2202000	17:35:03	0	1964500	14.8100004196167	14.3179998397827	14.4099998474121	14.710000038147	4317900	17.2700004577637	15.710000038147	15.8100004196167	16.8999996185303	2357200	16.9500007629395	16.2000007629395	16.6299991607666	16.9300003051758	1439000	17.3199996948242	16.9400005340576	17.1000003814697	17.25	2041500	18.3999996185303	17.2800006866455	17.5200004577637	17.7299995422363	2131300	18.2600002288818	17.5300006866455	17.75	17.6000003814697	1857400	18.1200008392334	17.2000007629395	17.7999992370605	17.4300003051758	1440700	17.6599998474121	17.1299991607666	17.4300003051758	17.4799995422363	1528100	18.3299999237061	17.007999420166	17.1599998474121	18.25	1957200	18.8700008392334	17.7900009155273	17.8899993896484	18.7600002288818	3122700	20.5	18.8099994659424	19.5	20.2999992370605	2682700	20.7299995422363	20	20.4699993133545	20.0400009155273	1473300	20.7700004577637	20.0499992370606	20.2800006866455	20.75	2474100	20.7800006866455	19.9400005340576	20.7299995422363	20.6200008392334	2916400	21.0699996948242	20.3700008392334	20.7099990844727	21	2238400	21.6599998474121	21.0900001525879	21.1700000762939	21.4799995422363	1925600	21.6049995422363	20.9099998474121	21.3099994659424	21.1499996185303	1867100	22.1399993896484	21.0900001525879	21.1399993896484	22.0200004577637	1762900	22.5499992370606	21.625	21.9099998474121	22.0900001525879	2265000	22.9699993133545	22.1100006103516	22.3899993896484	22.9500007629395	1876700	23.6700000762939	22.7999992370606	22.9300003051758	23.5900001525879	1728200	23.7099990844727	23.1499996185303	23.3899993896484	23.25	1848100	23.6900005340576	23.2299995422363	23.3299999237061	23.5400009155273	1591300	23.6900005340576	22.9300003051758	23.6000003814697	23.1700000762939	1153300	23.6100006103516	22.7199993133545	22.8600006103516	23.6000003814697	1092600	23.8099994659424	23.1800003051758	23.5900001525879	23.4500007629395	1680800	23.1800003051758	22.1900005340576	23.1800003051758	22.7199993133545	2013700	22.8500003814697	21.6000003814697	22.8199996948242	21.8299999237061	1557300	22.2999992370605	21.5599994659424	21.8099994659424	21.9200000762939	1808500	22.5	21.7700004577637	22.0300006866455	22.3500003814697	1489200	22.8299999237061	22.3099994659424	22.7399997711182	22.3899993896484	1236200	22.4899997711182	21.9099998474121	22.3600006103516	22.0200004577637	1158400	22.2900009155273	21.8700008392334	22.0799999237061	21.9500007629395	952800	22.5499992370606	21.9200000762939	22.0599994659424	22.3600006103516	1531900	22.9799995422363	22.2099990844727	22.3600006103516	22.7900009155273	2221400	24.0900001525879	23.0049991607666	23.1299991607666	23.6900005340576	1317000	23.9699993133545	22.8500003814697	23.5699996948242	23.8799991607666	1243000	24.2919998168945	23.1399993896484	23.9699993133545	23.2000007629395																																																							
2024-12-20	2024-12-18	PFX	Phenixfin Corp	Lorber David A	COB, CEO, 10%	P - Purchase	48.05	12871	223,805	+6%	+$618,422	618451.55	15:37:38	2	16100	48.9500007629395	47.6100006103516	48.5	48.689998626709	2000	49.4000015258789	48.9000015258789	48.9000015258789	49.4000015258789	2200	49.75	49.25	49.4360008239746	49.7000007629395	2400	51.5	49.6800003051758	49.6800003051758	50.7999992370606	2400	51	50.7900009155274	50.7900009155274	51	0	51	51	51	51	1100	50.3320007324219	50.3320007324219	50.3320007324219	50.3320007324219	1300	50.7970008850098	48.8790016174317	50.7970008850098	49.3460006713867	2300	50.6419982910156	49	49	50.6419982910156	400	50.0800018310547	50.0800018310547	50.0800018310547	50.0800018310547	300	49	49	49	49	0	49	49	49	49	700	49.7540016174316	49.7540016174316	49.7540016174316	49.7540016174316	2800	49.6640014648438	49.0200004577637	49.0200004577637	49.5	2900	49.6129989624023	49	49.4900016784668	49.2490005493164	2500	49	48.4900016784668	48.4900016784668	49	1200	49.5	48.9900016784668	49	49.3499984741211	2500	49	48.75	48.8499984741211	48.75	0	48.75	48.75	48.75	48.75	1400	49.8699989318848	48.9500007629395	48.9500007629395	49.8699989318848	4600	49.798999786377	49	49.5	49.7799987792969	2800	49.25	48.1549987792969	49.1300010681152	49.0719985961914	900	49.4000015258789	49.25	49.4000015258789	49.25	900	48.9900016784668	48.4300003051758	48.4300003051758	48.939998626709	3700	48.9980010986328	48	48	48.7999992370606	1000	49.25	48.6800003051758	48.6800003051758	49.25	800	49.7000007629395	48.2099990844727	49.25	49.7000007629395	900	49.9990005493164	49.25	49.6199989318848	49.5	200	49.25	49.25	49.25	49.25	2200	49.25	48.7080001831055	49.25	48.7080001831055	1500	49.3499984741211	49.234001159668	49.3499984741211	49.3300018310547	1900	48.5	48.3300018310547	48.5	48.3300018310547	1900	47.9900016784668	47.9900016784668	47.9900016784668	47.9900016784668	3400	49.25	47.9900016784668	47.9900016784668	49	0	49	49	49	49	5800	49.3499984741211	48.0400009155274	48.0800018310547	48.3699989318848	3100	49.3199996948242	49.1399993896484	49.25	49.1399993896484	2400	49.8899993896484	49.0509986877441	49.25	49.0509986877441	3000	49.25	47	47	49.25																																																		
2024-12-19	2024-12-17	BH	Biglari Holdings Inc.	Biglari, Sardar	COB, CEO, 10%	P - Purchase	458.21	3271	1,548,116	0%	+$1,498,817	1498804.91	20:09:31	2	16800	265.730010986328	232.100006103516	235	256.690002441406	9700	262.450012207031	235.899993896484	256.040008544922	236.410003662109	45300	254.990005493164	232.339996337891	236.869995117188	243.699996948242	100600	253.130004882813	234.009994506836	238.919998168945	250.679992675781	27200	258.989990234375	248	250.339996337891	253.589996337891	11300	266.929992675781	255.199996948242	255.369995117188	264.549987792969	8300	271.350006103516	260.459991455078	262.589996337891	262.920013427734	10700	266.989990234375	252.619995117188	259.140014648438	257.200012207031	8900	262.980010986328	249.589996337891	249.699996948242	256	24300	262.690002441406	251.869995117188	255.759994506836	254.289993286133	11100	257.079986572266	244.979995727539	254.289993286133	249.960006713867	32500	269	244.699996948242	247.600006103516	257.760009765625	7200	260	248.050003051758	257.679992675781	248.169998168945	19100	248.199996948242	229.740005493164	245.520004272461	236.399993896484	8100	234	227.229995727539	233.070007324219	228.110000610352	10500	228.929992675781	214.179992675781	224.339996337891	218.160003662109	5900	221.080001831055	215.479995727539	217.309997558594	218.320007324219	6900	223	216.800003051758	222.029998779297	219.179992675781	4100	223.100006103516	217.220001220703	223	218.970001220703	2800	219.360000610352	213.100006103516	219.360000610352	214.389999389648	5700	219.970001220703	215.5	216.149993896484	218.339996337891	3400	223.690002441406	215.320007324219	221.220001220703	220.919998168945	3400	224.75	219.429992675781	221.339996337891	221.570007324219	5500	222.529998779297	218.869995117188	218.869995117188	222.050003051758	4700	225.910003662109	220.380004882812	220.380004882812	225.240005493164	4500	234.350006103516	223.419998168945	223.419998168945	228.089996337891	3200	232.179992675781	226.279998779297	226.279998779297	229.729995727539	5300	232.869995117188	226.929992675781	227.259994506836	231.699996948242	3500	236.5	230.729995727539	230.729995727539	233.860000610352	3600	235.899993896484	228.929992675781	235.470001220703	232.009994506836	1800	232.220001220703	225	227.559997558594	228.789993286133	2700	237.050003051758	230.220001220703	230.839996337891	234.75	3900	239.509994506836	232.360000610352	236	235.330001831055	1500	237.5	231.029998779297	233.809997558594	233.330001831055	3700	235.610000610352	230.179992675781	232.339996337891	231.210006713867	2400	239.75	234	234.360000610352	236.690002441406	2200	244.320007324219	236.240005493164	236.240005493164	240.050003051758	2600	241.130004882813	235.910003662109	240.759994506836	237.559997558594	2200	245	235.639999389648	239.720001220703	242.880004882813	2000	246.020004272461	241.070007324219	245	241.830001831055																																													
2024-12-18	2024-12-16	SUNS	Sunrise Realty Trust, Inc.	Tannenbaum Leonard M	Exec COB, 10%	P - Purchase	13.41	102613	1,894,042	+6%	+$1,376,422	1376040.33	17:34:15	2	97900	13.7799997329712	12.8100004196167	13.1499996185303	13.75	83200	13.7600002288818	13.2250003814697	13.6599998474121	13.4300003051758	127300	13.6899995803833	12.8999996185303	13.3400001525879	13.2299995422363	122200	13.6700000762939	12.75	13.3199996948242	13.1499996185303	252500	13.6700000762939	12.8000001907349	13.0699996948242	13.5900001525879	97000	13.5699996948242	13.1000003814697	13.5699996948242	13.3500003814697	21100	14.2799997329712	13.4300003051758	13.4300003051758	14.2799997329712	26100	14.3999996185303	13.8000001907349	14.1999998092651	14.3000001907349	51100	14.8699998855591	14.210000038147	14.210000038147	14.6800003051758	39400	14.6750001907349	14.3050003051758	14.5100002288818	14.539999961853	19500	14.289999961853	13.8000001907349	14.25	14.0799999237061	25300	14.460000038147	13.8999996185303	14.1999998092651	14.2200002670288	40900	14.6000003814697	14.1300001144409	14.1499996185303	14.4899997711182	35100	14.7200002670288	14.0600004196167	14.5200004577637	14.0600004196167	44900	14.3699998855591	13.5799999237061	14.1000003814697	13.960000038147	123200	14.2340002059937	13.1099996566772	13.6579999923706	13.2799997329712	49200	13.8400001525879	13.2299995422363	13.4099998474121	13.6400003433228	25100	13.8699998855591	13.414999961853	13.6300001144409	13.6099996566772	28700	14.0200004577637	13.5600004196167	13.6000003814697	13.5600004196167	18000	14.3199996948242	13.5150003433228	13.8400001525879	14.0699996948242	26500	14.289999961853	13.5100002288818	14.0900001525879	13.6099996566772	31900	14.2200002670288	13.5380001068115	13.6700000762939	14.1400003433228	130300	14.2299995422363	12.710000038147	13.9899997711182	12.8500003814697	205500	12.9250001907349	10.5699996948242	12.8199996948242	10.9700002670288	423900	11.8800001144409	10.4270000457764	11.0100002288818	11.3199996948242	127900	12.3000001907349	11.7700004577637	11.960000038147	12.1700000762939	47400	12.4300003051758	11.8500003814697	12.25	12.0500001907349	1216700	11.8699998855591	11.4399995803833	11.5	11.8699998855591	346800	11.8999996185303	11.6499996185303	11.8500003814697	11.8599996566772	270300	12.0790004730225	11.75	12	12	287900	12.1000003814697	11.6599998474121	12.1000003814697	12	126900	12.039999961853	11.6700000762939	11.7399997711182	11.6999998092651	106100	11.9799995422363	11.5699996948242	11.7299995422363	11.8699998855591	266500	12.039999961853	11.6999998092651	11.8500003814697	11.8100004196167	135300	11.8500003814697	11.6300001144409	11.8500003814697	11.8100004196167	139300	11.9200000762939	11.5200004577637	11.8500003814697	11.6300001144409	76800	11.8800001144409	11.585000038147	11.710000038147	11.6099996566772	96400	11.8500003814697	11.5	11.7399997711182	11.5799999237061	88100	11.576000213623	11.3500003814697	11.5500001907349	11.4700002670288	98200	11.8800001144409	11.5500001907349	11.7399997711182	11.6000003814697	83300	11.8299999237061	11.4799995422363	11.6700000762939	11.4899997711182																																								
2024-12-16	2024-12-12	BH	Biglari Holdings Inc.	Biglari, Sardar	COB, CEO, 10%	P - Purchase	494.45	1478	1,544,845	0%	+$730,796	730797.1	21:30:05	4	6100	239.679992675781	230.669998168945	234.490005493164	236.100006103516	3200	239.660003662109	230.820007324219	238.710006713867	230.830001831055	6600	244.270004272461	220.75	231.009994506836	236.240005493164	16800	265.730010986328	232.100006103516	235	256.690002441406	9700	262.450012207031	235.899993896484	256.040008544922	236.410003662109	45300	254.990005493164	232.339996337891	236.869995117188	243.699996948242	100600	253.130004882813	234.009994506836	238.919998168945	250.679992675781	27200	258.989990234375	248	250.339996337891	253.589996337891	11300	266.929992675781	255.199996948242	255.369995117188	264.549987792969	8300	271.350006103516	260.459991455078	262.589996337891	262.920013427734	10700	266.989990234375	252.619995117188	259.140014648438	257.200012207031	8900	262.980010986328	249.589996337891	249.699996948242	256	24300	262.690002441406	251.869995117188	255.759994506836	254.289993286133	11100	257.079986572266	244.979995727539	254.289993286133	249.960006713867	32500	269	244.699996948242	247.600006103516	257.760009765625	7200	260	248.050003051758	257.679992675781	248.169998168945	19100	248.199996948242	229.740005493164	245.520004272461	236.399993896484	8100	234	227.229995727539	233.070007324219	228.110000610352	10500	228.929992675781	214.179992675781	224.339996337891	218.160003662109	5900	221.080001831055	215.479995727539	217.309997558594	218.320007324219	6900	223	216.800003051758	222.029998779297	219.179992675781	4100	223.100006103516	217.220001220703	223	218.970001220703	2800	219.360000610352	213.100006103516	219.360000610352	214.389999389648	5700	219.970001220703	215.5	216.149993896484	218.339996337891	3400	223.690002441406	215.320007324219	221.220001220703	220.919998168945	3400	224.75	219.429992675781	221.339996337891	221.570007324219	5500	222.529998779297	218.869995117188	218.869995117188	222.050003051758	4700	225.910003662109	220.380004882812	220.380004882812	225.240005493164	4500	234.350006103516	223.419998168945	223.419998168945	228.089996337891	3200	232.179992675781	226.279998779297	226.279998779297	229.729995727539	5300	232.869995117188	226.929992675781	227.259994506836	231.699996948242	3500	236.5	230.729995727539	230.729995727539	233.860000610352	3600	235.899993896484	228.929992675781	235.470001220703	232.009994506836	1800	232.220001220703	225	227.559997558594	228.789993286133	2700	237.050003051758	230.220001220703	230.839996337891	234.75	3900	239.509994506836	232.360000610352	236	235.330001831055	1500	237.5	231.029998779297	233.809997558594	233.330001831055	3700	235.610000610352	230.179992675781	232.339996337891	231.210006713867	2400	239.75	234	234.360000610352	236.690002441406	2200	244.320007324219	236.240005493164	236.240005493164	240.050003051758	2600	241.130004882813	235.910003662109	240.759994506836	237.559997558594	2200	245	235.639999389648	239.720001220703	242.880004882813																																			
2024-12-16	2024-12-12	DOW	Dow Inc.	Fitterling James R	Chair, CEO	P - Purchase	41.49	25600	370,209	+7%	+$1,062,155	1062144	16:19:06	4	5738700	41.7400016784668	41.2299995422363	41.3699989318848	41.2799987792969	7580000	41.25	40.435001373291	41.25	40.8600006103516	8419800	40.689998626709	40.0400009155273	40.3499984741211	40.1100006103516	9702700	40.9459991455078	40.25	40.2999992370606	40.5699996948242	11720500	41.3600006103516	40.1100006103516	40.8499984741211	40.1500015258789	9553500	40.5800018310547	39.0900001525879	40.060001373291	39.0999984741211	17715600	40.2849998474121	38.8499984741211	38.9900016784668	39.939998626709	6718700	40.2599983215332	39.6829986572266	39.9900016784668	39.9700012207031	3784100	40.1800003051758	39.4300003051758	39.9099998474121	40.0900001525879	5274200	40.3650016784668	39.8499984741211	39.9900016784668	40.2200012207031	4855000	40.6949996948242	39.9000015258789	40.1199989318848	40.0299987792969	7954900	39.9199981689453	39.2299995422363	39.9000015258789	39.439998626709	6867200	40.2750015258789	39.4300003051758	39.5400009155273	40.1300010681152	7130500	40.5999984741211	39.5	40.3300018310547	39.5499992370605	6839900	39.814998626709	39.2000007629395	39.6500015258789	39.4000015258789	6899400	40.1399993896484	39.5499992370605	39.7999992370606	39.75	7248700	39.9449996948242	39.1549987792969	39.5	39.4099998474121	6196900	39.1100006103516	38.3300018310547	39.0499992370606	38.9199981689453	7833500	38.8349990844727	38.4500007629395	38.7200012207031	38.5	8230600	39.689998626709	38.5499992370606	38.5499992370606	39.6699981689453	4516000	40.1100006103516	39.6599998474121	39.9199981689453	40.0800018310547	5446400	40.7700004577637	40.1399993896484	40.4799995422363	40.4000015258789	5812300	41.0499992370606	40.0999984741211	40.3300018310547	40.8699989318848	6194800	41.3800010681152	40.9850006103516	41.1100006103516	41.0400009155273	5583600	41.7599983215332	41.1500015258789	41.3199996948242	41.5800018310547	5607300	41.4650001525879	40.810001373291	41.4000015258789	40.8199996948242	5442400	41.5299987792969	40.9000015258789	40.9500007629395	41.4700012207031	5111600	41.9199981689453	41.310001373291	41.7200012207031	41.3699989318848	6182700	41.9700012207031	41.2750015258789	41.7400016784668	41.9199981689453	6009600	42.173999786377	41.2799987792969	42.0099983215332	41.4199981689453	6765200	41.4749984741211	40.8349990844727	41.2299995422363	41.0499992370606	18933200	39.4799995422363	37.4900016784668	39.3199996948242	38.5499992370606	12725800	39.2799987792969	38.4099998474121	38.8250007629395	39.0499992370606	14986900	38.2999992370605	36.6599998474121	38.2000007629395	37.3800010681152	10017100	38.9199981689453	37.5400009155273	37.5800018310547	38.5499992370606	6757400	38.4500007629395	37.7200012207031	38.2200012207031	37.9500007629395	7610300	38.8899993896484	38.189998626709	38.2200012207031	38.7700004577637	5966200	39.0250015258789	38.3349990844727	38.9000015258789	38.5800018310547	5911100	39	38.1500015258789	38.9000015258789	38.5699996948242	5446500	38.8300018310547	38.435001373291	38.6500015258789	38.6300010681152	5607400	38.560001373291	38.0530014038086	38.3800010681152	38.2599983215332	6619000	38.6650009155273	38.0499992370606	38.3699989318848	38.3400001525879																																			
2024-12-13	2024-12-11	UHG	United Homes Group, Inc.	Nieri Michael P.	Exec COB, 10%	P - Purchase	5	9e+05	1,521,328	+145%	+$4,500,000	4500000	17:55:46	2	74900	4.48000001907349	4.05000019073486	4.44000005722046	4.40999984741211	59600	4.6100001335144	4.38000011444092	4.44999980926514	4.42000007629395	82200	4.6399998664856	4.26999998092651	4.57000017166138	4.46000003814697	117300	4.76000022888184	4.46999979019165	4.67000007629395	4.59999990463257	66600	4.72800016403198	4.31500005722046	4.61999988555908	4.42000007629395	49300	4.46999979019165	4.01000022888184	4.46999979019165	4.05000019073486	27300	4.2350001335144	4.05600023269653	4.09999990463257	4.15999984741211	83100	4.34999990463257	4.1100001335144	4.1100001335144	4.17999982833862	74300	4.3899998664856	4.13000011444092	4.19000005722046	4.23000001907349	15400	4.51000022888184	4.25	4.30000019073486	4.32000017166138	94500	4.57000017166138	4.30000019073486	4.32000017166138	4.46999979019165	22900	4.42999982833862	4.1100001335144	4.42999982833862	4.32999992370605	25800	4.40000009536743	4.19999980926514	4.19999980926514	4.34000015258789	35800	4.40000009536743	4.10500001907349	4.38000011444092	4.23000001907349	25100	4.28000020980835	4.09999990463257	4.28000020980835	4.125	24800	4.14499998092651	4.07000017166138	4.1399998664856	4.07999992370605	33300	4.30000019073486	4.09999990463257	4.09999990463257	4.17999982833862	38800	4.34999990463257	4.05000019073486	4.26000022888184	4.07999992370605	55900	4.08199977874756	3.76999998092651	4.05999994277954	3.84999990463257	165500	4.25	3.79999995231628	3.91000008583069	4.13000011444092	29800	4.19000005722046	4	4.15000009536743	4.11999988555908	11600	4.23999977111816	4.07999992370605	4.17000007629395	4.07999992370605	116600	4.5	4.23000001907349	4.25899982452393	4.46000003814697	138000	4.61999988555908	4.32499980926514	4.3899998664856	4.48999977111816	135300	4.66099977493286	4.42600011825562	4.51000022888184	4.5	126000	4.65000009536743	4.3600001335144	4.59999990463257	4.5	29200	4.59999990463257	4.36999988555908	4.44000005722046	4.42000007629395	73700	4.59999990463257	4.40000009536743	4.40000009536743	4.5	258200	4.51000022888184	4.36999988555908	4.4850001335144	4.38000011444092	41500	4.45499992370605	4.19999980926514	4.3600001335144	4.28999996185303	28000	4.30999994277954	4.1100001335144	4.30999994277954	4.21999979019165	73000	4.44999980926514	4.15500020980835	4.25	4.38000011444092	93000	4.57999992370606	4.28000020980835	4.42999982833862	4.46000003814697	49400	4.80999994277954	4.1100001335144	4.80999994277954	4.15000009536743	45000	4.2350001335144	4.01000022888184	4.15000009536743	4.09999990463257	35300	4.19000005722046	4	4.01000022888184	4.15999984741211	33900	4.17999982833862	4.01000022888184	4.17999982833862	4.03000020980835	30100	4.25899982452393	4.05000019073486	4.05000019073486	4.19000005722046	42900	4.40000009536743	4.09999990463257	4.25	4.09999990463257	37500	4.40999984741211	4.05000019073486	4.19000005722046	4.26999998092651																																													
2024-12-11	2024-12-11	OPK	Opko Health, Inc.	Frost Phillip Md Et Al	CEO, COB, 10%	P - Purchase	1.56	5e+05	246,107,605	0%	+$781,050	780000	17:21:28	0	3025200	1.62000000476837	1.52999997138977	1.54999995231628	1.5900000333786	6925300	1.75999999046326	1.60000002384186	1.62000000476837	1.61000001430511	3051900	1.64999997615814	1.58000004291534	1.62999999523163	1.5900000333786	8201100	1.61000001430511	1.53999996185303	1.5900000333786	1.60000002384186	5517500	1.62999999523163	1.55999994277954	1.60000002384186	1.61000001430511	3147000	1.64999997615814	1.54999995231628	1.61000001430511	1.55999994277954	4119200	1.60000002384186	1.53999996185303	1.57000005245209	1.57000005245209	4494800	1.57000005245209	1.52999997138977	1.57000005245209	1.53999996185303	2957400	1.53999996185303	1.5	1.53999996185303	1.50999999046326	1407300	1.52999997138977	1.49000000953674	1.5	1.50999999046326	1287900	1.53999996185303	1.5	1.5	1.51999998092651	2219200	1.52999997138977	1.47000002861023	1.51999998092651	1.48000001907349	2755800	1.48000001907349	1.42999994754791	1.48000001907349	1.47000002861023	2964800	1.5	1.45000004768372	1.47000002861023	1.47000002861023	2049900	1.52999997138977	1.44000005722046	1.48000001907349	1.45000004768372	2083500	1.48000001907349	1.44000005722046	1.45000004768372	1.48000001907349	5485700	1.49000000953674	1.45000004768372	1.48000001907349	1.45000004768372	2548200	1.51999998092651	1.46000003814697	1.46000003814697	1.50999999046326	1898600	1.50999999046326	1.45000004768372	1.49000000953674	1.48000001907349	2556000	1.5	1.42999994754791	1.46000003814697	1.47000002861023	4989500	1.54999995231628	1.45000004768372	1.45000004768372	1.52999997138977	3411500	1.53999996185303	1.44000005722046	1.52999997138977	1.48000001907349	2679900	1.51999998092651	1.46000003814697	1.51999998092651	1.47000002861023	1502700	1.5	1.46000003814697	1.49000000953674	1.47000002861023	2573800	1.49000000953674	1.45000004768372	1.48000001907349	1.47000002861023	2252400	1.50999999046326	1.47000002861023	1.48000001907349	1.5	1795000	1.49000000953674	1.47000002861023	1.48000001907349	1.47000002861023	1852900	1.5	1.46000003814697	1.46000003814697	1.49000000953674	1341100	1.5	1.47000002861023	1.48000001907349	1.48000001907349	2016300	1.49000000953674	1.47000002861023	1.48000001907349	1.47000002861023	2072400	1.51999998092651	1.46000003814697	1.49000000953674	1.5	1809000	1.51999998092651	1.48000001907349	1.5	1.5	1779400	1.53999996185303	1.5	1.51999998092651	1.50999999046326	3805300	1.53999996185303	1.49000000953674	1.50999999046326	1.51999998092651	8058300	1.51999998092651	1.47000002861023	1.5	1.5	5834600	1.5900000333786	1.50999999046326	1.52999997138977	1.55999994277954	4024500	1.62000000476837	1.55999994277954	1.58000004291534	1.61000001430511	3291800	1.6599999666214	1.60000002384186	1.62999999523163	1.62000000476837	1729400	1.63999998569489	1.5900000333786	1.62000000476837	1.61000001430511																																																		
2024-12-09	2024-12-06	SCVL	Shoe Carnival Inc	Weaver Wayne J	COB, 10%	P - Purchase	33.91	285500	9,173,373	+3%	+$9,681,305	9681305	16:12:12	3	397100	34.0099983215332	32.8199996948242	33	33.9099998474121	328300	34.8899993896484	33.9000015258789	34.0499992370606	34.189998626709	537300	36.4900016784668	34.6699981689453	36	35.689998626709	567700	36.2099990844727	35.310001373291	35.7200012207031	35.6399993896484	361000	36.7299995422363	34.3499984741211	36.7299995422363	34.3600006103516	469300	34.5299987792969	33.4599990844727	34.1699981689453	34.2700004577637	330900	35.5200004577637	34.310001373291	34.6699981689453	35.0900001525879	554500	36.6500015258789	34.9900016784668	34.9900016784668	36.2200012207031	522600	36.939998626709	34.0699996948242	36.7000007629395	34.2299995422363	455200	35.4900016784668	33.7900009155273	34.8199996948242	34	1829300	35.0699996948242	33.3400001525879	33.3400001525879	34.6500015258789	346000	35.4099998474121	34.1800003051758	34.7799987792969	34.3499984741211	158500	35.1599998474121	34.0099983215332	34.4799995422363	34.8899993896484	376600	36.4099998474121	34.6599998474121	34.7999992370606	36.3800010681152	325400	36.5	35.0800018310547	36.060001373291	35.6699981689453	414400	35.4099998474121	34.0200004577637	35.4099998474121	34.3199996948242	346800	35.2799987792969	33.0299987792969	34.5699996948242	33.0800018310547	409200	34.2599983215332	32.0099983215332	33.3499984741211	32.310001373291	328900	32.8800010681152	31.7099990844727	32.6300010681152	31.8299999237061	459300	32.6599998474121	30.8799991607666	32.0200004577637	30.9200000762939	425700	31.7900009155273	30.6200008392334	31.7900009155273	30.8799991607666	495100	31.3700008392334	29.9099998474121	30.9500007629395	30.6499996185303	317400	30.7600002288818	29.920000076294	30.0599994659424	30.3500003814697	369200	30.7999992370605	29.2399997711182	29.8500003814697	30.6900005340576	368400	30.9300003051758	29.6700000762939	30.9099998474121	30.2800006866455	431900	31.3600006103516	30.3299999237061	30.9799995422363	30.6200008392334	468500	30.7399997711182	29.5100002288818	30.7399997711182	30.0799999237061	283300	30.6100006103516	29.8799991607666	30.6100006103516	29.9500007629395	422400	30.9200000762939	29.6599998474121	30.3799991607666	30.5900001525879	350200	30.5200004577637	29.75	30.25	29.7700004577637	350500	30.4300003051758	29.0699996948242	29.6700000762939	29.920000076294	245400	30.1800003051758	29.1700000762939	29.8500003814697	29.25	629500	29.7600002288818	27.4899997711182	29.1299991607666	27.9799995422363	608700	28.2099990844727	27.1599998474121	27.7000007629395	27.5100002288818	411300	27.7299995422363	26.8400001525879	27.4599990844727	26.8799991607666	423600	27.8099994659424	26.7999992370606	27.1499996185303	27.75	450100	27.9099998474121	26.6700000762939	27.6200008392334	27.0599994659424	352100	26.6399993896484	25.4300003051758	26.2999992370606	25.4599990844727	441000	26.4899997711182	25.4400005340576	25.4400005340576	26.4500007629395	279700	26.8799991607666	26.3299999237061	26.4599990844727	26.8600006103516	353100	27.9899997711182	26.5100002288818	27.2099990844727	26.5599994659424																																								
2024-12-09	2024-12-06	TREE	Lendingtree, Inc.	Lebda Douglas R	COB, CEO, 10%	P - Purchase	39.72	13000	2,196,412	+1%	+$516,360	516360	15:27:52	3	528100	40.2999992370606	37.4799995422363	38.5	39.1800003051758	559800	41.4799995422363	37.939998626709	39.6199989318848	41.1100006103516	265900	41.6100006103516	40.0800018310547	41.1199989318848	41.3300018310547	328200	43.8400001525879	40.3600006103516	41.7200012207031	43.7799987792969	377700	44.5099983215332	40.5800018310547	43.5	40.8699989318848	215800	42.1399993896484	39.4000015258789	41.25	39.7999992370606	175600	40.5800018310547	39.1800003051758	39.7999992370606	40.1199989318848	270500	40.9199981689453	38.2799987792969	39.6100006103516	40.4599990844727	486800	43.4500007629395	38.560001373291	40.25	39.0900001525879	329700	40.6599998474121	38.4700012207031	39.810001373291	39.1500015258789	284100	40.5699996948242	38.25	38.5200004577637	39.6100006103516	181700	39.6100006103516	38.1800003051758	39.6100006103516	38.2700004577637	122100	38.5	37.3499984741211	38.0800018310547	38.439998626709	220200	40.4700012207031	37.6599998474121	38.189998626709	40.2900009155273	167400	40.3300018310547	38.25	40.0800018310547	39.25	169500	39.1800003051758	37.5400009155273	38.8699989318848	38.7599983215332	286600	39.4300003051758	38.2999992370605	38.7599983215332	38.75	165900	40.3600006103516	38.5299987792969	39.4799995422363	38.8400001525879	115800	40.0999984741211	38.9099998474121	39.0800018310547	39.9900016784668	158800	41.2000007629395	39.7000007629395	40.2900009155273	39.8699989318848	166300	40.6599998474121	38.7299995422363	40.1500015258789	39.3800010681152	216300	39.7000007629395	38.2599983215332	38.7200012207031	38.8600006103516	377900	37.75	35.7000007629395	37.75	36.2700004577637	166700	37.0699996948242	35.5	35.6500015258789	36.7700004577637	129500	37.8499984741211	36.2700004577637	37.0800018310547	36.560001373291	340300	39.1399993896484	37.5	38	38.5200004577637	214700	40.310001373291	38.439998626709	38.5699996948242	40.2900009155273	260600	41.5	39.7900009155273	40.5900001525879	40.6399993896484	492500	44.9500007629395	41.8199996948242	42.25	44.4900016784668	252700	44.7700004577637	43.2599983215332	43.9900016784668	43.310001373291	174200	43.4000015258789	42.1199989318848	42.5200004577637	42.5099983215332	266000	42.9799995422363	40.8199996948242	42.6699981689453	41.4500007629395	750500	50.0900001525879	42.8899993896484	42.9000015258789	49.3199996948242	267500	49.2400016784668	46.3800010681152	48.939998626709	46.6399993896484	356500	46.4799995422363	44.1199989318848	46.2000007629395	45.9199981689453	217400	47.9599990844727	46.4599990844727	46.7099990844727	47.1399993896484	165300	47.4300003051758	44.5699996948242	47.2099990844727	44.9300003051758	149500	44.8899993896484	43	44.1500015258789	44.0900001525879	115500	45.1500015258789	43.7700004577637	43.9099998474121	44.7999992370606	145200	45.4099998474121	44	45.310001373291	44.9700012207031	163300	45.939998626709	44.7299995422363	45.0999984741211	45.4099998474121																																								
2024-12-09	2024-12-05	MSCI	Msci Inc.	Fernandez Henry A	COB, CEO	P - Purchase	612.8	2900	2,121,846	0%	+$1,777,119	1777120	06:55:51	4	402000	616.390014648438	608.719970703125	610.260009765625	609.909973144531	484400	619.75	609.169982910156	609.169982910156	617.179992675781	323900	620.97998046875	612.22998046875	618.539978027344	618.5	483900	635.739990234375	617.330017089844	617.900024414063	629.010009765625	455000	638.760009765625	629.030029296875	631.510009765625	629.609985351563	430300	642.450012207031	634.059997558594	638.940002441406	635.989990234375	380500	636.219970703125	620.320007324219	635	625.099975585938	506500	627.289978027344	617.030029296875	625.039978027344	618.380004882813	555000	619.440002441406	610.390014648438	617.669982910156	611.5	715200	620.299987792969	597.299987792969	619.059997558594	597.900024414063	508400	606.200012207031	593.260009765625	596.190002441406	600.580017089844	828400	606.739990234375	596.159973144531	597.47998046875	604.799987792969	302900	607.099975585938	598.960021972656	601.669982910156	605.419982910156	157400	607.909973144531	602.989990234375	607.309997558594	607.909973144531	221100	613.559997558594	604.859985351563	604.859985351563	610.969970703125	245400	611.929992675781	603.330017089844	607	609.590026855469	358300	602.260009765625	595.070007324219	602.070007324219	599.650024414063	223800	606.22998046875	598.130004882813	601.22998046875	600.010009765625	390300	603.760009765625	595.090026855469	601.5	597.130004882813	243800	602.940002441406	595.940002441406	597.880004882813	601.47998046875	359400	604.929992675781	596.539978027344	601.47998046875	596.659973144531	445400	597.700012207031	588.049987792969	594.510009765625	591.330017089844	417300	602.299987792969	586.109985351563	588.049987792969	602.22998046875	448000	595	573.700012207031	589.530029296875	575.72998046875	410400	581.669982910156	570.25	574	580.52001953125	446900	587.469970703125	579.460021972656	582.669982910156	585.799987792969	504100	602.710021972656	593.320007324219	596.669982910156	601	425400	610.890014648438	598.739990234375	603.440002441406	609.969970703125	311700	617.190002441406	609.02001953125	612.760009765625	612.02001953125	676000	618.609985351563	604.960021972656	604.960021972656	617.380004882813	406700	618.760009765625	611.289978027344	615.940002441406	613	574300	616	609.77001953125	615.369995117188	615.960021972656	369300	622.969970703125	612.200012207031	613.380004882813	620.719970703125	400400	625.440002441406	613.070007324219	615.969970703125	623.72998046875	514500	634.989990234375	619.330017089844	622.539978027344	628.340026855469	1061400	618.190002441406	572.27001953125	595.950012207031	593.049987792969	503100	603.75	585.059997558594	593.5	590.72998046875	735900	597.090026855469	586.039978027344	590.849975585938	596.77001953125	604500	592.950012207031	581.380004882813	587.190002441406	582.429992675781	855700	589.469970703125	578.799987792969	580.200012207031	584.469970703125	825600	588.179992675781	575.210021972656	586.169982910156	582.119995117188	570200	587.75	579.47998046875	587.080017089844	587.47998046875																																			
2024-12-04	2024-12-02	BH	Biglari Holdings Inc.	Biglari, Sardar	COB, CEO, 10%	P - Purchase	292.96	5120	1,541,200	0%	+$1,499,971	1499955.2	19:20:08	2	11200	219.5	208.389999389648	212.429992675781	216.039993286133	16300	226.300003051758	216.929992675781	217.729995727539	224	6500	228.979995727539	221.460006713867	224	224.179992675781	10700	231.5	219.520004272461	228.050003051758	230	12500	236.509994506836	225	232.279998779297	229.669998168945	4400	233.660003662109	226.240005493164	229.970001220703	226.309997558594	6300	232.490005493164	224	230.270004272461	228.600006103516	6200	234.600006103516	228.5	231.710006713867	230.789993286133	6100	239.679992675781	230.669998168945	234.490005493164	236.100006103516	3200	239.660003662109	230.820007324219	238.710006713867	230.830001831055	6600	244.270004272461	220.75	231.009994506836	236.240005493164	16800	265.730010986328	232.100006103516	235	256.690002441406	9700	262.450012207031	235.899993896484	256.040008544922	236.410003662109	45300	254.990005493164	232.339996337891	236.869995117188	243.699996948242	100600	253.130004882813	234.009994506836	238.919998168945	250.679992675781	27200	258.989990234375	248	250.339996337891	253.589996337891	11300	266.929992675781	255.199996948242	255.369995117188	264.549987792969	8300	271.350006103516	260.459991455078	262.589996337891	262.920013427734	10700	266.989990234375	252.619995117188	259.140014648438	257.200012207031	8900	262.980010986328	249.589996337891	249.699996948242	256	24300	262.690002441406	251.869995117188	255.759994506836	254.289993286133	11100	257.079986572266	244.979995727539	254.289993286133	249.960006713867	32500	269	244.699996948242	247.600006103516	257.760009765625	7200	260	248.050003051758	257.679992675781	248.169998168945	19100	248.199996948242	229.740005493164	245.520004272461	236.399993896484	8100	234	227.229995727539	233.070007324219	228.110000610352	10500	228.929992675781	214.179992675781	224.339996337891	218.160003662109	5900	221.080001831055	215.479995727539	217.309997558594	218.320007324219	6900	223	216.800003051758	222.029998779297	219.179992675781	4100	223.100006103516	217.220001220703	223	218.970001220703	2800	219.360000610352	213.100006103516	219.360000610352	214.389999389648	5700	219.970001220703	215.5	216.149993896484	218.339996337891	3400	223.690002441406	215.320007324219	221.220001220703	220.919998168945	3400	224.75	219.429992675781	221.339996337891	221.570007324219	5500	222.529998779297	218.869995117188	218.869995117188	222.050003051758	4700	225.910003662109	220.380004882812	220.380004882812	225.240005493164	4500	234.350006103516	223.419998168945	223.419998168945	228.089996337891	3200	232.179992675781	226.279998779297	226.279998779297	229.729995727539	5300	232.869995117188	226.929992675781	227.259994506836	231.699996948242	3500	236.5	230.729995727539	230.729995727539	233.860000610352	3600	235.899993896484	228.929992675781	235.470001220703	232.009994506836																																								
2024-11-29	2024-11-26	BH	Biglari Holdings Inc.	Biglari, Sardar	COB, CEO, 10%	P - Purchase	326.46	3350	1,536,080	0%	+$1,093,635	1093641	21:51:44	3	5600	208	201.029998779297	205.880004882812	206.860000610352	9700	217.690002441406	204.309997558594	207.440002441406	215	1500	216	208.710006713867	214.330001831055	210.429992675781	11200	219.5	208.389999389648	212.429992675781	216.039993286133	16300	226.300003051758	216.929992675781	217.729995727539	224	6500	228.979995727539	221.460006713867	224	224.179992675781	10700	231.5	219.520004272461	228.050003051758	230	12500	236.509994506836	225	232.279998779297	229.669998168945	4400	233.660003662109	226.240005493164	229.970001220703	226.309997558594	6300	232.490005493164	224	230.270004272461	228.600006103516	6200	234.600006103516	228.5	231.710006713867	230.789993286133	6100	239.679992675781	230.669998168945	234.490005493164	236.100006103516	3200	239.660003662109	230.820007324219	238.710006713867	230.830001831055	6600	244.270004272461	220.75	231.009994506836	236.240005493164	16800	265.730010986328	232.100006103516	235	256.690002441406	9700	262.450012207031	235.899993896484	256.040008544922	236.410003662109	45300	254.990005493164	232.339996337891	236.869995117188	243.699996948242	100600	253.130004882813	234.009994506836	238.919998168945	250.679992675781	27200	258.989990234375	248	250.339996337891	253.589996337891	11300	266.929992675781	255.199996948242	255.369995117188	264.549987792969	8300	271.350006103516	260.459991455078	262.589996337891	262.920013427734	10700	266.989990234375	252.619995117188	259.140014648438	257.200012207031	8900	262.980010986328	249.589996337891	249.699996948242	256	24300	262.690002441406	251.869995117188	255.759994506836	254.289993286133	11100	257.079986572266	244.979995727539	254.289993286133	249.960006713867	32500	269	244.699996948242	247.600006103516	257.760009765625	7200	260	248.050003051758	257.679992675781	248.169998168945	19100	248.199996948242	229.740005493164	245.520004272461	236.399993896484	8100	234	227.229995727539	233.070007324219	228.110000610352	10500	228.929992675781	214.179992675781	224.339996337891	218.160003662109	5900	221.080001831055	215.479995727539	217.309997558594	218.320007324219	6900	223	216.800003051758	222.029998779297	219.179992675781	4100	223.100006103516	217.220001220703	223	218.970001220703	2800	219.360000610352	213.100006103516	219.360000610352	214.389999389648	5700	219.970001220703	215.5	216.149993896484	218.339996337891	3400	223.690002441406	215.320007324219	221.220001220703	220.919998168945	3400	224.75	219.429992675781	221.339996337891	221.570007324219	5500	222.529998779297	218.869995117188	218.869995117188	222.050003051758	4700	225.910003662109	220.380004882812	220.380004882812	225.240005493164	4500	234.350006103516	223.419998168945	223.419998168945	228.089996337891																																													
2024-11-27	2024-11-25	TFC	Truist Financial Corp	Rogers William H Jr	COB, CEO	P - Purchase	48.56	34180	1,139,193	+3%	+$1,659,781	1659780.8	08:13:37	2	9813600	49.060001373291	48.0699996948242	48.3600006103516	48.0999984741211	7296500	48.2900009155274	47.6800003051758	48.1599998474121	47.7000007629395	6619800	48.310001373291	47.7299995422363	48.0499992370606	47.75	4588400	48.1100006103516	47.5400009155274	48.0099983215332	47.6800003051758	8346000	47.9700012207031	46.8300018310547	47.9000015258789	46.9799995422363	6863000	47.060001373291	46.2000007629395	46.8899993896484	46.4300003051758	5702000	46.6500015258789	45.9599990844727	46.5699996948242	46.2200012207031	6923500	47.439998626709	46.2700004577637	46.4599990844727	47.1699981689453	4849000	47.6199989318848	46.7799987792969	47.2200012207031	47.2599983215332	7355900	47.4900016784668	46.7799987792969	47.2000007629395	46.7999992370606	10123700	47.7599983215332	46.4199981689453	46.8400001525879	46.4599990844727	10208600	46.8400001525879	45.6599998474121	46.7999992370606	45.6599998474121	8251100	45.8499984741211	45.0900001525879	45.7099990844727	45.7200012207031	8230900	45.939998626709	45.4199981689453	45.7900009155274	45.7799987792969	11068400	45.8899993896484	45.1500015258789	45.8400001525879	45.2900009155273	7813900	45.4799995422363	44.6599998474121	44.939998626709	45.1300010681152	8981400	45.439998626709	43.0699996948242	45.2400016784668	43.1100006103516	7541800	43.8600006103516	42.3899993896484	43.5999984741211	42.5499992370605	14849800	43.6800003051758	42.2799987792969	42.310001373291	43.3199996948242	5013600	43.560001373291	42.9099998474121	43	43.5400009155273	1742200	43.9900016784668	43.3899993896484	43.5400009155273	43.9900016784668	2877100	44.0699996948242	43.5400009155273	43.6699981689453	44	3307200	44.2999992370606	43.4599990844727	43.689998626709	43.6699981689453	3432500	43.6399993896484	42.8899993896484	43.310001373291	43.3699989318848	5316200	43.7999992370605	43.2400016784668	43.5999984741211	43.3800010681152	5056600	44.0800018310547	43.1399993896484	43.7400016784668	43.3300018310547	5156400	44.1399993896484	43.060001373291	43.5699996948242	44.0999984741211	6246400	45.0499992370606	44.0099983215332	44.5999984741211	44.0999984741211	7067400	44.75	43.7299995422363	44.6500015258789	43.9700012207031	5727100	44.25	43.4500007629395	43.9599990844727	43.9500007629395	8002200	43.4799995422363	42.5699996948242	43.3199996948242	42.7799987792969	8693000	43.1699981689453	42.6300010681152	42.689998626709	43.1199989318848	10297800	43.9900016784668	43.2400016784668	43.5	43.9099998474121	7973700	45.5800018310547	44.9700012207031	45.1699981689453	45.3899993896484	11164600	45.4900016784668	44.439998626709	44.939998626709	44.9799995422363	15704900	47.75	46.5499992370606	47.0200004577637	47.6500015258789	10278500	48.5299987792969	47.7400016784668	48	47.8899993896484	9029100	47.7400016784668	46.4099998474121	47.7299995422363	47.0099983215332	6453200	47.2299995422363	46.5499992370606	47.0499992370606	46.7599983215332	6377300	47.189998626709	46.4500007629395	46.5	47																																													
2024-11-27	2024-11-25	ACDC	Profrac Holding Corp.	Wilks Matthew	Exec COB	P - Purchase	7.79	79960	1,517,676	+6%	+$623,068	622888.4	06:00:07	2	467800	7.90000009536743	7.59999990463257	7.80000019073486	7.86999988555908	683000	8.57999992370606	7.75	7.84999990463257	8.4399995803833	972300	9.46000003814697	8.57999992370606	8.8100004196167	9.13000011444092	243600	9.39000034332275	8.90999984741211	9.34000015258789	9.06999969482422	785900	9.14999961853027	8.76000022888184	9.10000038146973	8.84000015258789	556900	8.97500038146973	8.61200046539307	8.89000034332275	8.80000019073486	448700	8.86999988555908	8.26000022888184	8.72999954223633	8.35999965667725	305400	8.52000045776367	8.17000007629395	8.30000019073486	8.25	786200	7.98000001907349	7.15999984741211	7.98000001907349	7.40999984741211	282300	7.92000007629395	7.5	7.5	7.69000005722046	345500	8.19400024414063	7.53499984741211	7.75	7.90000009536743	366300	8.21000003814697	7.76000022888184	8.0600004196167	8.02999973297119	418400	8.25	7.8600001335144	8	7.94999980926514	279900	7.98000001907349	7.71000003814697	7.94999980926514	7.73000001907349	304000	7.67999982833862	7.32999992370606	7.6399998664856	7.3899998664856	430900	7.53000020980835	7.15999984741211	7.30999994277954	7.5	392900	7.71000003814697	6.94999980926514	7.53999996185303	6.96000003814697	508000	7.26999998092651	7.05999994277954	7.17000007629395	7.1399998664856	460000	7.32999992370606	6.90000009536743	7.03999996185303	6.98999977111816	287300	7.25	6.86499977111816	6.90999984741211	7.17999982833862	201100	7.34999990463257	7.03000020980835	7.19999980926514	7.34999990463257	251400	7.46500015258789	7.20499992370606	7.3600001335144	7.44000005722046	199700	7.61499977111816	7.26000022888184	7.46999979019165	7.32999992370606	513600	7.8899998664856	7.25	7.3600001335144	7.8600001335144	332900	8.13000011444092	7.73000001907349	7.90000009536743	7.76000022888184	512400	8.51000022888184	7.88500022888184	7.96000003814697	8.27000045776367	303600	8.47999954223633	8.10000038146973	8.30000019073486	8.21000003814697	455200	8.29500007629395	7.63000011444092	8.22999954223633	7.67000007629395	315100	8.02000045776367	7.59000015258789	7.67000007629395	7.90000009536743	236800	7.90000009536743	7.61999988555908	7.84999990463257	7.63000011444092	312800	8.13000011444092	7.59999990463257	7.90000009536743	7.78999996185303	614900	8.15999984741211	7.67000007629395	7.76999998092651	8.02000045776367	553800	8.60000038146973	7.96999979019165	8.01000022888184	8.52999973297119	465300	8.97000026702881	8.47000026702881	8.67000007629395	8.97000026702881	435800	9.30000019073486	8.60999965667725	8.89000034332275	9.22000026702881	441500	9.34500026702881	8.88000011444092	9.27000045776367	8.90999984741211	598600	9.39999961853027	8.73999977111816	8.96000003814697	9.02000045776367	433000	9.03499984741211	8.60200023651123	8.93000030517578	8.6899995803833	538400	8.86299991607666	8.42000007629395	8.61999988555908	8.64999961853027	279000	8.75	8.39000034332275	8.64999961853027	8.5																																													
2024-11-22	2024-11-20	BH	Biglari Holdings Inc.	Biglari, Sardar	COB, CEO, 10%	P - Purchase	208.77	2427	1,532,730	0%	+$506,690	506684.79	18:38:06	2	6900	213.5	209.929992675781	210	210.610000610352	7900	213.949996948242	200.009994506836	209.639999389648	208.5	4400	208.490005493164	203.809997558594	208.490005493164	206.410003662109	7900	211.690002441406	205.149993896484	208.880004882813	206.979995727539	5600	208	201.029998779297	205.880004882812	206.860000610352	9700	217.690002441406	204.309997558594	207.440002441406	215	1500	216	208.710006713867	214.330001831055	210.429992675781	11200	219.5	208.389999389648	212.429992675781	216.039993286133	16300	226.300003051758	216.929992675781	217.729995727539	224	6500	228.979995727539	221.460006713867	224	224.179992675781	10700	231.5	219.520004272461	228.050003051758	230	12500	236.509994506836	225	232.279998779297	229.669998168945	4400	233.660003662109	226.240005493164	229.970001220703	226.309997558594	6300	232.490005493164	224	230.270004272461	228.600006103516	6200	234.600006103516	228.5	231.710006713867	230.789993286133	6100	239.679992675781	230.669998168945	234.490005493164	236.100006103516	3200	239.660003662109	230.820007324219	238.710006713867	230.830001831055	6600	244.270004272461	220.75	231.009994506836	236.240005493164	16800	265.730010986328	232.100006103516	235	256.690002441406	9700	262.450012207031	235.899993896484	256.040008544922	236.410003662109	45300	254.990005493164	232.339996337891	236.869995117188	243.699996948242	100600	253.130004882813	234.009994506836	238.919998168945	250.679992675781	27200	258.989990234375	248	250.339996337891	253.589996337891	11300	266.929992675781	255.199996948242	255.369995117188	264.549987792969	8300	271.350006103516	260.459991455078	262.589996337891	262.920013427734	10700	266.989990234375	252.619995117188	259.140014648438	257.200012207031	8900	262.980010986328	249.589996337891	249.699996948242	256	24300	262.690002441406	251.869995117188	255.759994506836	254.289993286133	11100	257.079986572266	244.979995727539	254.289993286133	249.960006713867	32500	269	244.699996948242	247.600006103516	257.760009765625	7200	260	248.050003051758	257.679992675781	248.169998168945	19100	248.199996948242	229.740005493164	245.520004272461	236.399993896484	8100	234	227.229995727539	233.070007324219	228.110000610352	10500	228.929992675781	214.179992675781	224.339996337891	218.160003662109	5900	221.080001831055	215.479995727539	217.309997558594	218.320007324219	6900	223	216.800003051758	222.029998779297	219.179992675781	4100	223.100006103516	217.220001220703	223	218.970001220703	2800	219.360000610352	213.100006103516	219.360000610352	214.389999389648	5700	219.970001220703	215.5	216.149993896484	218.339996337891																																																		
2024-11-22	2024-11-20	OSCR	Oscar Health, Inc.	Kushner Joshua	Co-Founder, Vice COB, 10%	P - Purchase	16.91	188395	6,343,617	+3%	+$3,185,681	3185759.45	16:29:47	2	4768500	18.4099998474121	16.7600002288818	18.2099990844727	17	4721900	17.2099990844727	15.9899997711182	17.0900001525879	16.3099994659424	5131300	16.8700008392334	15.9200000762939	16.2900009155273	15.9799995422363	4037400	17.1399993896484	15.9099998474121	16.8500003814697	16.8500003814697	2810700	17.0900001525879	16.0300006866455	16.8199996948242	16.2800006866455	1923900	17.1599998474121	16.4449996948242	16.4500007629395	16.8299999237061	1167100	17.3799991607666	16.7800006866455	16.9200000762939	17.3299999237061	6371900	18.8199996948242	17.3299999237061	17.5400009155273	18.4300003051758	6150800	18.8500003814697	17.5799999237061	18.3099994659424	17.9899997711182	4566500	18.3799991607666	16.7800006866455	18.0400009155273	16.9599990844727	3041000	17.5300006866455	16.2999992370605	17.1299991607666	16.3999996185303	5744800	16.7830009460449	15.1899995803833	16.5400009155273	15.6099996566772	3650500	17	15.8319997787476	15.8500003814697	16.5499992370605	4940900	16.1599998474121	14.9399995803833	15.6899995803833	15.0299997329712	4975000	15.3500003814697	14.0500001907349	15.1499996185303	14.3599996566772	4233600	15	13.6300001144409	14.5	13.6400003433228	4261100	14.1300001144409	13.5200004577637	13.6400003433228	13.6599998474121	5462100	14.1000003814697	13.3000001907349	13.5100002288818	13.8999996185303	3171200	14.25	13.3400001525879	13.8000001907349	13.5	4821900	14.1899995803833	13.2250003814697	13.8000001907349	13.3800001144409	3693300	13.8500003814697	13.0699996948242	13.3299999237061	13.5	8128400	14.6400003433228	13.1000003814697	13.25	14.0900001525879	2492400	14.0900001525879	13.1599998474121	14.0900001525879	13.6000003814697	1407400	13.6549997329712	13.0500001907349	13.539999961853	13.3999996185303	2952400	14.460000038147	13.1599998474121	13.4799995422363	14.1899995803833	2032300	14.3999996185303	13.5600004196167	14.3000001907349	13.8000001907349	2533600	13.7399997711182	13.25	13.6199998855591	13.5799999237061	2632100	14	13.1700000762939	13.7299995422363	13.4399995803833	2327200	13.8999996185303	13.4300003051758	13.6999998092651	13.5500001907349	2248800	14.4099998474121	13.6000003814697	13.6800003051758	14.3500003814697	3315500	15.2349996566772	14.6599998474121	15.2349996566772	14.7200002670288	3069100	14.8299999237061	13.8900003433228	14.75	14.3900003433228	4419000	15.7700004577637	14.2279996871948	14.3299999237061	15.289999961853	5485300	15.25	13.789999961853	14.9899997711182	14.1800003051758	3170200	14.3999996185303	13.789999961853	14.1899995803833	14.1700000762939	2723900	15.0249996185303	14.1499996185303	14.3599996566772	14.9300003051758	2697100	15.5299997329712	14.5100002288818	15.3599996566772	15.3800001144409	2031400	15.4799995422363	14.7399997711182	15.3400001525879	14.9499998092651	3143500	16.1000003814697	15.0900001525879	15.210000038147	15.8999996185303																																																		
2024-11-19	2024-11-15	BH	Biglari Holdings Inc.	Biglari, Sardar	COB, CEO, 10%	P - Purchase	271.92	15195	1,530,303	+1%	+$4,131,792	4131824.4	19:10:50	4	18800	214.779998779297	204.940002441406	214.119995117188	210	20000	215	189.210006713867	210.110000610352	210	10700	211.899993896484	205	209.559997558594	209.029998779297	6900	213.5	209.929992675781	210	210.610000610352	7900	213.949996948242	200.009994506836	209.639999389648	208.5	4400	208.490005493164	203.809997558594	208.490005493164	206.410003662109	7900	211.690002441406	205.149993896484	208.880004882813	206.979995727539	5600	208	201.029998779297	205.880004882812	206.860000610352	9700	217.690002441406	204.309997558594	207.440002441406	215	1500	216	208.710006713867	214.330001831055	210.429992675781	11200	219.5	208.389999389648	212.429992675781	216.039993286133	16300	226.300003051758	216.929992675781	217.729995727539	224	6500	228.979995727539	221.460006713867	224	224.179992675781	10700	231.5	219.520004272461	228.050003051758	230	12500	236.509994506836	225	232.279998779297	229.669998168945	4400	233.660003662109	226.240005493164	229.970001220703	226.309997558594	6300	232.490005493164	224	230.270004272461	228.600006103516	6200	234.600006103516	228.5	231.710006713867	230.789993286133	6100	239.679992675781	230.669998168945	234.490005493164	236.100006103516	3200	239.660003662109	230.820007324219	238.710006713867	230.830001831055	6600	244.270004272461	220.75	231.009994506836	236.240005493164	16800	265.730010986328	232.100006103516	235	256.690002441406	9700	262.450012207031	235.899993896484	256.040008544922	236.410003662109	45300	254.990005493164	232.339996337891	236.869995117188	243.699996948242	100600	253.130004882813	234.009994506836	238.919998168945	250.679992675781	27200	258.989990234375	248	250.339996337891	253.589996337891	11300	266.929992675781	255.199996948242	255.369995117188	264.549987792969	8300	271.350006103516	260.459991455078	262.589996337891	262.920013427734	10700	266.989990234375	252.619995117188	259.140014648438	257.200012207031	8900	262.980010986328	249.589996337891	249.699996948242	256	24300	262.690002441406	251.869995117188	255.759994506836	254.289993286133	11100	257.079986572266	244.979995727539	254.289993286133	249.960006713867	32500	269	244.699996948242	247.600006103516	257.760009765625	7200	260	248.050003051758	257.679992675781	248.169998168945	19100	248.199996948242	229.740005493164	245.520004272461	236.399993896484	8100	234	227.229995727539	233.070007324219	228.110000610352	10500	228.929992675781	214.179992675781	224.339996337891	218.160003662109	5900	221.080001831055	215.479995727539	217.309997558594	218.320007324219	6900	223	216.800003051758	222.029998779297	219.179992675781	4100	223.100006103516	217.220001220703	223	218.970001220703	2800	219.360000610352	213.100006103516	219.360000610352	214.389999389648	5700	219.970001220703	215.5	216.149993896484	218.339996337891																																			
2024-11-18	2024-11-14	OSCR	Oscar Health, Inc.	Kushner Joshua	Co-Founder, Vice COB, 10%	P - Purchase	15.8	344522	6,155,222	+6%	+$5,444,343	5443447.6	16:55:00	4	9946000	16.7999992370605	14.8100004196167	14.960000038147	15.4399995803833	6190100	15.6999998092651	14.2299995422363	15.5299997329712	14.8699998855591	5473600	16.2199993133545	14.9700002670288	15.3599996566772	15.9799995422363	6931500	18.2520008087158	16.3700008392334	16.4099998474121	18.0100002288818	4768500	18.4099998474121	16.7600002288818	18.2099990844727	17	4721900	17.2099990844727	15.9899997711182	17.0900001525879	16.3099994659424	5131300	16.8700008392334	15.9200000762939	16.2900009155273	15.9799995422363	4037400	17.1399993896484	15.9099998474121	16.8500003814697	16.8500003814697	2810700	17.0900001525879	16.0300006866455	16.8199996948242	16.2800006866455	1923900	17.1599998474121	16.4449996948242	16.4500007629395	16.8299999237061	1167100	17.3799991607666	16.7800006866455	16.9200000762939	17.3299999237061	6371900	18.8199996948242	17.3299999237061	17.5400009155273	18.4300003051758	6150800	18.8500003814697	17.5799999237061	18.3099994659424	17.9899997711182	4566500	18.3799991607666	16.7800006866455	18.0400009155273	16.9599990844727	3041000	17.5300006866455	16.2999992370605	17.1299991607666	16.3999996185303	5744800	16.7830009460449	15.1899995803833	16.5400009155273	15.6099996566772	3650500	17	15.8319997787476	15.8500003814697	16.5499992370605	4940900	16.1599998474121	14.9399995803833	15.6899995803833	15.0299997329712	4975000	15.3500003814697	14.0500001907349	15.1499996185303	14.3599996566772	4233600	15	13.6300001144409	14.5	13.6400003433228	4261100	14.1300001144409	13.5200004577637	13.6400003433228	13.6599998474121	5462100	14.1000003814697	13.3000001907349	13.5100002288818	13.8999996185303	3171200	14.25	13.3400001525879	13.8000001907349	13.5	4821900	14.1899995803833	13.2250003814697	13.8000001907349	13.3800001144409	3693300	13.8500003814697	13.0699996948242	13.3299999237061	13.5	8128400	14.6400003433228	13.1000003814697	13.25	14.0900001525879	2492400	14.0900001525879	13.1599998474121	14.0900001525879	13.6000003814697	1407400	13.6549997329712	13.0500001907349	13.539999961853	13.3999996185303	2952400	14.460000038147	13.1599998474121	13.4799995422363	14.1899995803833	2032300	14.3999996185303	13.5600004196167	14.3000001907349	13.8000001907349	2533600	13.7399997711182	13.25	13.6199998855591	13.5799999237061	2632100	14	13.1700000762939	13.7299995422363	13.4399995803833	2327200	13.8999996185303	13.4300003051758	13.6999998092651	13.5500001907349	2248800	14.4099998474121	13.6000003814697	13.6800003051758	14.3500003814697	3315500	15.2349996566772	14.6599998474121	15.2349996566772	14.7200002670288	3069100	14.8299999237061	13.8900003433228	14.75	14.3900003433228	4419000	15.7700004577637	14.2279996871948	14.3299999237061	15.289999961853	5485300	15.25	13.789999961853	14.9899997711182	14.1800003051758	3170200	14.3999996185303	13.789999961853	14.1899995803833	14.1700000762939	2723900	15.0249996185303	14.1499996185303	14.3599996566772	14.9300003051758	2697100	15.5299997329712	14.5100002288818	15.3599996566772	15.3800001144409	2031400	15.4799995422363	14.7399997711182	15.3400001525879	14.9499998092651																																			
2024-11-14	2024-11-12	BH	Biglari Holdings Inc.	Biglari, Sardar	COB, CEO, 10%	P - Purchase	316.87	18215	1,515,108	+1%	+$5,771,814	5771787.05	19:33:45	2	9300	187	171.940002441406	174.699996948242	185.479995727539	14600	205	186.830001831055	186.830001831055	204	14600	215.059997558594	202.009994506836	204.039993286133	212.160003662109	18800	214.779998779297	204.940002441406	214.119995117188	210	20000	215	189.210006713867	210.110000610352	210	10700	211.899993896484	205	209.559997558594	209.029998779297	6900	213.5	209.929992675781	210	210.610000610352	7900	213.949996948242	200.009994506836	209.639999389648	208.5	4400	208.490005493164	203.809997558594	208.490005493164	206.410003662109	7900	211.690002441406	205.149993896484	208.880004882813	206.979995727539	5600	208	201.029998779297	205.880004882812	206.860000610352	9700	217.690002441406	204.309997558594	207.440002441406	215	1500	216	208.710006713867	214.330001831055	210.429992675781	11200	219.5	208.389999389648	212.429992675781	216.039993286133	16300	226.300003051758	216.929992675781	217.729995727539	224	6500	228.979995727539	221.460006713867	224	224.179992675781	10700	231.5	219.520004272461	228.050003051758	230	12500	236.509994506836	225	232.279998779297	229.669998168945	4400	233.660003662109	226.240005493164	229.970001220703	226.309997558594	6300	232.490005493164	224	230.270004272461	228.600006103516	6200	234.600006103516	228.5	231.710006713867	230.789993286133	6100	239.679992675781	230.669998168945	234.490005493164	236.100006103516	3200	239.660003662109	230.820007324219	238.710006713867	230.830001831055	6600	244.270004272461	220.75	231.009994506836	236.240005493164	16800	265.730010986328	232.100006103516	235	256.690002441406	9700	262.450012207031	235.899993896484	256.040008544922	236.410003662109	45300	254.990005493164	232.339996337891	236.869995117188	243.699996948242	100600	253.130004882813	234.009994506836	238.919998168945	250.679992675781	27200	258.989990234375	248	250.339996337891	253.589996337891	11300	266.929992675781	255.199996948242	255.369995117188	264.549987792969	8300	271.350006103516	260.459991455078	262.589996337891	262.920013427734	10700	266.989990234375	252.619995117188	259.140014648438	257.200012207031	8900	262.980010986328	249.589996337891	249.699996948242	256	24300	262.690002441406	251.869995117188	255.759994506836	254.289993286133	11100	257.079986572266	244.979995727539	254.289993286133	249.960006713867	32500	269	244.699996948242	247.600006103516	257.760009765625	7200	260	248.050003051758	257.679992675781	248.169998168945	19100	248.199996948242	229.740005493164	245.520004272461	236.399993896484	8100	234	227.229995727539	233.070007324219	228.110000610352	10500	228.929992675781	214.179992675781	224.339996337891	218.160003662109																																													
2024-11-14	2024-11-12	SATS	Echostar Corp	Ergen Charles W	COB, 10%	P - Purchase	28.04	1551355	16,042,800	+11%	+$43,499,994	43499994.2	17:15:44	2	4818000	25.6000003814697	21.8999996185303	25.5499992370606	22.7600002288818	3369100	23.0300006866455	21.4500007629395	22.6900005340576	21.5200004577637	3762300	22.6800003051758	21.0300006866455	21.0300006866455	21.9899997711182	2995000	23.5799999237061	22.4099998474121	23.2700004577637	22.7900009155273	2112700	24.0799999237061	22.5499992370606	22.9099998474121	23.6800003051758	2948400	24.5599994659424	22.9099998474121	23.5499992370605	24.2299995422363	1681300	24.3199996948242	22.9899997711182	24.1100006103516	23.4300003051758	1324000	24.4200000762939	23.2000007629395	23.3500003814697	23.5699996948242	2702000	23.2800006866455	20.9099998474121	22	22.8999996185303	3597700	24.4099998474121	23.0900001525879	23.1100006103516	24.4099998474121	1811400	25.3099994659424	23.8500003814697	24.0599994659424	24.8700008392334	1402600	25.6000003814697	24.7099990844727	25.2600002288818	25.0300006866455	636400	25.5799999237061	24.8199996948242	25.0300006866455	25.2900009155273	1013600	25.7999992370605	25	25.2900009155273	25.2000007629395	1594200	25.1900005340576	24.2299995422363	25.1800003051758	24.5499992370605	1169100	24.7199993133545	23.8199996948242	24.3099994659424	24	930100	24.2600002288818	23.6399993896484	23.6399993896484	23.9400005340576	1038000	24.2000007629395	23.7199993133545	24.1299991607666	24	2005100	24.6800003051758	23.6200008392334	24.0799999237061	23.7299995422363	846400	24.0900001525879	23.1499996185303	23.75	23.2999992370605	988900	23.7600002288818	22.9099998474121	23.5599994659424	23.4400005340576	1258200	24.2099990844727	23.2600002288818	23.4799995422363	23.4300003051758	1358200	23.7700004577637	23.2000007629395	23.4200000762939	23.3400001525879	1551500	24.2299995422363	22.8299999237061	23	23.7399997711182	1642700	23.8899993896484	22.9400005340576	23.6000003814697	23.0400009155273	2781400	23.6299991607666	22.2199993133545	23.0499992370606	22.25	1015900	22.8799991607666	22.1100006103516	22.3099994659424	22.6100006103516	4878900	23.1399993896484	22.3199996948242	22.3700008392334	22.75	1041900	22.8299999237061	22.0499992370605	22.4699993133545	22.6900005340576	376200	23.1800003051758	22.3799991607666	22.8500003814697	23.0200004577637	517600	23.1599998474121	22.5499992370606	22.75	23.0699996948242	728300	23.0400009155273	22.4099998474121	22.9500007629395	22.5699996948242	1299100	23.1100006103516	22.0599994659424	22.4500007629395	23.0100002288818	891700	23.3099994659424	22.4500007629395	22.5100002288818	22.8999996185303	1088100	23.1599998474121	22.2299995422363	23.1399993896484	22.75	668300	23.2000007629395	22.7199993133545	23.0699996948242	23.1100006103516	965200	23.6900005340576	23.0100002288818	23.1700000762939	23.3299999237061	3167600	23.4400005340576	22.4899997711182	23.3400001525879	22.7299995422363	2222600	23.9300003051758	22.6800003051758	22.6800003051758	23.4200000762939	1710900	23.3199996948242	22.6900005340576	22.9500007629395	23.0900001525879																																													
2024-11-13	2024-11-11	OSCR	Oscar Health, Inc.	Kushner Joshua	Co-Founder, Vice COB, 10%	P - Purchase	13.67	1055478	5,810,700	+22%	+$14,429,982	14428384.26	21:13:46	2	4894600	13.9200000762939	13.1499996185303	13.7299995422363	13.8000001907349	4422800	14.289999961853	13.4499998092651	13.5600004196167	13.5600004196167	4696000	14.2200002670288	13.4300003051758	13.5699996948242	13.4799995422363	9946000	16.7999992370605	14.8100004196167	14.960000038147	15.4399995803833	6190100	15.6999998092651	14.2299995422363	15.5299997329712	14.8699998855591	5473600	16.2199993133545	14.9700002670288	15.3599996566772	15.9799995422363	6931500	18.2520008087158	16.3700008392334	16.4099998474121	18.0100002288818	4768500	18.4099998474121	16.7600002288818	18.2099990844727	17	4721900	17.2099990844727	15.9899997711182	17.0900001525879	16.3099994659424	5131300	16.8700008392334	15.9200000762939	16.2900009155273	15.9799995422363	4037400	17.1399993896484	15.9099998474121	16.8500003814697	16.8500003814697	2810700	17.0900001525879	16.0300006866455	16.8199996948242	16.2800006866455	1923900	17.1599998474121	16.4449996948242	16.4500007629395	16.8299999237061	1167100	17.3799991607666	16.7800006866455	16.9200000762939	17.3299999237061	6371900	18.8199996948242	17.3299999237061	17.5400009155273	18.4300003051758	6150800	18.8500003814697	17.5799999237061	18.3099994659424	17.9899997711182	4566500	18.3799991607666	16.7800006866455	18.0400009155273	16.9599990844727	3041000	17.5300006866455	16.2999992370605	17.1299991607666	16.3999996185303	5744800	16.7830009460449	15.1899995803833	16.5400009155273	15.6099996566772	3650500	17	15.8319997787476	15.8500003814697	16.5499992370605	4940900	16.1599998474121	14.9399995803833	15.6899995803833	15.0299997329712	4975000	15.3500003814697	14.0500001907349	15.1499996185303	14.3599996566772	4233600	15	13.6300001144409	14.5	13.6400003433228	4261100	14.1300001144409	13.5200004577637	13.6400003433228	13.6599998474121	5462100	14.1000003814697	13.3000001907349	13.5100002288818	13.8999996185303	3171200	14.25	13.3400001525879	13.8000001907349	13.5	4821900	14.1899995803833	13.2250003814697	13.8000001907349	13.3800001144409	3693300	13.8500003814697	13.0699996948242	13.3299999237061	13.5	8128400	14.6400003433228	13.1000003814697	13.25	14.0900001525879	2492400	14.0900001525879	13.1599998474121	14.0900001525879	13.6000003814697	1407400	13.6549997329712	13.0500001907349	13.539999961853	13.3999996185303	2952400	14.460000038147	13.1599998474121	13.4799995422363	14.1899995803833	2032300	14.3999996185303	13.5600004196167	14.3000001907349	13.8000001907349	2533600	13.7399997711182	13.25	13.6199998855591	13.5799999237061	2632100	14	13.1700000762939	13.7299995422363	13.4399995803833	2327200	13.8999996185303	13.4300003051758	13.6999998092651	13.5500001907349	2248800	14.4099998474121	13.6000003814697	13.6800003051758	14.3500003814697	3315500	15.2349996566772	14.6599998474121	15.2349996566772	14.7200002670288	3069100	14.8299999237061	13.8900003433228	14.75	14.3900003433228	4419000	15.7700004577637	14.2279996871948	14.3299999237061	15.289999961853	5485300	15.25	13.789999961853	14.9899997711182	14.1800003051758																																								
2024-11-13	2024-11-11	SEDG	Solaredge Technologies, Inc.	Avery More	Chairman of the Board	P - Purchase	13.65	156000	244,478	+176%	+$2,129,400	2129400	15:06:16	2	5930400	13.8900003433228	12.75	13.6499996185303	13.6800003051758	6485700	13.3549995422363	12.1099996566772	13.1599998474121	12.2399997711182	10728900	12.4399995803833	11.0200004577637	12.3000001907349	12.1000003814697	7542400	13.4799995422363	11.6700000762939	12.3800001144409	12.8299999237061	9412100	12.960000038147	10.5500001907349	12.6800003051758	10.6400003433228	4662200	11.1199998855591	10.3699998855591	10.7799997329712	10.8500003814697	4579900	11	10.2600002288818	10.7299995422363	10.4650001525879	5508500	11.4499998092651	10.2399997711182	10.4799995422363	10.8699998855591	3254800	11.2430000305176	10.5389995574951	10.8450002670288	10.7299995422363	5497200	12.1000003814697	10.4099998474121	10.6999998092651	11.8800001144409	7563100	14.2399997711182	12.5	12.5699996948242	13.7700004577637	3987100	14	13.1000003814697	13.9399995803833	13.6899995803833	7976800	16.0499992370605	13.9849996566772	14.0900001525879	14.8599996566772	3093000	16.0200004577637	14.460000038147	14.9399995803833	15.8000001907349	5142000	16.1100006103516	14.8100004196167	16	15.8900003433228	3631400	15.6180000305176	14.6000003814697	15.5200004577637	14.6599998474121	3503000	14.8400001525879	13.8500003814697	14.6999998092651	14.0600004196167	5656000	14.3699998855591	12.460000038147	14.0600004196167	12.5900001525879	3423200	13.1499996185303	12.2700004577637	12.9700002670288	12.7799997329712	6905900	15.4399995803833	13.0699996948242	13.2299995422363	14.2799997329712	2857500	14.4799995422363	13.6300001144409	14.1199998855591	14.0900001525879	2208600	14.9499998092651	13.6099996566772	14.5900001525879	14.4099998474121	3655700	14.3199996948242	13.210000038147	14.0799999237061	13.2799997329712	2746500	13.75	13	13.3000001907349	13.3500003814697	5161600	13	12.2700004577637	12.8199996948242	12.3199996948242	13792100	15.4799995422363	13.5799999237061	14.6800003051758	14.3699998855591	9177000	15.9499998092651	13.7150001525879	14.4799995422363	13.8400001525879	5629200	14.5	13	14.0100002288818	13.1099996566772	7371800	15.6499996185303	13.0659999847412	13.1499996185303	14.7700004577637	3258700	15.1920003890991	14.4300003051758	14.8299999237061	14.8800001144409	1699000	15.1599998474121	14.289999961853	15	14.8299999237061	3575600	15.3400001525879	14.1599998474121	14.5699996948242	14.5799999237061	4429000	14.6800003051758	13.6000003814697	14.5500001907349	13.8000001907349	3342300	13.7150001525879	13.0699996948242	13.5900001525879	13.5699996948242	3312900	14.3000001907349	13.5200004577637	13.7600002288818	13.6000003814697	5018500	15.4700002670288	13.9399995803833	14.0200004577637	14.8000001907349	2939900	15.5	14.460000038147	14.8599996566772	15.2799997329712	8560800	19	16.1800003051758	17.5200004577637	16.2900009155273	7779400	18.6900005340576	16.5	16.7999992370605	17.5900001525879	6514200	16.7099990844727	14.9399995803833	16.4799995422363	14.9899997711182	4831700	14.9200000762939	13.9709997177124	14.8000001907349	14.710000038147																																								
2024-11-12	2024-11-08	RHP	Ryman Hospitality Properties, Inc.	Reed Colin V	Exec. COB	P - Purchase	111.59	6809	1,401,318	0%	+$759,816	759816.31	10:26:42	4	328200	113.300003051758	110.599998474121	110.970001220703	112.5	474500	114.51000213623	112	113	114.309997558594	441800	114.160003662109	112.139999389648	113.160003662109	113.76000213623	384000	115	113.129997253418	113.980003356934	113.319999694824	406900	115.48999786377	112.150001525879	114.309997558594	112.199996948242	601200	113.98999786377	111.269996643066	112.949996948242	111.410003662109	234100	112.040000915527	110.540000915527	111.589996337891	111.190002441406	475400	112.230003356934	109.580001831055	110.629997253418	111.680000305176	397200	112.769996643066	110.220001220703	111.150001525879	112.129997253418	289000	114.699996948242	112.180000305176	112.910003662109	113.769996643066	247200	116.080001831055	112.970001220703	114.059997558594	115.709999084473	483400	118.330001831055	116.379997253418	116.379997253418	117.349998474121	447600	117.330001831055	116.330001831055	116.599998474121	117.040000915527	271200	119.150001525879	116.529998779297	117.919998168945	116.720001220703	256000	118.830001831055	117.110000610352	117.98999786377	117.23999786377	441500	118.029998779297	117.150001525879	117.690002441406	117.550003051758	661400	121.769996643066	117.949996948242	118.180000305176	118.839996337891	437300	119.400001525879	117.26000213623	118.800003051758	118.139999389648	425100	118.629997253418	117.389999389648	117.769996643066	118.180000305176	325000	119.089996337891	117.400001525879	118.830001831055	118.25	627800	120.349998474121	117.580001831055	119.519996643066	118	465600	118.199996948242	115.959999084473	117.830001831055	117.480003356934	442200	118.73999786377	116.540000915527	118.309997558594	117.040000915527	316300	118.029998779297	115.470001220703	116.800003051758	115.629997253418	594300	114.569999694824	112.790000915527	113.660003662109	113.23999786377	1107500	114.580001831055	110.23999786377	112.98999786377	111.370002746582	688700	112.089996337891	109.529998779297	111.01000213623	110.809997558594	880300	111.839996337891	104.26000213623	110.949996948242	104.440002441406	717300	106.169998168945	103.660003662109	105.449996948242	105.029998779297	1191100	107.800003051758	103.699996948242	103.809997558594	105.800003051758	453400	106.029998779297	104.580001831055	105.309997558594	105.51000213623	96200	106.790000915527	105.120002746582	105.639999389648	106.75	256400	107.620002746582	105.73999786377	106.160003662109	107.309997558594	316300	107.480003356934	105.300003051758	106.080001831055	106.099998474121	346400	106.269996643066	104.120002746582	105.419998168945	106.050003051758	464500	106.349998474121	103.790000915527	106.349998474121	104.339996337891	490400	104.959999084473	102	104.73999786377	102.580001831055	503400	104.309997558594	102.339996337891	102.75	104.309997558594	460300	105.889999389648	103.949996948242	104.26000213623	104.830001831055	445100	105.23999786377	103.120002746582	105	103.860000610352	384700	103.970001220703	102.430000305176	103.970001220703	102.76000213623	393100	102.790000915527	99.2900009155274	101.01000213623	101.919998168945																																			
2024-10-24	2024-10-24	SNYR	Synergy Chc Corp.	Ross Jack	CEO, COB, 10%	P - Purchase	9	3e+05	4,711,757	+7%	+$2,700,000	2700000	19:01:13	0	73500	9.14999961853027	8.8100004196167	8.8100004196167	9.01000022888184	48900	9.30000019073486	8.14999961853027	9.30000019073486	8.39999961853027	7300	8.8120002746582	7.42000007629395	8.75	7.61999988555908	41800	8.86999988555908	7.09999990463257	7.6100001335144	7.61999988555908	12300	8.47999954223633	7.19999980926514	7.875	7.30000019073486	20200	7.26999998092651	6.27299976348877	7.07000017166138	7.19000005722046	2800	7.21000003814697	7	7.01999998092651	7.01999998092651	18100	7.40000009536743	6.75	7.09999990463257	6.75	46500	7.94799995422363	5.69999980926514	7.53000020980835	6.5	29700	8	6.19999980926514	6.19999980926514	7.09999990463257	18000	7.49200010299683	6.5	6.5	6.5	19200	6.55000019073486	6	6.30999994277954	6.53599977493286	11000	6.57399988174439	6	6.48000001907349	6.28499984741211	15700	7.1399998664856	6	6.01000022888184	6.34999990463257	12100	6.59000015258789	5.94999980926514	6.35500001907349	6.07999992370606	13800	6.53999996185303	6	6.1399998664856	6	20500	7.40999984741211	6.09999990463257	6.19999980926514	6.3600001335144	40100	7.61999988555908	6.03000020980835	6.88000011444092	6.38000011444092	92700	6.98000001907349	5.73000001907349	6.75	5.90000009536743	35900	7.65000009536743	5.75	6.36999988555908	5.82000017166138	22900	7.03000020980835	6	6.09999990463257	6.01999998092651	37200	6.34000015258789	5.5	5.76999998092651	5.80000019073486	15600	5.8899998664856	5.63000011444092	5.82200002670288	5.8899998664856	32600	6.09999990463257	5.80000019073486	6.09000015258789	6.09999990463257	13000	6.21000003814697	5.51999998092651	6.21000003814697	6.09999990463257	3700	5.82999992370606	5.59999990463257	5.80000019073486	5.76300001144409	10500	5.75	5.5	5.65000009536743	5.69000005722046	12600	5.75	5.5	5.5	5.5	20600	5.84000015258789	5.23000001907349	5.75	5.23000001907349	11800	5.73000001907349	5.05999994277954	5.23000001907349	5.57000017166138	11400	5.8600001335144	5.13700008392334	5.65000009536743	5.53999996185303	14200	5.98999977111816	5.07999992370606	5.98999977111816	5.84999990463257	20000	5.89300012588501	5.5	5.75299978256226	5.69999980926514	6500	5.73999977111816	5.51000022888184	5.59999990463257	5.67000007629395	5700	5.71299982070923	5.30000019073486	5.57800006866455	5.59999990463257	2000	5.55000019073486	5.26999998092651	5.54300022125244	5.26999998092651	7200	5.51000022888184	5.09999990463257	5.51000022888184	5.09999990463257	10500	5.73999977111816	5.09999990463257	5.09999990463257	5.44000005722046	14100	5.5	5.1100001335144	5.31500005722046	5.23000001907349	9200	5.48999977111816	5.11999988555908	5.28000020980835	5.11999988555908	21600	5.09999990463257	4.32999992370605	5.09999990463257	4.5																																								
2024-10-15	2024-10-14	MRVL	Marvell Technology, Inc.	Murphy Matthew J	COB, CEO	P - Purchase	77.63	13000	221,915	+6%	+$1,009,190	1009190	06:04:43	1	12347900	77.9199981689453	74.5500030517578	75	77.6800003051758	25056300	82.6500015258789	77.9700012207031	80.4400024414063	79.4100036621094	16355600	82.4100036621094	78.25	79.4100036621094	81.6800003051758	12989700	84.1900024414063	79.8899993896484	84.129997253418	79.9100036621094	5996000	81.0699996948242	79.5199966430664	80.4700012207031	79.8499984741211	8408700	82.9400024414063	80.5800018310547	80.7699966430664	81.8300018310547	8795100	83.6500015258789	81.1999969482422	81.1999969482422	83.3499984741211	8366400	83.3300018310547	79.7799987792969	82.9000015258789	81.8300018310547	6226300	82.879997253418	81.2200012207031	82.870002746582	81.9300003051758	6970400	83.4199981689453	81.5899963378906	82.3000030517578	81.6100006103516	6652500	83.9199981689453	81.879997253418	82.5999984741211	83.4400024414063	9883700	85.379997253418	83.0699996948242	83.4400024414063	84.870002746582	8417700	84.25	82.4899978637695	83.4300003051758	82.8000030517578	11273000	82.4499969482422	79.0500030517578	82.3000030517578	80.1100006103516	20330500	87.2799987792969	83.4400024414063	84.1999969482422	84.7699966430664	7935900	85.9100036621094	83.1100006103516	83.870002746582	84.379997253418	10233700	87.9899978637695	85.0699996948242	86.2799987792969	87.1900024414063	14695200	91.7099990844727	88.4800033569336	89.4199981689453	90.629997253418	11491100	94.0699996948242	91.6999969482422	91.7200012207031	93.9400024414063	8340000	95.0899963378906	92.9400024414062	93.5800018310547	93.8000030517578	10626600	94.2300033569336	90.3499984741211	93.5	92.25	8482400	93.8099975585938	91.5599975585937	92.25	92.7799987792969	9163000	92.8499984741211	89.75	91.4499969482422	90.0699996948242	7631900	92.4400024414063	90.1699981689453	91.870002746582	90.6999969482422	10001300	89.7900009155273	87.4800033569336	89.1399993896484	87.8300018310547	7073200	89.7799987792969	87.3600006103516	88	88.7099990844727	6784700	89.6699981689453	87.5800018310547	87.7099990844727	89.3399963378906	6532100	89.9599990844727	87.7099990844727	89.2099990844727	89.8600006103516	9535100	93.4899978637695	90.0699996948242	91.7699966430664	92.9400024414062	7455200	94.7799987792969	92.0100021362305	94.0599975585937	92.5100021362305	9986300	94.3600006103516	91.8300018310547	93.8499984741211	92.2399978637695	9016200	95.5500030517578	92.0299987792969	94	93.1399993896484	8787900	92.7099990844727	88.0100021362305	92.7099990844727	90.0999984741211	7131600	93.7799987792969	90.4199981689453	91.1800003051758	92.6900024414063	17482000	97.629997253418	94.9499969482422	97.370002746582	96.8600006103516	25015400	98.7200012207031	94.5999984741211	97.7900009155274	95.9100036621094	59995900	119.879997253418	109.569999694824	112.330001831055	118.150001525879	23963500	116.599998474121	112.099998474121	116.599998474121	113.370002746582	13782500	114.75	111.629997253418	113.480003356934	113.51000213623	17640800	112.879997253418	106.330001831055	111.720001220703	107.029998779297	13901600	108.709999084473	105	107.860000610352	106.680000305176	14798800	111.980003356934	108.480003356934	109.889999389648	111.360000610352	10190400	110.940002441406	107.919998168945	110.529998779297	109.01000213623	36722500	121.860000610352	115.099998474121	117.98999786377	120.769996643066																									
2024-10-02	2024-09-30	LUV	Southwest Airlines Co	Kelly Gary C	Exec COB	P - Purchase	29.52	33921	993,830	+4%	+$1,001,348	1001347.92	16:16:43	2	9592600	29.9500007629395	29.3999996185303	29.5200004577637	29.6299991607666	9465900	30.2099990844727	29.0499992370606	29.5499992370605	29.8799991607666	7088700	29.6499996185303	29.1599998474121	29.6100006103516	29.5699996948242	10322100	30.9500007629395	30.0200004577637	30.0799999237061	30.5100002288818	9565300	32.2000007629395	30.9500007629395	31.4500007629395	31.25	5292500	31.3700008392334	30.75	31.1599998474121	31.0400009155273	7657700	31.5900001525879	30.4899997711182	31.3400001525879	30.6700000762939	6665800	31.3799991607666	30.5100002288818	31	30.6399993896484	4603600	30.7999992370605	30.0100002288818	30.0400009155273	30.3600006103516	4451400	30.7399997711182	29.9699993133545	30.0400009155273	30.6200008392334	5805600	30.8500003814697	29.9699993133545	30.75	30.3700008392334	5410000	31.1499996185303	30.4400005340576	31	30.4899997711182	6313300	31.2399997711182	30.5200004577637	30.6499996185303	30.9099998474121	7515000	30.8299999237061	29.9899997711182	30.8299999237061	30.0900001525879	8078900	31.1800003051758	29.9500007629395	30.1800003051758	30.9799995422363	7617900	30.7900009155273	30.170000076294	30.5699996948242	30.4400005340576	9247100	30.75	30.0200004577637	30.3700008392334	30.4899997711182	6683000	30.7900009155273	30.2800006866455	30.4599990844727	30.7299995422363	16801800	30.7600002288818	28.5799999237061	30.5499992370606	29.0200004577637	9321800	29.6399993896484	29.1299991607666	29.3700008392334	29.4300003051758	13045900	30.4400005340576	29.4500007629395	29.9400005340576	30.2999992370606	9444700	31.1499996185303	29.8199996948242	30.0300006866455	31.0300006866455	7542700	31.8400001525879	31.0599994659424	31.0900001525879	31.4699993133545	6561000	31.6800003051758	30.5100002288818	31.4699993133545	30.5799999237061	6158200	31.0400009155273	30.5300006866455	30.7399997711182	30.6100006103516	5578300	30.8400001525879	29.8999996185303	30.5499992370606	29.9099998474121	5793400	30.6399993896484	29.9300003051758	29.9599990844727	30.6299991607666	8178400	31.8999996185303	30.9899997711182	31.4799995422363	31.3899993896484	5654500	31.6000003814697	31.0499992370606	31.1599998474121	31.2600002288818	4071200	31.8799991607666	31.25	31.3700008392334	31.7800006866455	7113700	32.939998626709	31.7000007629395	31.8999996185303	32.6500015258789	6546300	32.5400009155273	31.5499992370606	32.2200012207031	32.0299987792969	7172300	33.1500015258789	31.8799991607666	31.8799991607666	32.3800010681152	6263500	33.0800018310547	32.2900009155273	32.5499992370606	32.4199981689453	6251400	32.6599998474121	31.7600002288818	32.25	32.5999984741211	6988100	32.7799987792969	32.0299987792969	32.5999984741211	32.3300018310547	4246300	32.560001373291	31.75	31.9200000762939	32.3600006103516	6452700	32.3199996948242	31.4500007629395	32.2400016784668	31.7700004577637	5153300	32.2400016784668	31.6100006103516	31.7399997711182	31.7900009155273	5942600	32.1399993896484	31.6800003051758	31.8600006103516	31.9699993133545	7658900	32.6599998474121	32.2200012207031	32.3899993896484	32.4300003051758	5992900	32.3699989318848	31.7900009155273	31.8799991607666	31.9599990844727	4108200	32.3699989318848	31.7099990844727	31.9400005340576	32.3600006103516	2665100	32.6100006103516	32.1699981689453	32.4000015258789	32.3600006103516																									
2024-10-01	2024-09-26	XAIR	Beyond Air, Inc.	Lisi Steven A.	CEO, COB	P - Purchase	0.5	1476626	3,249,411	+83%	+$744,662	738313	21:27:33	5	9890	7.59999990463257	7.1399998664856	7.34000015258789	7.57999992370606	141495	7.59999990463257	6.21999979019165	7.40000009536743	7.28000020980835	43585	8.14000034332275	6.92000007629395	7.28000020980835	7.76000022888184	68940	7.71999979019165	5.92000007629395	7.71999979019165	6.03999996185303	132660	7.90000009536743	6.21999979019165	6.88000011444092	6.67999982833862	80785	7.78000020980835	6.40000009536743	6.67999982833862	7.67999982833862	79530	8.88000011444092	7.59999990463257	7.98000001907349	8.4399995803833	41210	8.77999973297119	7.80000019073486	8.68000030517578	7.98000001907349	41630	7.90000009536743	6.59999990463257	7.90000009536743	7.17999982833862	47765	10.3999996185303	7	7.40000009536743	7.15999984741211	51445	7.59999990463257	6.44000005722046	7.30000019073486	6.61999988555908	46945	7.30000019073486	6.19999980926514	7	6.82000017166138	42300	7.09999990463257	6.05999994277954	6.8600001335144	6.32000017166138	18480	6.8600001335144	6.19999980926514	6.32000017166138	6.8600001335144	18785	6.8600001335144	6.51999998092651	6.8600001335144	6.65999984741211	15635	6.90000009536743	6.34000015258789	6.65999984741211	6.90000009536743	20335	6.90000009536743	6.5	6.90000009536743	6.71999979019165	24365	7.23999977111816	6.40000009536743	6.40000009536743	7.17999982833862	13200	7.80000019073486	7	7.15999984741211	7.69999980926514	14025	7.6399998664856	7.11999988555908	7.6399998664856	7.32000017166138	32625	8	7.32000017166138	7.57999992370606	7.90000009536743	32430	8.15999984741211	7.61999988555908	7.65999984741211	8.03999996185303	37770	9.02000045776367	7.90000009536743	8.39999961853027	8.5600004196167	41780	9.89999961853027	8.61999988555908	9	9.53999996185303	68870	11.6000003814697	9.80000019073486	10.1999998092651	10.3800001144409	58860	11.7200002670288	10.3999996185303	11	11.3999996185303	39390	11.8000001907349	9.57999992370605	11.6000003814697	9.80000019073486	19360	9.69999980926514	9.60000038146973	9.64000034332275	9.60000038146973	20145	10.1999998092651	8.61999988555908	9.60000038146973	8.89999961853027	11250	10.0799999237061	8.81999969482422	8.89999961853027	9.60000038146973	20565	10.6000003814697	9.39999961853027	9.60000038146973	10.1800003051758	13810	10.1999998092651	9.26000022888184	10.1800003051758	9.47999954223633	65850	10.5	9.42000007629395	9.65999984741211	10.1999998092651	57980	10.8199996948242	8.4399995803833	8.77999973297119	9.88000011444092	11690	10.1999998092651	9.23999977111816	10.1999998092651	9.65999984741211	31165	11.1999998092651	9.5	9.69999980926514	10.6000003814697	21405	10.8000001907349	10	10.6000003814697	10.0200004577637	11920	10.7600002288818	9.80000019073486	10.1999998092651	10.1800003051758	23410	10.7799997329712	10	10.1999998092651	10.5	20640	10.5	9.69999980926514	10.2200002670288	9.84000015258789	16285	10.4399995803833	9.80000019073486	9.80000019073486	10.3800001144409	18205	11.1999998092651	10.3800001144409	10.3800001144409	10.8000001907349	13055	11.2399997711182	10.6400003433228	11	10.9200000762939	84050	13.5200004577637	11	11.039999961853	13.3400001525879	79325	13.1999998092651	10.1999998092651	13.1999998092651	11.3199996948242	40495	11.5600004196167	10	11.5600004196167	10.3000001907349															
2024-09-25	2024-09-23	FBIO	Fortress Biotech, Inc.	Rosenwald Lindsay A Md	Pres, CEO, COB, 10%	P - Purchase	1.84	763359	3,657,264	+26%	+$1,404,581	1404580.56	16:45:04	2	840600	1.54999995231628	1.41999995708466	1.53999996185303	1.42999994754791	1052300	1.46000003814697	1.36000001430511	1.46000003814697	1.38999998569489	1160000	1.44000005722046	1.38999998569489	1.42999994754791	1.4099999666214	1286500	1.53999996185303	1.44000005722046	1.52999997138977	1.45000004768372	830200	1.51999998092651	1.46000003814697	1.46000003814697	1.49000000953674	574200	1.48000001907349	1.44000005722046	1.48000001907349	1.45000004768372	877700	1.5	1.4099999666214	1.47000002861023	1.42999994754791	842400	1.5900000333786	1.39999997615814	1.44000005722046	1.57000005245209	802100	1.64999997615814	1.5	1.55999994277954	1.61000001430511	567300	1.63999998569489	1.57000005245209	1.63999998569489	1.62999999523163	281100	1.62999999523163	1.58000004291534	1.62000000476837	1.5900000333786	697800	1.61000001430511	1.5	1.5900000333786	1.52999997138977	426800	1.5900000333786	1.51999998092651	1.53999996185303	1.58000004291534	317800	1.62999999523163	1.55999994277954	1.57000005245209	1.58000004291534	479100	1.63999998569489	1.58000004291534	1.58000004291534	1.62999999523163	481800	1.70000004768372	1.63999998569489	1.64999997615814	1.67999994754791	283600	1.73000001907349	1.67999994754791	1.69000005722046	1.72000002861023	585800	1.75999999046326	1.72000002861023	1.73000001907349	1.75	683000	1.85000002384186	1.74000000953674	1.77999997138977	1.80999994277954	632900	1.87000000476837	1.73000001907349	1.85000002384186	1.83000004291534	415200	1.82000005245209	1.74000000953674	1.79999995231628	1.77999997138977	651500	1.85000002384186	1.74000000953674	1.78999996185303	1.80999994277954	299400	1.85000002384186	1.75999999046326	1.80999994277954	1.77999997138977	265800	1.80999994277954	1.72000002861023	1.76999998092651	1.73000001907349	761300	1.87999999523163	1.71000003814697	1.73000001907349	1.85000002384186	1096200	2.03999996185303	1.9099999666214	1.94000005722046	2.01999998092651	881400	2.09999990463257	1.94000005722046	2.01999998092651	2.01999998092651	474800	2.0699999332428	1.91999995708466	2.02999997138977	1.94000005722046	388200	1.95000004768372	1.86000001430511	1.9099999666214	1.89999997615814	786100	1.96000003814697	1.86000001430511	1.92999994754791	1.89999997615814	1672200	1.99000000953674	1.70000004768372	1.99000000953674	1.73000001907349	1153700	1.76999998092651	1.54999995231628	1.70000004768372	1.76999998092651	483800	1.82000005245209	1.69000005722046	1.74000000953674	1.75999999046326	240300	1.79999995231628	1.71000003814697	1.76999998092651	1.72000002861023	313200	1.75999999046326	1.6599999666214	1.71000003814697	1.71000003814697	278700	1.78999996185303	1.71000003814697	1.73000001907349	1.75999999046326	365300	1.75	1.6599999666214	1.75	1.70000004768372	434800	1.74000000953674	1.62999999523163	1.72000002861023	1.64999997615814	318700	1.63999998569489	1.55999994277954	1.62999999523163	1.57000005245209	817800	1.57000005245209	1.4099999666214	1.54999995231628	1.42999994754791	432800	1.53999996185303	1.46000003814697	1.46000003814697	1.48000001907349	554100	1.63999998569489	1.5	1.5	1.5900000333786	380400	1.62999999523163	1.54999995231628	1.60000002384186	1.57000005245209	266500	1.63999998569489	1.54999995231628	1.62999999523163	1.57000005245209	177800	1.62000000476837	1.54999995231628	1.54999995231628	1.61000001430511																				
2024-09-12	2024-09-10	APTV	Aptiv Plc	Clark Kevin P	COB, CEO	P - Purchase	65.45	29770	958,514	+3%	+$1,948,563	1948446.5	16:05:08	2	3543900	68.4100036621094	64.9800033569336	67.0500030517578	65.379997253418	3945700	65.5999984741211	63.6199989318848	65.3199996948242	65.4700012207031	3797500	67.5299987792969	65.3099975585938	65.4000015258789	67	3634100	69.7600021362305	68.4100036621094	68.629997253418	68.9499969482422	2822400	69.5800018310547	67.8399963378906	69.129997253418	68.7900009155274	4569300	71.4599990844727	69.3499984741211	69.6399993896484	70.2200012207031	2405900	71.1900024414063	69.4599990844727	70.4300003051758	69.6699981689453	3771700	71.870002746582	70.0199966430664	71.7699966430664	70.5199966430664	7778800	70.9700012207031	69.7099990844727	70.8099975585938	69.8399963378906	2961300	71.9100036621094	69.9300003051758	70	71.5599975585938	1988100	73.4300003051758	71.5800018310547	72.4499969482422	72.1100006103516	2799600	71.8899993896484	70.2900009155274	71.5699996948242	70.5599975585938	3375200	72.5699996948242	70.9599990844727	71.7799987792969	72.3099975585938	4028700	75.4100036621094	72.9400024414063	73.6100006103516	74.2399978637695	3178400	72.8199996948242	71.2900009155274	71.6100006103516	72.0100021362305	3518300	71.7699966430664	70.2200012207031	71.7200012207031	70.5199966430664	3088600	71.9199981689453	70	70.8399963378906	70.0500030517578	1975800	69.4000015258789	68.4199981689453	68.9499969482422	68.9700012207031	1917700	70.6699981689453	69.7099990844727	70.25	70.3300018310547	1758100	70.9400024414063	69.7799987792969	70	70.4700012207031	2136100	70.8199996948242	68.879997253418	70.4499969482422	69.5999984741211	2670400	71.3899993896484	69.2200012207031	69.5400009155274	71.3600006103516	2033900	71.6800003051758	70.2300033569336	70.6800003051758	70.75	1753400	71.4899978637695	70.379997253418	70.4400024414063	71.2900009155274	2298400	71.5100021362305	70.3899993896484	71.1500015258789	71.0899963378906	2628600	71.370002746582	69.870002746582	70.4400024414063	70	2512300	71.3600006103516	70.0800018310547	70.6600036621094	70.3600006103516	4405900	70.629997253418	68.9700012207031	70.0400009155274	69.9000015258789	2134800	73.4700012207031	71.2399978637695	72.8000030517578	71.7600021362305	2289000	72.6399993896484	70.0100021362305	72.4599990844727	70.0999984741211	2185200	70.2099990844727	69.1500015258789	70	69.6800003051758	2389400	69.7399978637695	68.3499984741211	69.3300018310547	69.5299987792969	3187400	71.3899993896484	67.5	70.3499984741211	68.3099975585938	2383700	70	68.5500030517578	69.1100006103516	69.3099975585938	2309700	70.9700012207031	69.3600006103516	69.6699981689453	70.4000015258789	3089600	70	68.8300018310547	69.6999969482422	69.1500015258789	3010900	70	68.2600021362305	68.629997253418	69.0699996948242	18358400	63.2000007629395	54.7000007629395	62.4300003051758	56.8300018310547	6184300	58.9500007629395	56	57.4900016784668	56.3699989318848	4703100	57.7700004577637	55.9300003051758	56.5900001525879	55.9300003051758	5998700	55.6500015258789	53.9599990844727	55.5400009155274	55.2400016784668	6886400	55.9099998474121	52.810001373291	55.8899993896484	53.8300018310547	4401100	56.4799995422363	54.0999984741211	54.3800010681152	55.6399993896484	4562600	56.7799987792969	54.5800018310547	55.4199981689453	56.25																									
2024-09-10	2024-09-06	CLAR	Clarus Corp	Kanders Warren B	Exec COB, 10%	P - Purchase	4.14	280000	9,944,951	+3%	+$1,160,034	1159200	19:27:32	4	628700	4.21999979019165	4.07000017166138	4.15999984741211	4.07000017166138	650800	4.19000005722046	3.98000001907349	4.15000009536743	4	792700	4.05999994277954	3.89000010490418	4	4.03999996185303	1590800	4.3600001335144	4	4.28999996185303	4.26999998092651	538700	4.55999994277954	4.30000019073486	4.30000019073486	4.44999980926514	490200	4.59000015258789	4.46000003814697	4.48999977111816	4.5	298400	4.6100001335144	4.38000011444092	4.55000019073486	4.51000022888184	433300	4.69000005722046	4.55000019073486	4.55000019073486	4.65000009536743	399500	4.82000017166138	4.59999990463257	4.59999990463257	4.65999984741211	249700	4.82000017166138	4.69999980926514	4.76999998092651	4.73000001907349	410900	4.76000022888184	4.65000009536743	4.67999982833862	4.67000007629395	300200	4.69000005722046	4.55999994277954	4.67999982833862	4.59000015258789	215000	4.71000003814697	4.57000017166138	4.63000011444092	4.6399998664856	133900	4.6399998664856	4.40000009536743	4.6399998664856	4.40999984741211	264900	4.57000017166138	4.42999982833862	4.48000001907349	4.48999977111816	221300	4.71999979019165	4.55000019073486	4.55000019073486	4.61999988555908	303100	4.67999982833862	4.48999977111816	4.63000011444092	4.5	701800	4.53999996185303	4.15999984741211	4.51000022888184	4.32000017166138	178900	4.36999988555908	4.26000022888184	4.30000019073486	4.34999990463257	132000	4.30999994277954	4.21999979019165	4.30999994277954	4.26999998092651	120400	4.3899998664856	4.30000019073486	4.32000017166138	4.38000011444092	233500	4.3899998664856	4.28999996185303	4.36999988555908	4.3899998664856	162500	4.42999982833862	4.34999990463257	4.40999984741211	4.42000007629395	103900	4.55000019073486	4.40000009536743	4.44000005722046	4.48999977111816	140700	4.48999977111816	4.3899998664856	4.46000003814697	4.46999979019165	300500	4.48999977111816	4.34999990463257	4.46999979019165	4.3899998664856	146700	4.46000003814697	4.32000017166138	4.40000009536743	4.44000005722046	188400	4.57999992370606	4.40999984741211	4.44000005722046	4.48000001907349	129900	4.57000017166138	4.48000001907349	4.5	4.5	117700	4.53999996185303	4.36999988555908	4.53999996185303	4.44999980926514	198100	4.46000003814697	4.34000015258789	4.34999990463257	4.3899998664856	139400	4.44999980926514	4.26999998092651	4.38000011444092	4.28999996185303	112100	4.32000017166138	4.19999980926514	4.28000020980835	4.23999977111816	326500	4.23999977111816	4.07999992370605	4.23000001907349	4.09999990463257	155200	4.1399998664856	4.07000017166138	4.1100001335144	4.09000015258789	154700	4.26000022888184	4.03999996185303	4.11999988555908	4.05000019073486	118500	4.23000001907349	4.09000015258789	4.23000001907349	4.1100001335144	156200	4.17999982833862	4.05999994277954	4.09999990463257	4.17000007629395	196300	4.28000020980835	4.17000007629395	4.19999980926514	4.19999980926514	213400	4.26000022888184	4.17999982833862	4.21000003814697	4.21000003814697	213600	4.46000003814697	4.21000003814697	4.25	4.46000003814697	289400	4.65000009536743	4.40999984741211	4.48000001907349	4.44000005722046	208900	4.65000009536743	4.3899998664856	4.44999980926514	4.65000009536743	365600	4.92999982833862	4.69000005722046	4.88000011444092	4.82999992370606	277100	4.94000005722046	4.75	4.86999988555908	4.75	704200	4.53999996185303	4.07999992370605	4.07999992370605	4.40999984741211															
2024-09-09	2024-09-06	BSM	Black Stone Minerals, L.P.	Carter Thomas L Jr	CEO, Pres,, COB	P - Purchase	14.12	1e+05	14,908,151	+1%	+$1,411,800	1412000	18:02:29	3	641900	14.3699998855591	13.9499998092651	14.2799997329712	14.1000003814697	558700	14.1999998092651	13.960000038147	14.1000003814697	14.0500001907349	1211500	14.6000003814697	13.9700002670288	14.1000003814697	14.5900001525879	396200	14.7799997329712	14.4799995422363	14.6999998092651	14.6499996185303	244000	14.789999961853	14.5900001525879	14.7200002670288	14.789999961853	295300	14.8900003433228	14.5900001525879	14.8000001907349	14.6400003433228	266800	14.8999996185303	14.6999998092651	14.7200002670288	14.8900003433228	320700	15.039999961853	14.8699998855591	14.8900003433228	14.9399995803833	241300	15.0799999237061	14.8800001144409	14.8800001144409	14.9499998092651	263400	15.1499996185303	14.9700002670288	15.1000003814697	15	785100	15.0500001907349	14.8299999237061	15.0299997329712	14.9399995803833	256400	15.0699996948242	14.9300003051758	15.0699996948242	14.9899997711182	262100	15.039999961853	14.8999996185303	15.0100002288818	14.9300003051758	453600	14.9899997711182	14.7299995422363	14.9899997711182	14.9200000762939	595000	14.9799995422363	14.7200002670288	14.8199996948242	14.8100004196167	254400	15.039999961853	14.8500003814697	14.9200000762939	15	343600	15.1099996566772	14.8999996185303	14.9499998092651	15.1000003814697	326200	15.1999998092651	14.9359998703003	15	15.1400003433228	155000	15.1899995803833	15	15.1499996185303	15.1599998474121	194000	15.2700004577637	15.0880002975464	15.1499996185303	15.2200002670288	292500	15.3800001144409	15.2299995422363	15.2299995422363	15.3500003814697	617000	15.5649995803833	15.2799997329712	15.3199996948242	15.3599996566772	294200	15.289999961853	15.0950002670288	15.289999961853	15.1199998855591	221100	15.2200002670288	15.0200004577637	15.0900001525879	15.1700000762939	186100	15.289999961853	15.1300001144409	15.1800003051758	15.210000038147	358900	15.3149995803833	15.1300001144409	15.289999961853	15.2399997711182	444800	15.2299995422363	14.960000038147	15.2299995422363	15.0699996948242	354900	15.0299997329712	14.7600002288818	15	14.8599996566772	270400	15	14.8269996643066	14.9300003051758	14.9099998474121	209400	15.1000003814697	14.8990001678467	14.9099998474121	15.0900001525879	299000	15.039999961853	14.914999961853	15	14.960000038147	246800	15.0699996948242	14.8800001144409	14.9899997711182	14.9700002670288	204800	15.039999961853	14.8800001144409	15.0100002288818	15.0100002288818	341600	15.039999961853	14.8500003814697	15	14.9799995422363	332900	15.1300001144409	14.8489999771118	15	15.1099996566772	332100	15.1499996185303	14.8800001144409	15.1000003814697	14.9200000762939	543200	14.8699998855591	14.5699996948242	14.8500003814697	14.6700000762939	407500	14.8149995803833	14.6300001144409	14.710000038147	14.6499996185303	173700	14.7799997329712	14.6400003433228	14.6499996185303	14.7399997711182	162200	14.8420000076294	14.6700000762939	14.7799997329712	14.7600002288818	324500	14.914999961853	14.7299995422363	14.8000001907349	14.8699998855591	336900	15.5	14.8610000610352	15	14.9399995803833	602400	15.03600025177	14.6800003051758	14.8000001907349	14.9099998474121	887900	15.210000038147	14.8000001907349	15	15.1199998855591	639500	15.4610004425049	15.0500001907349	15.1599998474121	15.4200000762939																				
2024-09-09	2024-09-05	GBDC	Golub Capital Bdc, Inc.	Golub Lawrence E	COB	P - Purchase	14.85	40000	7,892,172	+1%	+$593,800	594000	17:10:06	4	1160000	14.9700002670288	14.8500003814697	14.8999996185303	14.8900003433228	1257000	14.9700002670288	14.6899995803833	14.9099998474121	14.7600002288818	1404500	14.9300003051758	14.7399997711182	14.8500003814697	14.75	1713800	14.8100004196167	14.6400003433228	14.8000001907349	14.6800003051758	1590400	14.7200002670288	14.4700002670288	14.6300001144409	14.6999998092651	1029400	14.9200000762939	14.7299995422363	14.75	14.8699998855591	1293100	15.0900001525879	14.9099998474121	14.9099998474121	15.0900001525879	1265000	15.1400003433228	15.0100002288818	15.1000003814697	15.0500001907349	1420100	15.0699996948242	14.8400001525879	15.0500001907349	14.8599996566772	737900	14.9899997711182	14.8500003814697	14.8500003814697	14.9499998092651	1467700	15.0900001525879	14.8900003433228	15	14.9200000762939	1231900	14.9300003051758	14.8400001525879	14.9300003051758	14.8900003433228	1123500	15	14.8699998855591	14.8900003433228	14.9799995422363	1269300	15.0600004196167	14.9499998092651	15	14.960000038147	1567700	14.9499998092651	14.7799997329712	14.9399995803833	14.7799997329712	1693500	15.0799999237061	14.8500003814697	14.8500003814697	14.9899997711182	2237800	15.1000003814697	14.9300003051758	15	14.960000038147	3712900	15.1599998474121	14.9200000762939	14.9499998092651	15.1099996566772	1657800	15.0900001525879	14.8199996948242	15.0699996948242	14.8900003433228	1075700	15.0299997329712	14.8999996185303	14.8999996185303	15	1092600	15.0500001907349	14.9300003051758	14.9700002670288	15.039999961853	1097700	15.1800003051758	15.0100002288818	15.1199998855591	15.1700000762939	1738500	15.1899995803833	15.039999961853	15.1499996185303	15.1800003051758	947900	15.1999998092651	15.0100002288818	15.1999998092651	15.1700000762939	951400	15.1800003051758	15.0600004196167	15.1700000762939	15.0699996948242	1363500	15.0900001525879	14.9899997711182	15.0200004577637	15.0600004196167	810800	15.1099996566772	15.039999961853	15.039999961853	15.0900001525879	635800	15.1700000762939	15.0900001525879	15.0900001525879	15.1499996185303	949800	15.3400001525879	15.1899995803833	15.1899995803833	15.2399997711182	1314600	15.3500003814697	15.2299995422363	15.3000001907349	15.3500003814697	1078000	15.4499998092651	15.3000001907349	15.3500003814697	15.4399995803833	863300	15.4799995422363	15.3800001144409	15.4300003051758	15.4399995803833	946600	15.5100002288818	15.4099998474121	15.4200000762939	15.4899997711182	1110400	15.5600004196167	15.3999996185303	15.5100002288818	15.4099998474121	1017300	15.4899997711182	15.3199996948242	15.4200000762939	15.4099998474121	1503300	15.5500001907349	15.3299999237061	15.4099998474121	15.5500001907349	1565800	15.5500001907349	15.2700004577637	15.5500001907349	15.2799997329712	1164200	15.5500001907349	15.3100004196167	15.3100004196167	15.5100002288818	1089700	15.5100002288818	15.3299999237061	15.5100002288818	15.3500003814697	826800	15.4499998092651	15.2399997711182	15.3199996948242	15.2799997329712	1107400	15.3500003814697	15.0699996948242	15.3100004196167	15.1400003433228	1294400	15.2299995422363	15.0799999237061	15.1599998474121	15.0799999237061	1010800	15.1000003814697	14.8800001144409	15.1000003814697	14.9300003051758	869100	15.0600004196167	14.8900003433228	14.8999996185303	15	1582800	15.4399995803833	15.0699996948242	15.25	15.3900003433228	877700	15.4399995803833	15.3199996948242	15.3699998855591	15.3599996566772															
2024-09-05	2024-09-03	GBDC	Golub Capital Bdc, Inc.	Golub Lawrence E	COB	P - Purchase	14.93	40000	7,852,172	+1%	+$597,000	597200	17:10:08	2	1417100	14.960000038147	14.8299999237061	14.8400001525879	14.8999996185303	1452100	15.039999961853	14.8599996566772	14.9700002670288	14.8999996185303	1160000	14.9700002670288	14.8500003814697	14.8999996185303	14.8900003433228	1257000	14.9700002670288	14.6899995803833	14.9099998474121	14.7600002288818	1404500	14.9300003051758	14.7399997711182	14.8500003814697	14.75	1713800	14.8100004196167	14.6400003433228	14.8000001907349	14.6800003051758	1590400	14.7200002670288	14.4700002670288	14.6300001144409	14.6999998092651	1029400	14.9200000762939	14.7299995422363	14.75	14.8699998855591	1293100	15.0900001525879	14.9099998474121	14.9099998474121	15.0900001525879	1265000	15.1400003433228	15.0100002288818	15.1000003814697	15.0500001907349	1420100	15.0699996948242	14.8400001525879	15.0500001907349	14.8599996566772	737900	14.9899997711182	14.8500003814697	14.8500003814697	14.9499998092651	1467700	15.0900001525879	14.8900003433228	15	14.9200000762939	1231900	14.9300003051758	14.8400001525879	14.9300003051758	14.8900003433228	1123500	15	14.8699998855591	14.8900003433228	14.9799995422363	1269300	15.0600004196167	14.9499998092651	15	14.960000038147	1567700	14.9499998092651	14.7799997329712	14.9399995803833	14.7799997329712	1693500	15.0799999237061	14.8500003814697	14.8500003814697	14.9899997711182	2237800	15.1000003814697	14.9300003051758	15	14.960000038147	3712900	15.1599998474121	14.9200000762939	14.9499998092651	15.1099996566772	1657800	15.0900001525879	14.8199996948242	15.0699996948242	14.8900003433228	1075700	15.0299997329712	14.8999996185303	14.8999996185303	15	1092600	15.0500001907349	14.9300003051758	14.9700002670288	15.039999961853	1097700	15.1800003051758	15.0100002288818	15.1199998855591	15.1700000762939	1738500	15.1899995803833	15.039999961853	15.1499996185303	15.1800003051758	947900	15.1999998092651	15.0100002288818	15.1999998092651	15.1700000762939	951400	15.1800003051758	15.0600004196167	15.1700000762939	15.0699996948242	1363500	15.0900001525879	14.9899997711182	15.0200004577637	15.0600004196167	810800	15.1099996566772	15.039999961853	15.039999961853	15.0900001525879	635800	15.1700000762939	15.0900001525879	15.0900001525879	15.1499996185303	949800	15.3400001525879	15.1899995803833	15.1899995803833	15.2399997711182	1314600	15.3500003814697	15.2299995422363	15.3000001907349	15.3500003814697	1078000	15.4499998092651	15.3000001907349	15.3500003814697	15.4399995803833	863300	15.4799995422363	15.3800001144409	15.4300003051758	15.4399995803833	946600	15.5100002288818	15.4099998474121	15.4200000762939	15.4899997711182	1110400	15.5600004196167	15.3999996185303	15.5100002288818	15.4099998474121	1017300	15.4899997711182	15.3199996948242	15.4200000762939	15.4099998474121	1503300	15.5500001907349	15.3299999237061	15.4099998474121	15.5500001907349	1565800	15.5500001907349	15.2700004577637	15.5500001907349	15.2799997329712	1164200	15.5500001907349	15.3100004196167	15.3100004196167	15.5100002288818	1089700	15.5100002288818	15.3299999237061	15.5100002288818	15.3500003814697	826800	15.4499998092651	15.2399997711182	15.3199996948242	15.2799997329712	1107400	15.3500003814697	15.0699996948242	15.3100004196167	15.1400003433228	1294400	15.2299995422363	15.0799999237061	15.1599998474121	15.0799999237061																									
2024-09-03	2024-08-29	GBDC	Golub Capital Bdc, Inc.	Golub Lawrence E	COB	P - Purchase	15.01	40000	7,812,172	+1%	+$600,200	600400	16:30:51	5	2726000	15.3999996185303	14.9899997711182	15.1499996185303	15.0900001525879	1715600	14.9399995803833	14.7299995422363	14.7399997711182	14.8900003433228	1417100	14.960000038147	14.8299999237061	14.8400001525879	14.8999996185303	1452100	15.039999961853	14.8599996566772	14.9700002670288	14.8999996185303	1160000	14.9700002670288	14.8500003814697	14.8999996185303	14.8900003433228	1257000	14.9700002670288	14.6899995803833	14.9099998474121	14.7600002288818	1404500	14.9300003051758	14.7399997711182	14.8500003814697	14.75	1713800	14.8100004196167	14.6400003433228	14.8000001907349	14.6800003051758	1590400	14.7200002670288	14.4700002670288	14.6300001144409	14.6999998092651	1029400	14.9200000762939	14.7299995422363	14.75	14.8699998855591	1293100	15.0900001525879	14.9099998474121	14.9099998474121	15.0900001525879	1265000	15.1400003433228	15.0100002288818	15.1000003814697	15.0500001907349	1420100	15.0699996948242	14.8400001525879	15.0500001907349	14.8599996566772	737900	14.9899997711182	14.8500003814697	14.8500003814697	14.9499998092651	1467700	15.0900001525879	14.8900003433228	15	14.9200000762939	1231900	14.9300003051758	14.8400001525879	14.9300003051758	14.8900003433228	1123500	15	14.8699998855591	14.8900003433228	14.9799995422363	1269300	15.0600004196167	14.9499998092651	15	14.960000038147	1567700	14.9499998092651	14.7799997329712	14.9399995803833	14.7799997329712	1693500	15.0799999237061	14.8500003814697	14.8500003814697	14.9899997711182	2237800	15.1000003814697	14.9300003051758	15	14.960000038147	3712900	15.1599998474121	14.9200000762939	14.9499998092651	15.1099996566772	1657800	15.0900001525879	14.8199996948242	15.0699996948242	14.8900003433228	1075700	15.0299997329712	14.8999996185303	14.8999996185303	15	1092600	15.0500001907349	14.9300003051758	14.9700002670288	15.039999961853	1097700	15.1800003051758	15.0100002288818	15.1199998855591	15.1700000762939	1738500	15.1899995803833	15.039999961853	15.1499996185303	15.1800003051758	947900	15.1999998092651	15.0100002288818	15.1999998092651	15.1700000762939	951400	15.1800003051758	15.0600004196167	15.1700000762939	15.0699996948242	1363500	15.0900001525879	14.9899997711182	15.0200004577637	15.0600004196167	810800	15.1099996566772	15.039999961853	15.039999961853	15.0900001525879	635800	15.1700000762939	15.0900001525879	15.0900001525879	15.1499996185303	949800	15.3400001525879	15.1899995803833	15.1899995803833	15.2399997711182	1314600	15.3500003814697	15.2299995422363	15.3000001907349	15.3500003814697	1078000	15.4499998092651	15.3000001907349	15.3500003814697	15.4399995803833	863300	15.4799995422363	15.3800001144409	15.4300003051758	15.4399995803833	946600	15.5100002288818	15.4099998474121	15.4200000762939	15.4899997711182	1110400	15.5600004196167	15.3999996185303	15.5100002288818	15.4099998474121	1017300	15.4899997711182	15.3199996948242	15.4200000762939	15.4099998474121	1503300	15.5500001907349	15.3299999237061	15.4099998474121	15.5500001907349	1565800	15.5500001907349	15.2700004577637	15.5500001907349	15.2799997329712	1164200	15.5500001907349	15.3100004196167	15.3100004196167	15.5100002288818	1089700	15.5100002288818	15.3299999237061	15.5100002288818	15.3500003814697	826800	15.4499998092651	15.2399997711182	15.3199996948242	15.2799997329712	1107400	15.3500003814697	15.0699996948242	15.3100004196167	15.1400003433228	1294400	15.2299995422363	15.0799999237061	15.1599998474121	15.0799999237061															
2024-08-28	2024-08-26	GBDC	Golub Capital Bdc, Inc.	Golub Lawrence E	COB	P - Purchase	15.04	40000	7,752,172	+1%	+$601,400	601600	16:39:35	2	1661100	15.0799999237061	14.9300003051758	15.039999961853	14.960000038147	1231200	15.1400003433228	14.9799995422363	15.0500001907349	15.1000003814697	1355900	15.1099996566772	14.9899997711182	15.0699996948242	14.9899997711182	2726000	15.3999996185303	14.9899997711182	15.1499996185303	15.0900001525879	1715600	14.9399995803833	14.7299995422363	14.7399997711182	14.8900003433228	1417100	14.960000038147	14.8299999237061	14.8400001525879	14.8999996185303	1452100	15.039999961853	14.8599996566772	14.9700002670288	14.8999996185303	1160000	14.9700002670288	14.8500003814697	14.8999996185303	14.8900003433228	1257000	14.9700002670288	14.6899995803833	14.9099998474121	14.7600002288818	1404500	14.9300003051758	14.7399997711182	14.8500003814697	14.75	1713800	14.8100004196167	14.6400003433228	14.8000001907349	14.6800003051758	1590400	14.7200002670288	14.4700002670288	14.6300001144409	14.6999998092651	1029400	14.9200000762939	14.7299995422363	14.75	14.8699998855591	1293100	15.0900001525879	14.9099998474121	14.9099998474121	15.0900001525879	1265000	15.1400003433228	15.0100002288818	15.1000003814697	15.0500001907349	1420100	15.0699996948242	14.8400001525879	15.0500001907349	14.8599996566772	737900	14.9899997711182	14.8500003814697	14.8500003814697	14.9499998092651	1467700	15.0900001525879	14.8900003433228	15	14.9200000762939	1231900	14.9300003051758	14.8400001525879	14.9300003051758	14.8900003433228	1123500	15	14.8699998855591	14.8900003433228	14.9799995422363	1269300	15.0600004196167	14.9499998092651	15	14.960000038147	1567700	14.9499998092651	14.7799997329712	14.9399995803833	14.7799997329712	1693500	15.0799999237061	14.8500003814697	14.8500003814697	14.9899997711182	2237800	15.1000003814697	14.9300003051758	15	14.960000038147	3712900	15.1599998474121	14.9200000762939	14.9499998092651	15.1099996566772	1657800	15.0900001525879	14.8199996948242	15.0699996948242	14.8900003433228	1075700	15.0299997329712	14.8999996185303	14.8999996185303	15	1092600	15.0500001907349	14.9300003051758	14.9700002670288	15.039999961853	1097700	15.1800003051758	15.0100002288818	15.1199998855591	15.1700000762939	1738500	15.1899995803833	15.039999961853	15.1499996185303	15.1800003051758	947900	15.1999998092651	15.0100002288818	15.1999998092651	15.1700000762939	951400	15.1800003051758	15.0600004196167	15.1700000762939	15.0699996948242	1363500	15.0900001525879	14.9899997711182	15.0200004577637	15.0600004196167	810800	15.1099996566772	15.039999961853	15.039999961853	15.0900001525879	635800	15.1700000762939	15.0900001525879	15.0900001525879	15.1499996185303	949800	15.3400001525879	15.1899995803833	15.1899995803833	15.2399997711182	1314600	15.3500003814697	15.2299995422363	15.3000001907349	15.3500003814697	1078000	15.4499998092651	15.3000001907349	15.3500003814697	15.4399995803833	863300	15.4799995422363	15.3800001144409	15.4300003051758	15.4399995803833	946600	15.5100002288818	15.4099998474121	15.4200000762939	15.4899997711182	1110400	15.5600004196167	15.3999996185303	15.5100002288818	15.4099998474121	1017300	15.4899997711182	15.3199996948242	15.4200000762939	15.4099998474121	1503300	15.5500001907349	15.3299999237061	15.4099998474121	15.5500001907349	1565800	15.5500001907349	15.2700004577637	15.5500001907349	15.2799997329712																									
2024-08-26	2024-08-22	GBDC	Golub Capital Bdc, Inc.	Golub Lawrence E	COB	P - Purchase	15.04	40000	7,712,172	+1%	+$601,400	601600	16:36:46	4	1281900	15.1099996566772	14.9899997711182	15	15.0200004577637	1911500	15.1000003814697	14.9700002670288	15.1000003814697	14.9899997711182	1661100	15.0799999237061	14.9300003051758	15.039999961853	14.960000038147	1231200	15.1400003433228	14.9799995422363	15.0500001907349	15.1000003814697	1355900	15.1099996566772	14.9899997711182	15.0699996948242	14.9899997711182	2726000	15.3999996185303	14.9899997711182	15.1499996185303	15.0900001525879	1715600	14.9399995803833	14.7299995422363	14.7399997711182	14.8900003433228	1417100	14.960000038147	14.8299999237061	14.8400001525879	14.8999996185303	1452100	15.039999961853	14.8599996566772	14.9700002670288	14.8999996185303	1160000	14.9700002670288	14.8500003814697	14.8999996185303	14.8900003433228	1257000	14.9700002670288	14.6899995803833	14.9099998474121	14.7600002288818	1404500	14.9300003051758	14.7399997711182	14.8500003814697	14.75	1713800	14.8100004196167	14.6400003433228	14.8000001907349	14.6800003051758	1590400	14.7200002670288	14.4700002670288	14.6300001144409	14.6999998092651	1029400	14.9200000762939	14.7299995422363	14.75	14.8699998855591	1293100	15.0900001525879	14.9099998474121	14.9099998474121	15.0900001525879	1265000	15.1400003433228	15.0100002288818	15.1000003814697	15.0500001907349	1420100	15.0699996948242	14.8400001525879	15.0500001907349	14.8599996566772	737900	14.9899997711182	14.8500003814697	14.8500003814697	14.9499998092651	1467700	15.0900001525879	14.8900003433228	15	14.9200000762939	1231900	14.9300003051758	14.8400001525879	14.9300003051758	14.8900003433228	1123500	15	14.8699998855591	14.8900003433228	14.9799995422363	1269300	15.0600004196167	14.9499998092651	15	14.960000038147	1567700	14.9499998092651	14.7799997329712	14.9399995803833	14.7799997329712	1693500	15.0799999237061	14.8500003814697	14.8500003814697	14.9899997711182	2237800	15.1000003814697	14.9300003051758	15	14.960000038147	3712900	15.1599998474121	14.9200000762939	14.9499998092651	15.1099996566772	1657800	15.0900001525879	14.8199996948242	15.0699996948242	14.8900003433228	1075700	15.0299997329712	14.8999996185303	14.8999996185303	15	1092600	15.0500001907349	14.9300003051758	14.9700002670288	15.039999961853	1097700	15.1800003051758	15.0100002288818	15.1199998855591	15.1700000762939	1738500	15.1899995803833	15.039999961853	15.1499996185303	15.1800003051758	947900	15.1999998092651	15.0100002288818	15.1999998092651	15.1700000762939	951400	15.1800003051758	15.0600004196167	15.1700000762939	15.0699996948242	1363500	15.0900001525879	14.9899997711182	15.0200004577637	15.0600004196167	810800	15.1099996566772	15.039999961853	15.039999961853	15.0900001525879	635800	15.1700000762939	15.0900001525879	15.0900001525879	15.1499996185303	949800	15.3400001525879	15.1899995803833	15.1899995803833	15.2399997711182	1314600	15.3500003814697	15.2299995422363	15.3000001907349	15.3500003814697	1078000	15.4499998092651	15.3000001907349	15.3500003814697	15.4399995803833	863300	15.4799995422363	15.3800001144409	15.4300003051758	15.4399995803833	946600	15.5100002288818	15.4099998474121	15.4200000762939	15.4899997711182	1110400	15.5600004196167	15.3999996185303	15.5100002288818	15.4099998474121	1017300	15.4899997711182	15.3199996948242	15.4200000762939	15.4099998474121	1503300	15.5500001907349	15.3299999237061	15.4099998474121	15.5500001907349																				
2024-08-22	2024-08-20	GBDC	Golub Capital Bdc, Inc.	Golub Lawrence E	COB	P - Purchase	14.87	40000	7,672,172	+1%	+$594,600	594800	16:24:25	2	1046600	14.8400001525879	14.7200002670288	14.7799997329712	14.7299995422363	1521300	15.0200004577637	14.8299999237061	14.8500003814697	14.9799995422363	1281900	15.1099996566772	14.9899997711182	15	15.0200004577637	1911500	15.1000003814697	14.9700002670288	15.1000003814697	14.9899997711182	1661100	15.0799999237061	14.9300003051758	15.039999961853	14.960000038147	1231200	15.1400003433228	14.9799995422363	15.0500001907349	15.1000003814697	1355900	15.1099996566772	14.9899997711182	15.0699996948242	14.9899997711182	2726000	15.3999996185303	14.9899997711182	15.1499996185303	15.0900001525879	1715600	14.9399995803833	14.7299995422363	14.7399997711182	14.8900003433228	1417100	14.960000038147	14.8299999237061	14.8400001525879	14.8999996185303	1452100	15.039999961853	14.8599996566772	14.9700002670288	14.8999996185303	1160000	14.9700002670288	14.8500003814697	14.8999996185303	14.8900003433228	1257000	14.9700002670288	14.6899995803833	14.9099998474121	14.7600002288818	1404500	14.9300003051758	14.7399997711182	14.8500003814697	14.75	1713800	14.8100004196167	14.6400003433228	14.8000001907349	14.6800003051758	1590400	14.7200002670288	14.4700002670288	14.6300001144409	14.6999998092651	1029400	14.9200000762939	14.7299995422363	14.75	14.8699998855591	1293100	15.0900001525879	14.9099998474121	14.9099998474121	15.0900001525879	1265000	15.1400003433228	15.0100002288818	15.1000003814697	15.0500001907349	1420100	15.0699996948242	14.8400001525879	15.0500001907349	14.8599996566772	737900	14.9899997711182	14.8500003814697	14.8500003814697	14.9499998092651	1467700	15.0900001525879	14.8900003433228	15	14.9200000762939	1231900	14.9300003051758	14.8400001525879	14.9300003051758	14.8900003433228	1123500	15	14.8699998855591	14.8900003433228	14.9799995422363	1269300	15.0600004196167	14.9499998092651	15	14.960000038147	1567700	14.9499998092651	14.7799997329712	14.9399995803833	14.7799997329712	1693500	15.0799999237061	14.8500003814697	14.8500003814697	14.9899997711182	2237800	15.1000003814697	14.9300003051758	15	14.960000038147	3712900	15.1599998474121	14.9200000762939	14.9499998092651	15.1099996566772	1657800	15.0900001525879	14.8199996948242	15.0699996948242	14.8900003433228	1075700	15.0299997329712	14.8999996185303	14.8999996185303	15	1092600	15.0500001907349	14.9300003051758	14.9700002670288	15.039999961853	1097700	15.1800003051758	15.0100002288818	15.1199998855591	15.1700000762939	1738500	15.1899995803833	15.039999961853	15.1499996185303	15.1800003051758	947900	15.1999998092651	15.0100002288818	15.1999998092651	15.1700000762939	951400	15.1800003051758	15.0600004196167	15.1700000762939	15.0699996948242	1363500	15.0900001525879	14.9899997711182	15.0200004577637	15.0600004196167	810800	15.1099996566772	15.039999961853	15.039999961853	15.0900001525879	635800	15.1700000762939	15.0900001525879	15.0900001525879	15.1499996185303	949800	15.3400001525879	15.1899995803833	15.1899995803833	15.2399997711182	1314600	15.3500003814697	15.2299995422363	15.3000001907349	15.3500003814697	1078000	15.4499998092651	15.3000001907349	15.3500003814697	15.4399995803833	863300	15.4799995422363	15.3800001144409	15.4300003051758	15.4399995803833																														
2024-08-20	2024-08-16	GBDC	Golub Capital Bdc, Inc.	Golub Lawrence E	COB	P - Purchase	14.69	40000	7,632,172	+1%	+$587,600	587600	17:16:16	4	1481300	14.7200002670288	14.4899997711182	14.5	14.6300001144409	1321100	14.789999961853	14.6400003433228	14.6599998474121	14.7700004577637	1046600	14.8400001525879	14.7200002670288	14.7799997329712	14.7299995422363	1521300	15.0200004577637	14.8299999237061	14.8500003814697	14.9799995422363	1281900	15.1099996566772	14.9899997711182	15	15.0200004577637	1911500	15.1000003814697	14.9700002670288	15.1000003814697	14.9899997711182	1661100	15.0799999237061	14.9300003051758	15.039999961853	14.960000038147	1231200	15.1400003433228	14.9799995422363	15.0500001907349	15.1000003814697	1355900	15.1099996566772	14.9899997711182	15.0699996948242	14.9899997711182	2726000	15.3999996185303	14.9899997711182	15.1499996185303	15.0900001525879	1715600	14.9399995803833	14.7299995422363	14.7399997711182	14.8900003433228	1417100	14.960000038147	14.8299999237061	14.8400001525879	14.8999996185303	1452100	15.039999961853	14.8599996566772	14.9700002670288	14.8999996185303	1160000	14.9700002670288	14.8500003814697	14.8999996185303	14.8900003433228	1257000	14.9700002670288	14.6899995803833	14.9099998474121	14.7600002288818	1404500	14.9300003051758	14.7399997711182	14.8500003814697	14.75	1713800	14.8100004196167	14.6400003433228	14.8000001907349	14.6800003051758	1590400	14.7200002670288	14.4700002670288	14.6300001144409	14.6999998092651	1029400	14.9200000762939	14.7299995422363	14.75	14.8699998855591	1293100	15.0900001525879	14.9099998474121	14.9099998474121	15.0900001525879	1265000	15.1400003433228	15.0100002288818	15.1000003814697	15.0500001907349	1420100	15.0699996948242	14.8400001525879	15.0500001907349	14.8599996566772	737900	14.9899997711182	14.8500003814697	14.8500003814697	14.9499998092651	1467700	15.0900001525879	14.8900003433228	15	14.9200000762939	1231900	14.9300003051758	14.8400001525879	14.9300003051758	14.8900003433228	1123500	15	14.8699998855591	14.8900003433228	14.9799995422363	1269300	15.0600004196167	14.9499998092651	15	14.960000038147	1567700	14.9499998092651	14.7799997329712	14.9399995803833	14.7799997329712	1693500	15.0799999237061	14.8500003814697	14.8500003814697	14.9899997711182	2237800	15.1000003814697	14.9300003051758	15	14.960000038147	3712900	15.1599998474121	14.9200000762939	14.9499998092651	15.1099996566772	1657800	15.0900001525879	14.8199996948242	15.0699996948242	14.8900003433228	1075700	15.0299997329712	14.8999996185303	14.8999996185303	15	1092600	15.0500001907349	14.9300003051758	14.9700002670288	15.039999961853	1097700	15.1800003051758	15.0100002288818	15.1199998855591	15.1700000762939	1738500	15.1899995803833	15.039999961853	15.1499996185303	15.1800003051758	947900	15.1999998092651	15.0100002288818	15.1999998092651	15.1700000762939	951400	15.1800003051758	15.0600004196167	15.1700000762939	15.0699996948242	1363500	15.0900001525879	14.9899997711182	15.0200004577637	15.0600004196167	810800	15.1099996566772	15.039999961853	15.039999961853	15.0900001525879	635800	15.1700000762939	15.0900001525879	15.0900001525879	15.1499996185303	949800	15.3400001525879	15.1899995803833	15.1899995803833	15.2399997711182	1314600	15.3500003814697	15.2299995422363	15.3000001907349	15.3500003814697	1078000	15.4499998092651	15.3000001907349	15.3500003814697	15.4399995803833	863300	15.4799995422363	15.3800001144409	15.4300003051758	15.4399995803833																				
2024-08-19	2024-08-15	SUNS	Sunrise Realty Trust, Inc.	Tannenbaum Leonard M	Exec COB, 10%	P - Purchase	12.44	118163	1,657,646	+8%	+$1,469,593	1469947.72	18:14:17	4	217600	13.3369998931885	11.3500003814697	11.3800001144409	12.3299999237061	308400	13.0659999847412	11.0620002746582	12.3800001144409	11.2600002288818	78200	12.3929996490479	11.5500001907349	11.5500001907349	12.0799999237061	60100	12.4200000762939	12	12.210000038147	12.3599996566772	70700	13.2679996490479	12.1800003051758	12.4899997711182	13.1400003433228	39100	13.3100004196167	12.5500001907349	13.0500001907349	12.5799999237061	30400	13.2880001068115	12.75	12.75	13.2799997329712	53300	13.4300003051758	13	13.2799997329712	13.3599996566772	42300	13.6999998092651	13.0200004577637	13.2799997329712	13.6800003051758	81100	13.8699998855591	13.3999996185303	13.75	13.75	56700	14.3999996185303	13.8000001907349	13.9499998092651	14.3400001525879	76000	14.2299995422363	13.5	14.2200002670288	14.0900001525879	34400	14.7299995422363	14.0900001525879	14.1400003433228	14.6499996185303	27100	14.8999996185303	14.3509998321533	14.7600002288818	14.5	31100	14.5050001144409	13.6599998474121	14.3999996185303	13.8100004196167	48000	14.1300001144409	13.3299999237061	13.8100004196167	13.3599996566772	36800	13.5200004577637	13.1000003814697	13.3699998855591	13.3900003433228	15900	13.8999996185303	13.2799997329712	13.5780000686646	13.8900003433228	9000	13.826000213623	13.4809999465942	13.75	13.5600004196167	16400	14.4200000762939	13.6000003814697	13.6000003814697	14.3699998855591	32900	14.7290000915527	13.8500003814697	14.3699998855591	14.6400003433228	36900	14.6400003433228	14.0299997329712	14.6400003433228	14.1999998092651	34600	14.6800003051758	14	14.1999998092651	14.3999996185303	16400	14.539999961853	14.0500001907349	14.3649997711182	14.3000001907349	52800	14.6800003051758	13.7810001373291	14.5600004196167	14.3199996948242	122800	14.8999996185303	13.8500003814697	13.960000038147	14.8999996185303	40000	14.9479999542236	14.4289999008179	14.9399995803833	14.8900003433228	23200	14.9200000762939	14.4399995803833	14.9200000762939	14.6000003814697	18000	14.8999996185303	14.3699998855591	14.6000003814697	14.3800001144409	33000	14.8299999237061	14.0349998474121	14.4300003051758	14.2700004577637	34400	14.7700004577637	14	14.2799997329712	14.6999998092651	21000	14.75	14.3000001907349	14.5600004196167	14.3900003433228	17300	14.460000038147	14.1300001144409	14.3199996948242	14.2200002670288	16700	14.3500003814697	13.75	14.2299995422363	13.9899997711182	61400	14.3100004196167	13.460000038147	14.1400003433228	13.5	65500	14.5500001907349	13.5	13.8100004196167	14.4099998474121	37900	14.5100002288818	14.1389999389648	14.1899995803833	14.4300003051758	29700	14.9499998092651	14.1400003433228	14.3299999237061	14.8199996948242	24800	14.9899997711182	14.6899995803833	14.8199996948242	14.7799997329712	22300	14.9399995803833	14.6400003433228	14.7200002670288	14.7200002670288	32400	14.9399995803833	14.4849996566772	14.6099996566772	14.9200000762939	39000	15	14.3629999160767	14.8000001907349	14.8400001525879	45700	15.4099998474121	14.5100002288818	14.7200002670288	15.3299999237061	57500	15.3500003814697	15	15.3299999237061	15.289999961853	23400	15.3999996185303	15	15.1400003433228	15.2200002670288																				
2024-08-16	2024-08-15	FOX	Fox Corp	Murdoch Lachlan K	Exec Chair, CEO	P - Purchase	39.06	119705	1,196,416	+11%	+$4,675,677	4675677.3	17:45:10	1	544000	36.9199981689453	36.1549987792969	36.7400016784668	36.2999992370606	827600	37.0699996948242	36.7200012207031	36.8800010681152	36.7599983215332	773300	37.0400009155273	36.6500015258789	36.6500015258789	36.8800010681152	628600	37.189998626709	36.75	36.7900009155273	37.1500015258789	666600	37.5699996948242	37.0299987792969	37.2000007629395	37.5699996948242	804200	37.9949989318848	37.5499992370606	37.689998626709	37.9300003051758	550600	38.2900009155273	37.9199981689453	38.0400009155273	38.1399993896484	1757000	38.4799995422363	38.0449981689453	38.1399993896484	38.2000007629395	1033700	38.2200012207031	37.9700012207031	38.1699981689453	38.1100006103516	1343700	38.375	38.1100006103516	38.1599998474121	38.2700004577637	861500	38.4500007629395	38.1450004577637	38.3499984741211	38.2299995422363	1055900	38.4500007629395	38.1500015258789	38.2200012207031	38.4300003051758	957500	38.4199981689453	37.9000015258789	38.2299995422363	38.0299987792969	894900	38.5149993896484	37.9199981689453	37.9799995422363	38.189998626709	643400	38.3400001525879	37.3499984741211	38.3400001525879	37.3699989318848	958600	37.6599998474121	37.1399993896484	37.4500007629395	37.3600006103516	1250300	37.5	36.9000015258789	37.4599990844727	37.0900001525879	727800	37.2299995422363	36.8300018310547	37.1399993896484	36.8499984741211	732100	37.0099983215332	36.0800018310547	36.8600006103516	36.4300003051758	861200	36.5800018310547	35.8899993896484	36.5800018310547	36.0400009155273	940100	36.8199996948242	36.1500015258789	36.2599983215332	36.7799987792969	1042300	37.2099990844727	36.4300003051758	36.7799987792969	36.7700004577637	960400	37.7900009155273	36.7599983215332	36.7700004577637	37.439998626709	760900	38.0400009155273	37.0900001525879	37.4700012207031	37.560001373291	1702500	37.9300003051758	37.4300003051758	37.7999992370606	37.5299987792969	2930600	38.1889991760254	37.2700004577637	37.6599998474121	37.2799987792969	1440300	37.8199996948242	37.3199996948242	37.439998626709	37.8199996948242	1153400	38.9700012207031	37.7200012207031	37.7200012207031	38.8600006103516	959700	39	38.3199996948242	38.8699989318848	38.439998626709	739600	38.7200012207031	38.3300018310547	38.5099983215332	38.6699981689453	474800	39.0900001525879	38.6399993896484	38.6699981689453	38.8400001525879	943300	39.0900001525879	38.6500015258789	38.9500007629395	38.7999992370606	957700	39.1500015258789	38.5499992370606	38.8499984741211	39	585500	39.1300010681152	38.5950012207031	38.8300018310547	38.6699981689453	508500	38.6699981689453	38.2000007629395	38.5999984741211	38.4900016784668	428700	38.8699989318848	38.439998626709	38.6300010681152	38.5400009155273	482300	38.5890007019043	37.8800010681152	38.560001373291	38.3400001525879	809400	38.5499992370606	38.0400009155273	38.2000007629395	38.5200004577637	635100	38.8199996948242	38.3849983215332	38.4700012207031	38.4900016784668	448500	38.5200004577637	38	38.5200004577637	38.0499992370606	1334600	38.4449996948242	38	38.1599998474121	38	709300	38.2550010681152	37.9700012207031	38.060001373291	38.2099990844727																																			
2024-08-13	2024-08-09	GEO	Geo Group Inc	Zoley George C	Exec COB	P - Purchase	12.28	250000	4,147,892	+6%	+$3,071,000	3070000	17:32:40	4	2510600	12.5600004196167	12.0500001907349	12.4499998092651	12.2200002670288	2925500	12.789999961853	12.1800003051758	12.2600002288818	12.6899995803833	1780400	12.7600002288818	12.1999998092651	12.710000038147	12.3100004196167	2992700	13.3500003814697	12.7700004577637	13.0100002288818	13.0799999237061	2262700	13.3199996948242	12.6899995803833	13.2700004577637	13.1099996566772	1080400	13.2799997329712	12.9300003051758	13.0699996948242	13.0200004577637	1234300	13.2700004577637	12.9200000762939	13.0699996948242	13.2200002670288	1761000	13.5799999237061	13.1400003433228	13.1700000762939	13.4200000762939	2229400	13.9700002670288	13.4300003051758	13.4499998092651	13.7299995422363	1222200	13.9399995803833	13.5900001525879	13.7299995422363	13.6999998092651	1465700	14.25	13.6599998474121	13.7399997711182	14.2200002670288	1768200	14.2299995422363	13.6199998855591	14.1599998474121	13.6499996185303	1443400	13.6000003814697	13.2799997329712	13.5299997329712	13.3000001907349	1141300	13.6000003814697	13.2600002288818	13.3000001907349	13.5600004196167	1291900	13.6899995803833	13.3400001525879	13.6199998855591	13.5500001907349	1599200	13.8699998855591	13.6000003814697	13.6700000762939	13.8699998855591	1683300	13.7399997711182	13.0799999237061	13.6800003051758	13.210000038147	1540800	13.2399997711182	12.8699998855591	13.1700000762939	13.0699996948242	1418300	13.4399995803833	12.9700002670288	13.0900001525879	13.2299995422363	1514100	13.3299999237061	12.9799995422363	13.1700000762939	13.1300001144409	3382700	13.7200002670288	13.0900001525879	13.3999996185303	13.4499998092651	2201000	13.5900001525879	13.210000038147	13.5200004577637	13.4700002670288	5043700	12.7299995422363	11.75	12.5100002288818	12.5500001907349	1340200	12.8299999237061	12.5299997329712	12.6099996566772	12.6099996566772	1562600	12.9700002670288	12.4200000762939	12.6499996185303	12.960000038147	1308200	13.289999961853	12.9799995422363	13.0100002288818	13.1199998855591	1689300	13.2799997329712	12.8000001907349	13.2600002288818	12.8400001525879	1552500	13	12.5	12.8999996185303	12.5100002288818	2253300	13.0100002288818	12.4099998474121	13.0100002288818	12.4899997711182	3395000	12.6700000762939	12.289999961853	12.3800001144409	12.3699998855591	1752200	12.6899995803833	12.3900003433228	12.4799995422363	12.6199998855591	1241100	12.8500003814697	12.6499996185303	12.6599998474121	12.6800003051758	1050900	12.8100004196167	12.4099998474121	12.6999998092651	12.4300003051758	1573200	12.8500003814697	12.5500001907349	12.6000003814697	12.710000038147	1516700	12.9399995803833	12.5799999237061	12.8500003814697	12.710000038147	2773500	13.3599996566772	12.6199998855591	12.6400003433228	12.8500003814697	1310800	13	12.539999961853	12.75	12.8299999237061	1254100	13.0799999237061	12.8000001907349	12.8100004196167	13.039999961853	1890800	13.4300003051758	12.8599996566772	12.9499998092651	13.3199996948242	1445200	13.5200004577637	13.1999998092651	13.5	13.4099998474121	1622800	13.8100004196167	13.2299995422363	13.3900003433228	13.7200002670288	1613600	14	13.5500001907349	13.7399997711182	13.75	1707900	13.8500003814697	13.539999961853	13.7200002670288	13.6199998855591	2714500	13.9399995803833	13.3599996566772	13.5200004577637	13.8599996566772	1652300	14.1599998474121	13.75	13.8299999237061	13.9200000762939																				
2024-08-07	2024-08-05	BLCO	Bausch & Lomb Corp	Saunders Brent L	CEO, COB	P - Purchase	15.66	32250	627,419	+5%	+$505,067	505035	17:29:48	2	1304600	16.0499992370605	15.210000038147	15.710000038147	15.3999996185303	1678600	16.1900005340576	15.3900003433228	15.6300001144409	15.9399995803833	625900	16.1700000762939	15.289999961853	16.1700000762939	15.289999961853	868000	16.1599998474121	15.4899997711182	15.8699998855591	15.8500003814697	434400	16.1599998474121	15.6099996566772	15.9700002670288	15.7399997711182	435800	15.9399995803833	15.5	15.7299995422363	15.5100002288818	398900	15.710000038147	15.3800001144409	15.4799995422363	15.4899997711182	258900	15.5950002670288	15.2700004577637	15.4899997711182	15.4099998474121	778100	16.1900005340576	15.585000038147	15.6400003433228	16.1000003814697	189900	16.1800003051758	15.8699998855591	15.9700002670288	16	420300	16.1389999389648	15.8299999237061	16.0400009155273	16.0499992370605	292300	16.2700004577637	15.8900003433228	16.0100002288818	16.0900001525879	345300	16.25	15.9300003051758	16.0900001525879	16.1299991607666	187500	16.2600002288818	15.9399995803833	16.1299991607666	15.9899997711182	161400	16.3700008392334	16.0499992370605	16.0499992370605	16.2700004577637	192300	16.4099998474121	16.0400009155273	16.3799991607666	16.0499992370605	124800	16.2999992370605	15.8999996185303	15.9300003051758	16.2399997711182	171000	16.2299995422363	15.9449996948242	16.1499996185303	16.1100006103516	166400	16.2900009155273	15.9899997711182	16.2900009155273	16	245600	16.4799995422363	15.8299999237061	16.1100006103516	16.4300003051758	503600	16.7490005493164	16.1499996185303	16.3299999237061	16.25	183200	16.7000007629395	16.1700000762939	16.25	16.3099994659424	183700	16.3999996185303	15.8800001144409	16.3999996185303	15.8900003433228	473700	15.9799995422363	15.6700000762939	15.8900003433228	15.9099998474121	151400	16.0699996948242	15.7299995422363	15.8299999237061	15.75	171400	15.9399995803833	15.6000003814697	15.75	15.9300003051758	118300	15.8900003433228	15.6099996566772	15.8599996566772	15.8199996948242	195400	15.9099998474121	15.6300001144409	15.8800001144409	15.6499996185303	150800	15.75	15.4099998474121	15.6899995803833	15.5500001907349	6126500	18.2999992370605	17.4699993133545	18.1499996185303	17.7999992370605	1453000	18.5799999237061	17.5599994659424	17.7399997711182	18.5599994659424	3082400	21	19.2299995422363	19.2999992370605	20	1567400	20.5900001525879	19.5599994659424	20.4699993133545	20	616600	20.1000003814697	19.6700000762939	19.9599990844727	19.9599990844727	1204200	20.2399997711182	19.3950004577637	20.2399997711182	19.4799995422363	667200	19.5599994659424	19.1100006103516	19.4899997711182	19.2099990844727	447400	19.2900009155273	18.9099998474121	19.25	19.0200004577637	172100	19.2199993133545	18.9500007629395	19.0799999237061	19.0400009155273	133400	19.2800006866455	18.8999996185303	19.1900005340576	18.9500007629395	703300	19.4629993438721	18.8899993896484	18.8899993896484	19.2900009155273	373400	19.2900009155273	18.8999996185303	19.2800006866455	19.1399993896484	440200	19.2530002593994	18.6399993896484	18.9500007629395	19.0599994659424	253300	19.0349998474121	18.80299949646	18.8999996185303	18.8799991607666	218100	19.0400009155273	18.8299999237061	19.0100002288818	19																									
2024-08-07	2024-08-06	RHP	Ryman Hospitality Properties, Inc.	Reed Colin V	Exec. COB	P - Purchase	97.78	8077	1,400,509	+1%	+$789,769	789769.06	11:30:59	1	676400	99.2699966430664	96.1800003051758	96.1800003051758	97.75	527800	98.7099990844727	96.0699996948242	98.4000015258789	96.6100006103516	322900	98.7900009155273	96.4400024414063	97.2300033569336	98.1100006103516	539800	100.870002746582	98.1999969482422	98.3600006103516	100.129997253418	402300	101.01000213623	97.8000030517578	100.480003356934	98.1900024414062	547400	100.25	97.8899993896484	99	99.5800018310547	354700	100.120002746582	98.9400024414063	99.5500030517578	99.4499969482422	741100	103.160003662109	100.529998779297	101.5	102.059997558594	365500	102.540000915527	100.379997253418	101.709999084473	101.279998779297	286800	102.589996337891	101.300003051758	101.300003051758	102.209999084473	220200	101.910003662109	100.610000610352	101.910003662109	100.839996337891	185400	102.089996337891	100.470001220703	101.300003051758	102.080001831055	193300	103.23999786377	101.669998168945	102.080001831055	102.160003662109	267500	105.330001831055	102.589996337891	102.959999084473	104.300003051758	493200	105.339996337891	103.51000213623	105.330001831055	103.529998779297	399900	103.430000305176	102.23999786377	103.379997253418	102.599998474121	273300	103.370002746582	102.059997558594	102.430000305176	102.879997253418	394800	104.199996948242	102.360000610352	103.769996643066	103.290000915527	423500	104.330001831055	102.569999694824	103.769996643066	103.959999084473	381200	103.349998474121	101.129997253418	103.190002441406	101.410003662109	361800	102.529998779297	99.9499969482422	101.790000915527	100	300200	100.830001831055	98.7699966430664	100.410003662109	98.9300003051758	323800	100.290000915527	98.629997253418	99.0999984741211	99.2900009155274	326700	100.400001525879	98.4199981689453	99.1100006103516	99.4899978637695	248500	99.7900009155273	97.879997253418	99.3899993896484	99.5699996948242	259100	99.9700012207031	98.1500015258789	98.8499984741211	99.5500030517578	389800	101.669998168945	99.6100006103516	100.319999694824	101.430000305176	519600	102.319999694824	100.839996337891	102.169998168945	101.48999786377	518700	102.220001220703	100.419998168945	101.730003356934	101	490700	103.550003051758	100.339996337891	101.279998779297	102.930000305176	338500	106.01000213623	102.610000610352	103.339996337891	103.779998779297	575100	108.910003662109	105.459999084473	106.430000305176	108.910003662109	1116300	110.300003051758	106.919998168945	109.650001525879	109.769996643066	577600	110.51000213623	109.209999084473	110.089996337891	110.26000213623	502500	112.430000305176	110.589996337891	110.839996337891	112.400001525879	598400	112.540000915527	110.089996337891	112.529998779297	110.339996337891	511900	111.300003051758	108.870002746582	111.01000213623	108.970001220703	374700	110.180000305176	108.620002746582	110.180000305176	109.370002746582	730200	108.330001831055	106.019996643066	107.839996337891	107.23999786377	333000	107.459999084473	104.599998474121	106.709999084473	107.01000213623	355200	108.470001220703	106.339996337891	106.5	108.190002441406	439200	108.220001220703	105.930000305176	107.709999084473	107.98999786377	611700	112.589996337891	108.569999694824	109.400001525879	112.559997558594																														
2024-08-06	2024-08-05	PEB	Pebblebrook Hotel Trust	Bortz Jon E	COB, CEO	P - Purchase	11.98	66000	1,519,284	+5%	+$790,680	790680	16:56:57	1	4050600	12.2799997329712	11.710000038147	12	11.8199996948242	2282500	12.4799995422363	11.6499996185303	11.8100004196167	12.2700004577637	2527600	12.6499996185303	12.1800003051758	12.6199998855591	12.2700004577637	1829800	12.7299995422363	12.3699998855591	12.3699998855591	12.4499998092651	1830300	12.539999961853	12.289999961853	12.460000038147	12.460000038147	3867100	12.5699996948242	11.9399995803833	12.4399995803833	11.9799995422363	1380600	12.3900003433228	11.9899997711182	12.1400003433228	12.3699998855591	1996300	12.4200000762939	12.2600002288818	12.4200000762939	12.3999996185303	2079800	12.8699998855591	12.539999961853	12.75	12.6400003433228	1240900	12.7299995422363	12.5699996948242	12.6099996566772	12.6800003051758	842400	13.0200004577637	12.6499996185303	12.6700000762939	13.0100002288818	1520100	13.0699996948242	12.5699996948242	12.9399995803833	12.6099996566772	1165200	12.8100004196167	12.5799999237061	12.6700000762939	12.7700004577637	1440200	13.0299997329712	12.7799997329712	12.8000001907349	12.9799995422363	1444300	13.4399995803833	12.9700002670288	13.1300001144409	13.1899995803833	1190500	13.3500003814697	13.1400003433228	13.3500003814697	13.1400003433228	1545600	13.2600002288818	12.8999996185303	13.1000003814697	12.9200000762939	2634800	12.9899997711182	12.710000038147	12.8900003433228	12.8000001907349	2570500	13.2299995422363	12.7700004577637	12.9300003051758	13.0200004577637	2555200	13.3199996948242	13.0500001907349	13.1000003814697	13.3000001907349	1748000	13.3299999237061	12.9899997711182	13.1599998474121	13.1199998855591	2815600	13.3900003433228	12.8999996185303	13.0699996948242	12.9799995422363	1043800	13.0699996948242	12.5799999237061	13.0100002288818	12.6000003814697	1226700	12.75	12.3800001144409	12.5699996948242	12.4099998474121	1677000	12.7200002670288	12.3100004196167	12.3800001144409	12.5299997329712	1104100	12.5900001525879	12.2200002670288	12.5200004577637	12.5200004577637	830300	12.5900001525879	12.3000001907349	12.4700002670288	12.5200004577637	1018600	12.8000001907349	12.4700002670288	12.6300001144409	12.7799997329712	1122100	13.039999961853	12.8100004196167	12.8800001144409	12.9700002670288	914300	13.0900001525879	12.7600002288818	13.039999961853	12.8900003433228	1109700	13.3599996566772	13.0200004577637	13.0299997329712	13.2600002288818	1593500	13.6599998474121	13.1800003051758	13.3400001525879	13.4300003051758	2319800	14.1400003433228	13.6899995803833	13.7700004577637	14.1099996566772	3921700	14.3299999237061	13.8000001907349	13.8900003433228	14.3100004196167	1899300	14.3699998855591	13.8999996185303	14.3000001907349	13.960000038147	2551500	14.25	13.9399995803833	13.9899997711182	13.960000038147	1987100	14	13.4499998092651	13.8999996185303	13.4899997711182	2251600	13.6800003051758	13.3800001144409	13.6099996566772	13.5600004196167	6069000	13.7600002288818	13.4799995422363	13.75	13.5500001907349	2138300	13.3999996185303	13.0699996948242	13.3000001907349	13.2299995422363	2096000	13.210000038147	12.9399995803833	13.1700000762939	13.039999961853	2137900	13.1599998474121	12.8400001525879	12.9099998474121	13.1499996185303	1683200	13.0799999237061	12.7600002288818	13.0500001907349	12.960000038147	2356700	13.4300003051758	13.0500001907349	13.1999998092651	13.289999961853																									
2024-07-30	2024-07-30	MXL	Maxlinear, Inc	Seendripu Kishore	COB, Pres, CEO, 10%	P - Purchase	12.94	108303	4,954,999	+2%	+$1,401,592	1401440.82	19:55:22	0	1486900	13.8500003814697	12.8000001907349	13.8000001907349	12.8999996185303	2052300	14.1700000762939	13.3199996948242	13.789999961853	14.1400003433228	1368900	14.4200000762939	13.3199996948242	13.9499998092651	13.460000038147	1763200	13.1000003814697	12.3999996185303	12.8100004196167	12.4700002670288	1384300	12.1599998474121	11.3299999237061	11.4399995803833	11.6000003814697	1252800	11.8900003433228	11.2700004577637	11.6400003433228	11.5100002288818	891200	12.0100002288818	11.0799999237061	11.8699998855591	11.1000003814697	740200	11.8199996948242	11.2600002288818	11.3299999237061	11.789999961853	599500	11.8900003433228	11.4200000762939	11.8100004196167	11.4799995422363	937900	11.8400001525879	11.3599996566772	11.4499998092651	11.6800003051758	727300	12.0200004577637	11.5500001907349	11.75	11.9499998092651	1123900	12.0900001525879	11.1700000762939	12.0900001525879	11.1700000762939	1645200	12.6300001144409	11.460000038147	11.5500001907349	12.5500001907349	776200	12.710000038147	12.3199996948242	12.4499998092651	12.5500001907349	681900	12.8000001907349	12.1999998092651	12.5100002288818	12.789999961853	618700	12.9799995422363	12.3999996185303	12.8100004196167	12.4899997711182	597300	12.8100004196167	12.4399995803833	12.6199998855591	12.789999961853	567500	12.8100004196167	12.289999961853	12.789999961853	12.3199996948242	966300	12.9499998092651	12.2200002670288	12.3400001525879	12.7600002288818	766600	12.8000001907349	12.1000003814697	12.8000001907349	12.1300001144409	639100	12.0600004196167	11.6700000762939	12.0600004196167	11.8299999237061	876000	12	11.4799995422363	11.8199996948242	11.9300003051758	3165800	13.8199996948242	12.0500001907349	12.1300001144409	13.789999961853	2463600	15.25	13.9200000762939	13.9899997711182	15.1800003051758	2357200	15.2600002288818	13.3800001144409	14.710000038147	13.6899995803833	1744400	14.8599996566772	13.210000038147	13.7200002670288	14.3900003433228	967900	14.4099998474121	13.7700004577637	14.1800003051758	14.0799999237061	1070700	14.0699996948242	13.0799999237061	14.0200004577637	13.1300001144409	968200	13.5500001907349	12.960000038147	13.2200002670288	13.3299999237061	777000	13.5900001525879	13.0600004196167	13.3900003433228	13.4499998092651	939500	14.1599998474121	13.1400003433228	13.5600004196167	14.1599998474121	736700	14.6999998092651	13.960000038147	14.1099996566772	14	883500	14.789999961853	14.2299995422363	14.2299995422363	14.3400001525879	995600	14.8000001907349	14.0200004577637	14.2399997711182	14.5500001907349	592300	14.8699998855591	14.0799999237061	14.7799997329712	14.2200002670288	604500	14.8400001525879	14.0600004196167	14.1800003051758	14.0900001525879	656800	14.8100004196167	14.2799997329712	14.7700004577637	14.4200000762939	1964800	14.2799997329712	13.7700004577637	14.2799997329712	13.9300003051758	799500	14.3100004196167	13.6400003433228	14.0200004577637	14.3100004196167	805500	15	14.3999996185303	14.4399995803833	14.9099998474121	895400	15.2200002670288	14.5799999237061	14.7799997329712	14.8599996566772	1174200	15.6599998474121	15.0200004577637	15.4700002670288	15.3000001907349	764100	15.6400003433228	15.0699996948242	15.3900003433228	15.1999998092651																														
2024-07-25	2024-07-23	TFC	Truist Financial Corp	Rogers William H Jr	COB, CEO	P - Purchase	43.96	57300	1,139,046	+5%	+$2,518,908	2518908	09:58:39	2	7183800	44.3800010681152	43.5400009155273	43.75	44.1500015258789	7366800	44.3199996948242	43.3899993896484	43.8800010681152	43.6100006103516	9070400	44.7799987792969	43.4700012207031	43.6100006103516	44.1199989318848	7274600	44.6399993896484	43.9799995422363	44.189998626709	44.4199981689453	7302100	44.7599983215332	44.1300010681152	44.6800003051758	44.4599990844727	6492500	45.0699996948242	44.560001373291	44.7999992370606	44.939998626709	8422900	45.310001373291	44.6699981689453	45	44.689998626709	9276900	44.8699989318848	43.1599998474121	44.7599983215332	43.3499984741211	10710400	42.7000007629395	41.2099990844727	42.6199989318848	42.1199989318848	8756100	41.8300018310547	39.9199981689453	40.8199996948242	41.1800003051758	7614900	42.1500015258789	40.9500007629395	41.25	41.6500015258789	6245000	42.6699981689453	40.9900016784668	42.3800010681152	41.0999984741211	5706500	42.25	41.4199981689453	41.4500007629395	42.0699996948242	6236400	41.7200012207031	41.4099998474121	41.5400009155273	41.560001373291	7869800	42.3400001525879	41.0499992370606	41.8199996948242	41.2200012207031	5910900	41.7200012207031	41.189998626709	41.6599998474121	41.689998626709	3806800	41.9700012207031	41.5499992370606	41.9000015258789	41.9000015258789	6438600	42.939998626709	42.2999992370606	42.5	42.3699989318848	4183500	42.75	42.2799987792969	42.310001373291	42.5299987792969	8338700	42.9599990844727	42.5800018310547	42.5800018310547	42.9500007629395	5151200	42.7299995422363	42.1599998474121	42.7299995422363	42.2599983215332	8700800	42.5499992370605	41.5299987792969	42.4500007629395	42.0900001525879	12283600	42.5499992370605	41.7999992370606	42.1800003051758	41.8699989318848	10157900	43.8699989318848	42.060001373291	42.1699981689453	43.8400001525879	10295300	44.3499984741211	43.9199981689453	44	44.2200012207031	6847800	44.4000015258789	43.689998626709	44.1399993896484	43.9099998474121	4632000	44.189998626709	43.6599998474121	43.7999992370605	43.939998626709	3669700	44.2900009155273	43.5699996948242	44.1599998474121	43.9099998474121	6565400	44.5	44.060001373291	44.1100006103516	44.4599990844727	7204100	44.7599983215332	44.0699996948242	44.0900001525879	44.2200012207031	8083100	44.5	43.2700004577637	44.1399993896484	43.6199989318848	5853600	44.0299987792969	42.9900016784668	43.9700012207031	43.1500015258789	8589000	43.5499992370606	41.810001373291	43.2000007629395	42.060001373291	8392100	42.810001373291	42.2400016784668	42.4099998474121	42.5999984741211	9250900	42.7400016784668	41.4900016784668	42.7299995422363	41.9199981689453	7447500	41.7400016784668	40.6699981689453	41.4500007629395	41.6500015258789	7471400	41.9500007629395	41.3199996948242	41.6500015258789	41.6300010681152	9629600	42.2099990844727	41.5900001525879	41.8600006103516	41.8400001525879	10725500	42.3699989318848	41.9300003051758	42.1199989318848	42.1300010681152	7495400	42.5999984741211	41.6800003051758	42.3800010681152	41.8800010681152	6707800	42.7700004577637	41.6800003051758	41.8400001525879	42.0200004577637	10786400	43.2900009155274	42.5	42.7000007629395	42.9300003051758	12828800	42.810001373291	42.0400009155274	42.7299995422363	42.3199996948242																														
2024-07-19	2024-07-17	SCHW	Schwab Charles Corp	Bettinger Walter W	Co-COB, CEO	P - Purchase	66.26	25000	840,101	+3%	+$1,656,500	1656500	17:23:54	2	42877600	66.5999984741211	61.0099983215332	66.2600021362305	63.7999992370606	21576200	63.4000015258789	61.8499984741211	62.8899993896484	62.2700004577637	14768600	62.7799987792969	61.3199996948242	62.6699981689453	62.0800018310547	16727200	64.8899993896484	62.8699989318848	62.939998626709	64.75	14758600	66.370002746582	64.6399993896484	64.6399993896484	65.1399993896484	11836500	66.3899993896484	64	65.3099975585938	64.0800018310547	12194300	66.8899993896484	64.3899993896484	64.3899993896484	66.2399978637695	11168800	67.4000015258789	66.4800033569336	66.5400009155274	66.5999984741211	9962700	66.3899993896484	65.0400009155274	65.9700012207031	65.3000030517578	8022600	65.9899978637695	64.1699981689453	65.9199981689453	64.9100036621094	6982700	65.5599975585938	64.5699996948242	65.3199996948242	65.1900024414063	9896000	65.5500030517578	63.4099998474121	65.1999969482422	63.7099990844727	10258500	64.0999984741211	62.1300010681152	62.7400016784668	63.3899993896484	7873800	62.9199981689453	61.1500015258789	61.6199989318848	62.2900009155273	7691900	63.7700004577637	61.5800018310547	62.4199981689453	62.7999992370606	7331100	63.9500007629395	62.0800018310547	63.5400009155273	62.2200012207031	6138700	63.189998626709	62.1300010681152	62.7900009155274	62.7799987792969	4255100	62.7999992370606	62.0800018310547	62.3800010681152	62.4099998474121	6994000	62.7799987792969	61.2099990844727	62.689998626709	61.7700004577637	8774000	62.5099983215332	61.3199996948242	61.9700012207031	62.4900016784668	15942100	65.9599990844727	63.1599998474121	63.75	65.3600006103516	7612800	66.379997253418	64.5899963378906	66	65.2300033569336	5335000	65.5699996948242	64.9300003051758	65.0199966430664	65.5500030517578	4303600	66.1500015258789	65.3099975585938	65.5800018310547	65.5800018310547	5381400	65.629997253418	64.7200012207031	65.5	64.8399963378906	7814400	65.1100006103516	64.2099990844727	65	64.5699996948242	19988800	64.5	62.5999984741211	62.6800003051758	64.2699966430664	13127800	65.129997253418	63.75	64.6999969482422	64.3899993896484	7439200	65.3000030517578	64.1500015258789	64.6500015258789	64.4800033569336	7006000	64.4700012207031	63.7099990844727	64.3600006103516	63.9099998474121	8135500	64.4300003051758	63.2099990844727	63.9099998474121	63.9799995422363	6429500	65.0400009155274	63.8300018310547	64.2900009155274	64.9300003051758	6549100	65.5400009155274	64.5400009155274	65.0999984741211	65.0999984741211	6540800	65	64.1500015258789	64.2200012207031	64.7900009155273	5489900	65.0599975585938	63.3800010681152	64.8000030517578	63.9000015258789	5552100	64.6600036621094	63.4000015258789	64.5400009155274	63.689998626709	8331700	64.3600006103516	62.4500007629395	63.7700004577637	62.9000015258789	6247100	63.6399993896484	62.8600006103516	63.5400009155273	63.0099983215332	8567900	63.1599998474121	61.8300018310547	63.1599998474121	63.060001373291	8781300	63.6599998474121	61.4900016784668	62.7999992370606	63.4099998474121	10621900	63.6699981689453	61.1599998474121	63.4599990844727	61.7400016784668	10840600	62.7700004577637	61.810001373291	62	62.1199989318848	11797200	64.0999984741211	62.3699989318848	63.0099983215332	63.689998626709																														
2024-07-15	2024-07-12	SUNS	Sunrise Realty Trust, Inc.	Tannenbaum Leonard M	Exec COB, 10%	P - Purchase	12.8	56584	1,539,483	+4%	+$724,275	724275.2	16:43:26	3	291000	13.8999996185303	11.2600002288818	12.7399997711182	13.75	236700	12.75	11.3999996185303	12.0100002288818	12.539999961853	283300	12.2399997711182	11.2600002288818	11.4099998474121	12.039999961853	159200	12	11.0500001907349	11.6000003814697	11.1700000762939	190900	11.9300003051758	10.5200004577637	10.7700004577637	11.2799997329712	101400	11.2600002288818	10.4499998092651	11.2600002288818	10.4499998092651	182600	11.710000038147	10.4499998092651	10.4700002670288	11.25	148400	11.8500003814697	10.8100004196167	11.0200004577637	11.6800003051758	143900	11.9259996414185	11.3999996185303	11.3999996185303	11.6400003433228	149200	11.8400001525879	11.4099998474121	11.5100002288818	11.6800003051758	146000	11.7449998855591	11.3599996566772	11.6499996185303	11.5200004577637	105700	11.6099996566772	11.0600004196167	11.3299999237061	11.5200004577637	73700	11.6000003814697	11.16100025177	11.5200004577637	11.5500001907349	100000	12.2399997711182	11.3500003814697	11.4899997711182	12	103700	12.1599998474121	11.8219995498657	11.8599996566772	12.1199998855591	119000	12.1999998092651	11.2299995422363	11.960000038147	12.1199998855591	138200	12.1300001144409	10.8800001144409	11.5	12.039999961853	78400	12.1400003433228	11.8599996566772	12	12.0100002288818	110600	12.210000038147	11.5100002288818	12	11.5100002288818	72000	11.5	10.7729997634888	11.5	10.9399995803833	57200	11.2200002670288	10.8000001907349	11.0600004196167	10.8999996185303	68600	11.2299995422363	10.6899995803833	10.8699998855591	10.75	60900	11.1000003814697	10.4700002670288	10.7399997711182	10.9300003051758	127500	11.5	10.9200000762939	11.0299997329712	11.210000038147	217600	13.3369998931885	11.3500003814697	11.3800001144409	12.3299999237061	308400	13.0659999847412	11.0620002746582	12.3800001144409	11.2600002288818	78200	12.3929996490479	11.5500001907349	11.5500001907349	12.0799999237061	60100	12.4200000762939	12	12.210000038147	12.3599996566772	70700	13.2679996490479	12.1800003051758	12.4899997711182	13.1400003433228	39100	13.3100004196167	12.5500001907349	13.0500001907349	12.5799999237061	30400	13.2880001068115	12.75	12.75	13.2799997329712	53300	13.4300003051758	13	13.2799997329712	13.3599996566772	42300	13.6999998092651	13.0200004577637	13.2799997329712	13.6800003051758	81100	13.8699998855591	13.3999996185303	13.75	13.75	56700	14.3999996185303	13.8000001907349	13.9499998092651	14.3400001525879	76000	14.2299995422363	13.5	14.2200002670288	14.0900001525879	34400	14.7299995422363	14.0900001525879	14.1400003433228	14.6499996185303	27100	14.8999996185303	14.3509998321533	14.7600002288818	14.5	31100	14.5050001144409	13.6599998474121	14.3999996185303	13.8100004196167	48000	14.1300001144409	13.3299999237061	13.8100004196167	13.3599996566772	36800	13.5200004577637	13.1000003814697	13.3699998855591	13.3900003433228	15900	13.8999996185303	13.2799997329712	13.5780000686646	13.8900003433228	9000	13.826000213623	13.4809999465942	13.75	13.5600004196167	16400	14.4200000762939	13.6000003814697	13.6000003814697	14.3699998855591																									
2024-07-12	2024-07-10	SUNS	Sunrise Realty Trust, Inc.	Tannenbaum Leonard M	Exec COB, 10%	P - Purchase	10.89	137044	1,423,941	+11%	+$1,492,205	1492409.16	19:49:03	2	290200	12.7200002670288	8.10999965667725	8.60999965667725	11.3000001907349	438600	14.8500003814697	10.5	11.3000001907349	14.1599998474121	291000	13.8999996185303	11.2600002288818	12.7399997711182	13.75	236700	12.75	11.3999996185303	12.0100002288818	12.539999961853	283300	12.2399997711182	11.2600002288818	11.4099998474121	12.039999961853	159200	12	11.0500001907349	11.6000003814697	11.1700000762939	190900	11.9300003051758	10.5200004577637	10.7700004577637	11.2799997329712	101400	11.2600002288818	10.4499998092651	11.2600002288818	10.4499998092651	182600	11.710000038147	10.4499998092651	10.4700002670288	11.25	148400	11.8500003814697	10.8100004196167	11.0200004577637	11.6800003051758	143900	11.9259996414185	11.3999996185303	11.3999996185303	11.6400003433228	149200	11.8400001525879	11.4099998474121	11.5100002288818	11.6800003051758	146000	11.7449998855591	11.3599996566772	11.6499996185303	11.5200004577637	105700	11.6099996566772	11.0600004196167	11.3299999237061	11.5200004577637	73700	11.6000003814697	11.16100025177	11.5200004577637	11.5500001907349	100000	12.2399997711182	11.3500003814697	11.4899997711182	12	103700	12.1599998474121	11.8219995498657	11.8599996566772	12.1199998855591	119000	12.1999998092651	11.2299995422363	11.960000038147	12.1199998855591	138200	12.1300001144409	10.8800001144409	11.5	12.039999961853	78400	12.1400003433228	11.8599996566772	12	12.0100002288818	110600	12.210000038147	11.5100002288818	12	11.5100002288818	72000	11.5	10.7729997634888	11.5	10.9399995803833	57200	11.2200002670288	10.8000001907349	11.0600004196167	10.8999996185303	68600	11.2299995422363	10.6899995803833	10.8699998855591	10.75	60900	11.1000003814697	10.4700002670288	10.7399997711182	10.9300003051758	127500	11.5	10.9200000762939	11.0299997329712	11.210000038147	217600	13.3369998931885	11.3500003814697	11.3800001144409	12.3299999237061	308400	13.0659999847412	11.0620002746582	12.3800001144409	11.2600002288818	78200	12.3929996490479	11.5500001907349	11.5500001907349	12.0799999237061	60100	12.4200000762939	12	12.210000038147	12.3599996566772	70700	13.2679996490479	12.1800003051758	12.4899997711182	13.1400003433228	39100	13.3100004196167	12.5500001907349	13.0500001907349	12.5799999237061	30400	13.2880001068115	12.75	12.75	13.2799997329712	53300	13.4300003051758	13	13.2799997329712	13.3599996566772	42300	13.6999998092651	13.0200004577637	13.2799997329712	13.6800003051758	81100	13.8699998855591	13.3999996185303	13.75	13.75	56700	14.3999996185303	13.8000001907349	13.9499998092651	14.3400001525879	76000	14.2299995422363	13.5	14.2200002670288	14.0900001525879	34400	14.7299995422363	14.0900001525879	14.1400003433228	14.6499996185303	27100	14.8999996185303	14.3509998321533	14.7600002288818	14.5	31100	14.5050001144409	13.6599998474121	14.3999996185303	13.8100004196167	48000	14.1300001144409	13.3299999237061	13.8100004196167	13.3599996566772	36800	13.5200004577637	13.1000003814697	13.3699998855591	13.3900003433228																														
2024-06-28	2024-06-28	TXO	Txo Partners, L.P.	Simpson Bob R	COB, CEO, 10%	P - Purchase	20	1e+05	4,500,000	+2%	+$2,000,000	2e+06	18:38:07	0	151100	20.5499992370605	20	20.5499992370605	20.1599998474121	335800	21.3500003814697	20.5	20.9799995422363	20.75	119000	21.0900001525879	20.25	21.0499992370605	20.7999992370605	118100	21.2399997711182	20.4599990844727	21.2399997711182	20.8899993896484	154200	21.3899993896484	20.9200000762939	21.1499996185303	21.2299995422363	99800	21.4099998474121	20.9400005340576	21.3899993896484	21.0799999237061	84800	21.2000007629395	20.25	21.1499996185303	20.5200004577637	224600	21.5799999237061	20.6299991607666	20.7900009155273	21.1299991607666	76300	21.3899993896484	20.5699996948242	21.3899993896484	21.2099990844727	103000	21.7199993133545	20.6700000762939	21.5900001525879	21.0499992370605	134700	21.0300006866455	20.6800003051758	20.9099998474121	20.8799991607666	103100	21.0499992370605	20.7999992370605	20.8799991607666	20.9200000762939	128000	21.1200008392334	20.7999992370605	21.0100002288818	20.9200000762939	85700	21.3999996185303	20.7999992370605	21	21.1800003051758	102900	21.2999992370606	20.5799999237061	21.0599994659424	21	69700	21.2000007629395	20.6200008392334	21.0799999237061	21.1200008392334	103700	21.2900009155273	20.5499992370605	21.2900009155273	20.5699996948242	134500	21	20.0699996948242	20.8600006103516	20.3999996185303	83300	20.7800006866455	20.0799999237061	20.5300006866455	20.1000003814697	56200	20.3600006103516	20.0100002288818	20.2999992370605	20.2299995422363	125100	20.1599998474121	19.5699996948242	20.1599998474121	19.9200000762939	47800	20.5	20	20.1399993896484	20.4099998474121	67300	20.7900009155273	20.1240005493164	20.25	20.5100002288818	47300	20.996000289917	19.9500007629395	20.9200000762939	20.2299995422363	212900	20.25	19.2700004577637	20	19.5900001525879	205700	19.8850002288818	18.6499996185303	19	19.6100006103516	84100	19.9699993133545	19.2099990844727	19.9699993133545	19.5	90400	20.7900009155273	19.6599998474121	20.7900009155273	20.0599994659424	84600	20.5	19.8929996490479	20.25	20.3500003814697	130000	20.4899997711182	20.2900009155273	20.3299999237061	20.3700008392334	100200	20.6200008392334	20.2999992370605	20.5499992370605	20.6100006103516	78700	20.7600002288818	20.3129997253418	20.7099990844727	20.5300006866455	55700	20.7649993896484	20.1800003051758	20.4200000762939	20.3799991607666	98600	20.6499996185303	20.1499996185303	20.6499996185303	20.25	104100	20.6200008392334	20.1700000762939	20.4500007629395	20.3700008392334	182400	20.9349994659424	20.2800006866455	20.6499996185303	20.8899993896484	143400	20.1599998474121	19.4599990844727	20.1599998474121	19.7600002288818	93700	19.8799991607666	19.0839996337891	19.8799991607666	19.5	75000	19.5	18.8099994659424	19.5	19.0400009155273	30700	19.5799999237061	19.0300006866455	19.2700004577637	19.3999996185303	105200	19.8150005340576	19.3649997711182	19.5900001525879	19.5900001525879																																								
2024-06-27	2024-06-25	RH	Rh	Friedman Gary G	COB, CEO, 10%	P - Purchase	216.1	46274	3,351,337	+1%	+$9,999,978	9999811.4	19:47:18	2	950900	223.949996948242	212.429992675781	223.279998779297	214.919998168945	592100	221.880004882813	214.270004272461	214.820007324219	219.190002441406	1743900	240.979995727539	228.509994506836	234.020004272461	239.300003051758	1174700	248.610000610352	238.169998168945	242.429992675781	244.440002441406	622700	244.5	234.380004882813	244.5	238.669998168945	644200	250	239.809997558594	241.639999389648	249.5	320100	248.899993896484	240.399993896484	248.899993896484	240.720001220703	498100	246.479995727539	238.020004272461	241.860000610352	238.020004272461	644100	247.75	239.75	239.75	242	611600	243.929992675781	233.139999389648	242.309997558594	237.889999389648	326100	246.520004272461	238.580001831055	241	245.300003051758	1063100	268.829986572266	255.399993896484	258.109985351563	266.920013427734	901300	282.630004882813	267.399993896484	267.399993896484	274.619995117188	587400	279.989990234375	268.010009765625	274	276.209991455078	780900	295.760009765625	277.559997558594	280.140014648438	294.260009765625	652700	294.899993896484	285.910003662109	288.600006103516	286.149993896484	652300	294.579986572266	270.010009765625	285.309997558594	273.760009765625	358900	278.910003662109	270.5	272.630004882813	272.839996337891	839000	273.649993896484	255.330001831055	272.519989013672	257.690002441406	466900	260.230010986328	253.330001831055	257.119995117188	259.739990234375	520400	263.579986572266	252.820007324219	258.369995117188	253.490005493164	877600	268.459991455078	247.110000610352	252.330001831055	260.649993896484	889100	281.839996337891	265.739990234375	266.309997558594	280.970001220703	620000	291.420013427734	278.739990234375	281.359985351563	289.790008544922	578200	292.720001220703	279.600006103516	290.75	285.149993896484	572400	299.260009765625	282.529998779297	286.440002441406	290.079986572266	714000	286.070007324219	270.579986572266	286.070007324219	275.790008544922	736700	264.899993896484	253	259.220001220703	257.589996337891	925900	254.070007324219	233.399993896484	233.399993896484	247.360000610352	621700	255.479995727539	241.160003662109	248.639999389648	253.529998779297	439700	265.920013427734	247.550003051758	259.809997558594	247.679992675781	843300	256.619995117188	241.130004882813	242.509994506836	255.990005493164	413000	258	251.509994506836	257.859985351563	251.639999389648	364900	252.539993286133	243	252.539993286133	245.449996948242	699100	261.890014648438	245	247.259994506836	260.220001220703	471900	264.459991455078	252.199996948242	264.230010986328	256.170013427734	884400	279.100006103516	265.5	268.239990234375	269.269989013672	455400	272.859985351563	263.130004882813	266.959991455078	268.130004882813	313600	273.640014648438	267.640014648438	268.779998779297	270.5	365600	269.079986572266	260.290008544922	269	260.890014648438	562800	273.649993896484	264.179992675781	265.820007324219	273.640014648438	568500	269.489990234375	261.369995117188	268.950012207031	262.869995117188	1063900	285	265	266.769989013672	283.160003662109																														
2024-06-18	2024-06-17	SPMC	Sound Point Meridian Capital, Inc.	Ketchum Stephen	COB	P - Purchase	20	50001	50,001	New	+$1,000,020	1000020	17:18:09	1	71500	20.1499996185303	19.7999992370605	19.8999996185303	20.0699996948242	39000	20.1000003814697	19.8099994659424	20.0900001525879	20.0699996948242	127600	20.1000003814697	19.9599990844727	20.0799999237061	20.007999420166	29700	20	19.75	20	19.8999996185303	64400	20.0100002288818	19.8700008392334	19.9899997711182	19.9200000762939	7200	19.9799995422363	19.9200000762939	19.9489994049072	19.9500007629395	18600	20	19.8799991607666	20	19.9500007629395	53300	20.0499992370606	19.9099998474121	19.9500007629395	20	13200	20.0799999237061	19.9799995422363	20	20.0400009155273	4100	20.2099990844727	20	20.1000003814697	20.0499992370606	7300	20.1200008392334	19.9899997711182	20.0499992370606	20.0400009155273	1600	20.0499992370606	20	20.0400009155273	20.0499992370606	1700	20.0699996948242	20	20.0499992370606	20.0499992370606	26000	20.1499996185303	19.9699993133545	20.0499992370606	20.0400009155273	16000	20.048999786377	19.9200000762939	20	20.0100002288818	2800	20.0049991607666	19.8999996185303	19.9799995422363	19.8999996185303	10900	19.9699993133545	19.7999992370605	19.9699993133545	19.8999996185303	9100	20.1000003814697	19.9500007629395	19.9799995422363	19.9699993133545	6600	19.75	19.6599998474121	19.6599998474121	19.7399997711182	23900	19.75	19.5699996948242	19.7299995422363	19.7299995422363	2100	19.8799991607666	19.6499996185303	19.6900005340576	19.7099990844727	3100	19.7000007629395	19.6499996185303	19.7000007629395	19.6499996185303	400	19.7019996643066	19.7019996643066	19.7019996643066	19.7019996643066	3000	19.7000007629395	19.5499992370605	19.7000007629395	19.6599998474121	5700	19.9400005340576	19.7000007629395	19.7000007629395	19.7999992370605	9100	19.8500003814697	19.6000003814697	19.7000007629395	19.6299991607666	4100	19.6499996185303	19.5499992370605	19.6000003814697	19.5499992370605	12900	20.4150009155273	19.5699996948242	19.5699996948242	20.2199993133545	5800	20.1000003814697	19.7999992370605	20.1000003814697	19.8500003814697	13100	19.8250007629395	19.5599994659424	19.8199996948242	19.6499996185303	8100	19.9500007629395	19.6000003814697	19.6499996185303	19.9500007629395	5900	19.8999996185303	19.7000007629395	19.8999996185303	19.7150001525879	10500	19.8500003814697	19.5499992370605	19.75	19.5499992370605	6100	19.3099994659424	18.9500007629395	19.3099994659424	19.0200004577637	7300	19.1499996185303	19	19.1399993896484	19.0799999237061	5300	19.1000003814697	19	19	19.0499992370605	3300	19.2000007629395	19.1000003814697	19.1000003814697	19.1900005340576	8100	19.4300003051758	19.2299995422363	19.238000869751	19.4150009155273	2800	19.7000007629395	19.4750003814697	19.5	19.7000007629395	2500	19.7999992370605	19.7399997711182	19.7999992370605	19.7399997711182	4700	19.9109992980957	19.6900005340576	19.75	19.8999996185303	4900	19.8889999389648	19.6000003814697	19.7999992370605	19.8299999237061	4900	20	19.7999992370605	19.8299999237061	20																														
2024-06-18	2024-06-14	PRTH	Priority Technology Holdings, Inc.	Priore Thomas Charles	Pres, CEO, COB, 10%	P - Purchase	3.56	598187	46,819,476	+1%	+$2,129,546	2129545.72	17:08:54	4	28800	4.32999992370605	4.13000011444092	4.13000011444092	4.32999992370605	24800	4.44000005722046	4.09100008010864	4.36999988555908	4.34000015258789	51300	4.67000007629395	4.28999996185303	4.44000005722046	4.48000001907349	62200	4.90000009536743	4.5	4.69000005722046	4.78999996185303	77000	4.82999992370606	4.55000019073486	4.71000003814697	4.59999990463257	39900	4.94000005722046	4.55000019073486	4.59999990463257	4.90999984741211	40300	4.98000001907349	4.78000020980835	4.82000017166138	4.84000015258789	29000	4.86999988555908	4.75	4.76000022888184	4.84999990463257	22900	4.96999979019165	4.80999994277954	4.8899998664856	4.8600001335144	367900	5.3899998664856	4.79400014877319	4.8899998664856	5.28000020980835	73800	5.32499980926514	4.71000003814697	5.32000017166138	4.76000022888184	28000	4.96000003814697	4.75899982452393	4.76000022888184	4.94999980926514	12400	5.01999998092651	4.90000009536743	4.92999982833862	5.01999998092651	65200	5.03499984741211	4.94799995422363	4.96999979019165	4.96000003814697	56800	5.10500001907349	4.93699979782105	5.01999998092651	4.98000001907349	77400	5.32000017166138	5	5.01000022888184	5.17000007629395	50900	5.28000020980835	4.92000007629395	5.19000005722046	5.01999998092651	40100	5.07000017166138	4.96999979019165	5.05000019073486	5.03999996185303	51900	5.21999979019165	4.98999977111816	5.09999990463257	5.13000011444092	65900	5.63000011444092	5.09000015258789	5.13000011444092	5.6100001335144	119300	5.75	5.36499977111816	5.59999990463257	5.48999977111816	37300	5.82000017166138	5.48000001907349	5.53000020980835	5.73999977111816	35100	5.8899998664856	5.45800018310547	5.80000019073486	5.51000022888184	60400	5.79500007629395	5.19999980926514	5.53999996185303	5.19999980926514	54600	5.67000007629395	5.01999998092651	5.07000017166138	5.65999984741211	82900	6.30999994277954	5.6100001335144	5.6100001335144	6.23000001907349	63400	6.46999979019165	5.92000007629395	6.23999977111816	6.17999982833862	103400	6.86499977111816	6.17999982833862	6.17999982833862	6.34000015258789	72800	6.44000005722046	5.76999998092651	6.40000009536743	6.30000019073486	78900	6.28000020980835	5.26999998092651	6.26999998092651	5.26999998092651	45500	5.63000011444092	5.26999998092651	5.26999998092651	5.57000017166138	30200	6.1230001449585	5.57499980926514	5.57999992370606	5.92999982833862	74600	6.07499980926514	4.98000001907349	5.92999982833862	5.1399998664856	58400	4.96999979019165	4.6100001335144	4.96999979019165	4.6100001335144	57800	4.86999988555908	4.13299989700317	4.32999992370605	4.73999977111816	38100	4.92500019073486	4.65000009536743	4.67999982833862	4.78000020980835	56600	5.05999994277954	4.88000011444092	4.88000011444092	5.05999994277954	81500	5.40000009536743	4.86999988555908	4.86999988555908	5.05999994277954	24000	5.26999998092651	5.00899982452393	5.09999990463257	5.15000009536743	73200	5.17000007629395	4.3600001335144	5.17000007629395	4.42000007629395	44800	4.80499982833862	4.31500005722046	4.46999979019165	4.71999979019165	47400	4.88000011444092	4.6399998664856	4.71000003814697	4.75	29200	5	4.76000022888184	4.90000009536743	4.96999979019165	18700	5.07999992370606	4.92999982833862	4.94000005722046	4.98999977111816																									
2024-06-14	2024-06-14	FOUR	Shift4 Payments, Inc.	Isaacman Jared	COB, CEO, 10%	P - Purchase	69.4	14486	666,117	+2%	+$1,005,310	1005328.4	18:15:58	0	1499600	72.4400024414063	68.2900009155274	71.1999969482422	69.7200012207031	1115300	71.9400024414063	69.3899993896484	71.2799987792969	70.879997253418	1286900	70.5670013427734	68.0699996948242	70.120002746582	69.0400009155274	967400	71.5	68.8960037231445	68.9899978637695	70.620002746582	1425800	71.3450012207031	69.0599975585938	70.1699981689453	71.1399993896484	757200	71.7360000610352	70.0400009155274	70.9199981689453	70.7399978637695	728200	71.1900024414063	69.9000015258789	70.6600036621094	70.379997253418	907900	71.8600006103516	69.2900009155274	69.9899978637695	71.75	949300	73.6309967041016	71.0400009155273	71.4899978637695	73.3199996948242	2069700	74.4499969482422	72.6399993896484	73.4599990844727	73.3499984741211	947600	73.8899993896484	72.1999969482422	73.5699996948242	73.8399963378906	762200	74.1999969482422	72.7099990844727	73.4000015258789	73.5500030517578	696500	73.9700012207031	72.2799987792969	73.5999984741211	72.8499984741211	957800	73.3600006103516	71.7829971313477	72.620002746582	73.1800003051758	1099000	75.2799987792969	73.0500030517578	73.4700012207031	73.3600006103516	681700	73.3899993896484	71.7099990844727	73.370002746582	72.129997253418	2064900	72.3300018310547	67.4199981689453	72.0899963378906	67.4300003051758	1135200	70.3600006103516	67.8099975585938	68.2099990844727	69.7699966430664	706400	70.7279968261719	69.6999969482422	70.3000030517578	70.4700012207031	924900	72.0400009155274	69.3499984741211	70.5	71.9899978637695	951400	73.6600036621094	71.1500015258789	72.1399993896484	73.0999984741211	1169900	73.4700012207031	70.620002746582	73.1100006103516	70.7799987792969	1999900	71.4130020141602	66.4199981689453	71	66.7099990844727	2363900	67.120002746582	65.2200012207031	66.6999969482422	66.3300018310547	1265700	69.129997253418	66.129997253418	67.3099975585938	68.879997253418	935400	69.8499984741211	68.1500015258789	68.9000015258789	69.0199966430664	1222600	68.9499969482422	66.2649993896484	68.2300033569336	66.3000030517578	947800	68.9800033569336	65.7200012207031	66.4199981689453	68.4599990844727	733300	70.0699996948242	68.5299987792969	69.4400024414063	69.5299987792969	934100	70.0149993896484	67.9599990844727	70	69.3600006103516	799500	70	67.370002746582	69.3000030517578	68.9199981689453	853100	70.2200012207031	68.5	69.0199966430664	68.7900009155274	1348200	68.7799987792969	64.0500030517578	68	65.0199966430664	1745000	63.0499992370606	61.1800003051758	63	62.7099990844727	1578100	62	57.4500007629395	57.9099998474121	61.2599983215332	1025800	63.2000007629395	61.0900001525879	61.810001373291	62.5099983215332	2451100	65.6399993896484	63.4099998474121	64	63.5299987792969	5625500	72.129997253418	67.0899963378906	67.7699966430664	70.6999969482422	2152400	72.2200012207031	68.9199981689453	71.129997253418	71.379997253418	2169900	73.5	70.7200012207031	71.5199966430664	72.9700012207031																																													
2024-06-14	2024-06-14	FOUR	Shift4 Payments, Inc.	Isaacman Jared	COB, CEO, 10%	P - Purchase	69.4	14486	666,117	+2%	+$1,005,310	1005328.4	16:05:04	0	1499600	72.4400024414063	68.2900009155274	71.1999969482422	69.7200012207031	1115300	71.9400024414063	69.3899993896484	71.2799987792969	70.879997253418	1286900	70.5670013427734	68.0699996948242	70.120002746582	69.0400009155274	967400	71.5	68.8960037231445	68.9899978637695	70.620002746582	1425800	71.3450012207031	69.0599975585938	70.1699981689453	71.1399993896484	757200	71.7360000610352	70.0400009155274	70.9199981689453	70.7399978637695	728200	71.1900024414063	69.9000015258789	70.6600036621094	70.379997253418	907900	71.8600006103516	69.2900009155274	69.9899978637695	71.75	949300	73.6309967041016	71.0400009155273	71.4899978637695	73.3199996948242	2069700	74.4499969482422	72.6399993896484	73.4599990844727	73.3499984741211	947600	73.8899993896484	72.1999969482422	73.5699996948242	73.8399963378906	762200	74.1999969482422	72.7099990844727	73.4000015258789	73.5500030517578	696500	73.9700012207031	72.2799987792969	73.5999984741211	72.8499984741211	957800	73.3600006103516	71.7829971313477	72.620002746582	73.1800003051758	1099000	75.2799987792969	73.0500030517578	73.4700012207031	73.3600006103516	681700	73.3899993896484	71.7099990844727	73.370002746582	72.129997253418	2064900	72.3300018310547	67.4199981689453	72.0899963378906	67.4300003051758	1135200	70.3600006103516	67.8099975585938	68.2099990844727	69.7699966430664	706400	70.7279968261719	69.6999969482422	70.3000030517578	70.4700012207031	924900	72.0400009155274	69.3499984741211	70.5	71.9899978637695	951400	73.6600036621094	71.1500015258789	72.1399993896484	73.0999984741211	1169900	73.4700012207031	70.620002746582	73.1100006103516	70.7799987792969	1999900	71.4130020141602	66.4199981689453	71	66.7099990844727	2363900	67.120002746582	65.2200012207031	66.6999969482422	66.3300018310547	1265700	69.129997253418	66.129997253418	67.3099975585938	68.879997253418	935400	69.8499984741211	68.1500015258789	68.9000015258789	69.0199966430664	1222600	68.9499969482422	66.2649993896484	68.2300033569336	66.3000030517578	947800	68.9800033569336	65.7200012207031	66.4199981689453	68.4599990844727	733300	70.0699996948242	68.5299987792969	69.4400024414063	69.5299987792969	934100	70.0149993896484	67.9599990844727	70	69.3600006103516	799500	70	67.370002746582	69.3000030517578	68.9199981689453	853100	70.2200012207031	68.5	69.0199966430664	68.7900009155274	1348200	68.7799987792969	64.0500030517578	68	65.0199966430664	1745000	63.0499992370606	61.1800003051758	63	62.7099990844727	1578100	62	57.4500007629395	57.9099998474121	61.2599983215332	1025800	63.2000007629395	61.0900001525879	61.810001373291	62.5099983215332	2451100	65.6399993896484	63.4099998474121	64	63.5299987792969	5625500	72.129997253418	67.0899963378906	67.7699966430664	70.6999969482422	2152400	72.2200012207031	68.9199981689453	71.129997253418	71.379997253418	2169900	73.5	70.7200012207031	71.5199966430664	72.9700012207031																																													
2024-06-12	2024-06-10	PEB	Pebblebrook Hotel Trust	Bortz Jon E	COB, CEO	P - Purchase	13.59	45000	1,453,284	+3%	+$611,420	611550	16:34:42	2	1701500	13.7299995422363	13.3999996185303	13.6599998474121	13.6700000762939	983600	13.710000038147	13.5200004577637	13.5799999237061	13.5799999237061	1534300	14.3500003814697	13.8299999237061	14.0200004577637	13.9799995422363	1200900	14.25	13.9300003051758	14.25	14.1300001144409	963700	14.0799999237061	13.7600002288818	13.9499998092651	13.8900003433228	829400	14.039999961853	13.6300001144409	13.75	14.0299997329712	1001400	14.1300001144409	13.8500003814697	14.039999961853	13.9200000762939	635100	14.0200004577637	13.7299995422363	13.8100004196167	13.8999996185303	2221500	14.1099996566772	13.6400003433228	13.9300003051758	13.8699998855591	1480500	14.210000038147	13.8100004196167	13.9399995803833	13.8299999237061	1186300	13.8500003814697	13.460000038147	13.789999961853	13.5600004196167	1050900	13.5100002288818	13.2799997329712	13.4399995803833	13.3400001525879	890400	13.5100002288818	13.25	13.3599996566772	13.5100002288818	2573200	13.7799997329712	13.4300003051758	13.6400003433228	13.75	1157300	13.8800001144409	13.1700000762939	13.6999998092651	13.1800003051758	899500	13.289999961853	13.1199998855591	13.2299995422363	13.1499996185303	845200	13.3599996566772	13.0500001907349	13.2299995422363	13.0600004196167	983300	13.1300001144409	12.9200000762939	13.0500001907349	13.1199998855591	1145300	13.3000001907349	13	13.1899995803833	13.1199998855591	1474100	13.1700000762939	12.8199996948242	13.0699996948242	12.8500003814697	2049700	13.1599998474121	12.8699998855591	12.960000038147	13.0699996948242	1577300	13.6099996566772	13.2200002670288	13.4200000762939	13.3699998855591	1546300	13.6400003433228	13.289999961853	13.539999961853	13.3199996948242	1251600	13.6099996566772	13.3299999237061	13.4499998092651	13.4700002670288	3249200	14.0699996948242	13.4200000762939	13.5299997329712	14.0500001907349	1703300	14.3400001525879	13.8800001144409	13.8800001144409	14.1499996185303	3211500	14.2299995422363	13.6599998474121	14.0100002288818	13.6899995803833	1365700	13.8199996948242	13.5	13.6400003433228	13.7799997329712	2084700	14.0500001907349	13.6099996566772	13.8800001144409	13.8699998855591	1972100	14.25	13.8199996948242	13.8299999237061	14.1000003814697	2485200	14.1300001144409	13.4399995803833	14.0500001907349	13.5	3472400	13.75	13.039999961853	13.6400003433228	13.6199998855591	1270500	13.8699998855591	13.3699998855591	13.8400001525879	13.7299995422363	1284100	13.8100004196167	13.5699996948242	13.7200002670288	13.7600002288818	1996500	14.1199998855591	13.6999998092651	13.7799997329712	13.9799995422363	2437700	14.0900001525879	13.6499996185303	14.0200004577637	13.6899995803833	1398000	13.7399997711182	13.1800003051758	13.6099996566772	13.2700004577637	2860700	13.2299995422363	12.5799999237061	12.9700002670288	12.6599998474121	4050600	12.2799997329712	11.710000038147	12	11.8199996948242	2282500	12.4799995422363	11.6499996185303	11.8100004196167	12.2700004577637	2527600	12.6499996185303	12.1800003051758	12.6199998855591	12.2700004577637	1829800	12.7299995422363	12.3699998855591	12.3699998855591	12.4499998092651	1830300	12.539999961853	12.289999961853	12.460000038147	12.460000038147																														
2024-06-11	2024-06-10	UHG	United Homes Group, Inc.	Nieri Michael P.	COB, CEO, 10%	P - Purchase	5	621328	621,328	New	+$3,106,640	3106640	20:20:51	1	8200	6	5.78000020980835	5.8899998664856	5.82999992370606	20900	5.90999984741211	5.44999980926514	5.82999992370606	5.73000001907349	50700	6.94000005722046	6.01000022888184	6.23000001907349	6.53999996185303	70700	7.80000019073486	6.6100001335144	6.78000020980835	7.21000003814697	16100	7.44999980926514	7	7.05000019073486	7.05999994277954	26200	7.73999977111816	6.09999990463257	7.13000011444092	6.84000015258789	24100	7.42399978637695	5.90999984741211	7.15000009536743	5.96000003814697	22700	6.78000020980835	5.93499994277954	5.94000005722046	6.11999988555908	24200	6.31599998474121	5.78000020980835	5.94000005722046	5.78000020980835	47700	6.09000015258789	5.09000015258789	5.90999984741211	5.44999980926514	17400	5.92999982833862	5.44999980926514	5.44999980926514	5.71999979019165	9700	6.3899998664856	5.75	5.75	6.28000020980835	11900	6.59999990463257	6	6.25	6.30000019073486	143100	6.51000022888184	5.69000005722046	6.5	5.69000005722046	19700	6.30999994277954	5.51000022888184	5.67000007629395	5.71000003814697	15200	6.15000009536743	5.55000019073486	5.55000019073486	5.86999988555908	18700	6.15000009536743	5.55999994277954	5.81199979782105	5.80000019073486	29300	6.03000020980835	5.57999992370606	5.59999990463257	5.63000011444092	25100	6.15000009536743	5.5	5.73000001907349	6.1399998664856	7800	6.13899993896484	5.82000017166138	5.82000017166138	5.92000007629395	35200	6.15000009536743	6.01000022888184	6.09999990463257	6.13000011444092	56300	6.34999990463257	6.11999988555908	6.11999988555908	6.32999992370606	35900	6.34999990463257	6.19999980926514	6.34999990463257	6.34999990463257	21400	6.40000009536743	6.16699981689453	6.34999990463257	6.40000009536743	64300	6.41499996185303	6.19000005722046	6.40000009536743	6.3899998664856	31900	6.5	6.19000005722046	6.23999977111816	6.34000015258789	17200	6.46600008010864	6.19999980926514	6.46600008010864	6.19999980926514	29900	6.44600009918213	6.28999996185303	6.32000017166138	6.42000007629395	7500	6.5	6.17399978637695	6.5	6.26000022888184	38200	6.48999977111816	6.29899978637695	6.48999977111816	6.3899998664856	15300	6.40000009536743	6.07999992370606	6.36999988555908	6.07999992370606	11500	6.1399998664856	5.90000009536743	6	6.1399998664856	31800	6.29500007629395	5.76999998092651	6.26999998092651	5.76999998092651	22200	5.92000007629395	5.67999982833862	5.76000022888184	5.84999990463257	8300	6.08900022506714	5.76000022888184	5.86999988555908	5.98999977111816	26000	6.3899998664856	5.65000009536743	5.8600001335144	6.21000003814697	10700	6.34999990463257	6.03999996185303	6.34999990463257	6.1100001335144	11400	6.19000005722046	5.67000007629395	6.19000005722046	5.67999982833862	26500	6.3600001335144	5.5	5.55999994277954	5.59999990463257	11100	5.80000019073486	5.59999990463257	5.59999990463257	5.75	19600	6.03000020980835	5.63100004196167	5.65000009536743	5.75	6100	6.19999980926514	5.69999980926514	6.19999980926514	5.96000003814697	7200	6.03499984741211	5.71000003814697	6.03499984741211	5.71000003814697																														
2024-06-11	2024-06-07	GBDC	Golub Capital Bdc, Inc.	Golub Lawrence E	COB	P - Purchase	16.03	512267	7,592,172	+7%	+$8,213,508	8211640.01	16:53:42	4	942700	16.1800003051758	16.0200004577637	16.0300006866455	16.0499992370605	1402400	16.2399997711182	16.0100002288818	16.1000003814697	16.0300006866455	3173800	16.1499996185303	15.7200002670288	16.0699996948242	15.75	1714900	16.0100002288818	15.8500003814697	15.8500003814697	15.8999996185303	1150100	15.9300003051758	15.7700004577637	15.8599996566772	15.8199996948242	1368500	15.8299999237061	15.5900001525879	15.8000001907349	15.6700000762939	2515400	15.8900003433228	15.6700000762939	15.7399997711182	15.7399997711182	1395300	15.7600002288818	15.5600004196167	15.710000038147	15.6099996566772	3168400	15.8500003814697	15.539999961853	15.6999998092651	15.5799999237061	2686300	15.7200002670288	15.4899997711182	15.6700000762939	15.5200004577637	3268100	15.75	15.5799999237061	15.5799999237061	15.7399997711182	1320000	15.8100004196167	15.5799999237061	15.75	15.6099996566772	1321000	15.6400003433228	15.4300003051758	15.6000003814697	15.5	2015700	15.8100004196167	15.5	15.5299997329712	15.7799997329712	868800	15.8999996185303	15.710000038147	15.8500003814697	15.710000038147	1032400	15.8199996948242	15.6000003814697	15.7399997711182	15.6199998855591	815400	15.7600002288818	15.6000003814697	15.6300001144409	15.7200002670288	683600	15.9899997711182	15.75	15.7799997329712	15.8699998855591	1038400	15.8699998855591	15.7600002288818	15.8500003814697	15.7700004577637	1313800	15.9499998092651	15.7700004577637	15.8199996948242	15.9300003051758	2286000	15.9499998092651	15.6499996185303	15.9499998092651	15.6800003051758	968000	15.8800001144409	15.6999998092651	15.6999998092651	15.8800001144409	1523300	16	15.8999996185303	15.9399995803833	16	1647600	16.0799999237061	15.8199996948242	16	15.8400001525879	954700	15.8500003814697	15.6899995803833	15.8500003814697	15.7399997711182	1206300	15.8900003433228	15.6800003051758	15.8199996948242	15.7399997711182	929600	15.8000001907349	15.5900001525879	15.75	15.5900001525879	1229200	15.6700000762939	15.4099998474121	15.6300001144409	15.5200004577637	708600	15.539999961853	15.4300003051758	15.5	15.4700002670288	858500	15.710000038147	15.5	15.5	15.6000003814697	722900	15.6099996566772	15.5200004577637	15.5500001907349	15.539999961853	1089300	15.6000003814697	15.4099998474121	15.5799999237061	15.4499998092651	954900	15.5799999237061	15.3900003433228	15.4799995422363	15.3999996185303	1512000	15.4799995422363	15.3699998855591	15.4200000762939	15.4499998092651	955800	15.4799995422363	15.3599996566772	15.4499998092651	15.4399995803833	830300	15.5100002288818	15.3999996185303	15.5100002288818	15.4499998092651	1065500	15.5	15.25	15.4799995422363	15.2799997329712	1782100	15.3000001907349	15.0900001525879	15.25	15.1400003433228	2522600	15.0600004196167	14.710000038147	15.0500001907349	14.7299995422363	2577600	14.6899995803833	14.2700004577637	14.3999996185303	14.5100002288818	2827800	14.7700004577637	14.0500001907349	14.5500001907349	14.6099996566772	1817800	14.7399997711182	14.3800001144409	14.6599998474121	14.4099998474121	3034400	14.460000038147	14.25	14.4399995803833	14.3900003433228	1412600	14.4499998092651	14.3199996948242	14.3900003433228	14.3999996185303																									
2024-06-06	2024-06-05	AFCG	Afc Gamma, Inc.	Tannenbaum Leonard M	Exec COB; CIO, 10%	P - Purchase	12.01	88835	4,028,568	+2%	+$1,066,790	1066908.35	16:42:31	1	158372	8.35044479370117	8.07666015625	8.10403823852539	8.30937671661377	219881	8.2840518951416	8.10403823852539	8.24777507781982	8.15195083618164	157788	8.34360027313232	8.19301795959473	8.2272424697876	8.31622219085693	71005	8.32991123199463	8.24093055725098	8.30253314971924	8.27515411376953	102562	8.28473567962647	8.17932891845703	8.24777507781982	8.24093055725098	117611	8.41889095306397	8.23408603668213	8.31622219085693	8.35729026794434	150337	8.5078706741333	8.35729026794434	8.38466835021973	8.48049259185791	132221	8.56947326660156	8.39835739135742	8.39835739135742	8.48733711242676	158080	8.6173849105835	8.45995903015137	8.52156066894531	8.58316230773926	235221	8.67214202880859	8.49418163299561	8.61054134368897	8.5078706741333	415508	8.72005462646484	8.48733711242676	8.48733711242676	8.55578422546387	357945	8.6584529876709	8.48733711242676	8.6584529876709	8.54209423065186	289424	8.19301795959473	8.0355920791626	8.12457180023193	8.04243659973145	313238	8.06297111511231	7.87816619873047	8.06297111511231	7.95345687866211	120386	8.00821399688721	7.89870023727417	7.9397668838501	7.95345687866211	183794	8.12457180023193	7.9603009223938	7.98767995834351	8.10403823852539	389064	8.37097930908203	8.08350372314453	8.1314172744751	8.35044479370117	184670	8.39835739135742	8.2272424697876	8.36413383483887	8.26830863952637	188031	8.38466835021973	8.25461959838867	8.30937671661377	8.33675575256348	113666	8.39151287078857	8.29568767547607	8.35729026794434	8.31622219085693	222803	8.36413383483887	8.24093055725098	8.30937671661377	8.32306575775147	217543	8.40520191192627	8.21355247497559	8.31622219085693	8.29568767547607	245594	8.25804233551025	7.9055438041687	8.22039699554443	7.95345687866211	365700	8.59000015258789	8.05500030517578	8.30000019073486	8.59000015258789	370900	8.72000026702881	8.32999992370606	8.67000007629395	8.39000034332275	351300	8.75500011444092	8.39000034332275	8.39999961853027	8.73999977111816	318100	9.02000045776367	8.77999973297119	8.8100004196167	9.02000045776367	282300	9.51000022888184	9.07999992370605	9.09000015258789	9.51000022888184	182000	9.80000019073486	9.5	9.5	9.77000045776367	221300	9.82999992370605	9.3100004196167	9.77000045776367	9.32999992370605	172600	9.61999988555908	9.26500034332275	9.61999988555908	9.35000038146973	228400	9.47999954223633	9.27000045776367	9.35000038146973	9.39999961853027	237100	9.4399995803833	9.3100004196167	9.35000038146973	9.39000034332275	225000	9.38799953460693	9.01000022888184	9.31999969482422	9.02999973297119	189000	9.35000038146973	9.05000019073486	9.06999969482422	9.22999954223633	173700	9.35599994659424	9.11999988555908	9.32999992370605	9.19999980926514	199800	9.25	8.9399995803833	9.18000030517578	8.97000026702881	139800	9.0600004196167	8.89999961853027	8.97999954223633	9.02000045776367	124100	9.14000034332275	8.88000011444092	9.05000019073486	8.97000026702881	114000	9	8.73999977111816	8.92000007629395	8.77999973297119	121100	8.93000030517578	8.69999980926514	8.80000019073486	8.76000022888184																																								
2024-06-06	2024-06-06	FOUR	Shift4 Payments, Inc.	Isaacman Jared	COB, CEO, 10%	P - Purchase	69.23	29669	651,631	+5%	+$2,053,931	2053984.87	16:15:03	0	1149600	70.3209991455078	68.3300018310547	70.0100021362305	69.7200012207031	2260400	73.9400024414063	71.0500030517578	72	72.5299987792969	1138000	73.5199966430664	71.1699981689453	71.2600021362305	73.2399978637695	1150200	73.9800033569336	71.9700012207031	73.0299987792969	73.3499984741211	858400	74.9400024414063	72.4599990844727	74.870002746582	72.7699966430664	1392700	74.0899963378906	71.5100021362305	72.9499969482422	71.6399993896484	1499600	72.4400024414063	68.2900009155274	71.1999969482422	69.7200012207031	1115300	71.9400024414063	69.3899993896484	71.2799987792969	70.879997253418	1286900	70.5670013427734	68.0699996948242	70.120002746582	69.0400009155274	967400	71.5	68.8960037231445	68.9899978637695	70.620002746582	1425800	71.3450012207031	69.0599975585938	70.1699981689453	71.1399993896484	757200	71.7360000610352	70.0400009155274	70.9199981689453	70.7399978637695	728200	71.1900024414063	69.9000015258789	70.6600036621094	70.379997253418	907900	71.8600006103516	69.2900009155274	69.9899978637695	71.75	949300	73.6309967041016	71.0400009155273	71.4899978637695	73.3199996948242	2069700	74.4499969482422	72.6399993896484	73.4599990844727	73.3499984741211	947600	73.8899993896484	72.1999969482422	73.5699996948242	73.8399963378906	762200	74.1999969482422	72.7099990844727	73.4000015258789	73.5500030517578	696500	73.9700012207031	72.2799987792969	73.5999984741211	72.8499984741211	957800	73.3600006103516	71.7829971313477	72.620002746582	73.1800003051758	1099000	75.2799987792969	73.0500030517578	73.4700012207031	73.3600006103516	681700	73.3899993896484	71.7099990844727	73.370002746582	72.129997253418	2064900	72.3300018310547	67.4199981689453	72.0899963378906	67.4300003051758	1135200	70.3600006103516	67.8099975585938	68.2099990844727	69.7699966430664	706400	70.7279968261719	69.6999969482422	70.3000030517578	70.4700012207031	924900	72.0400009155274	69.3499984741211	70.5	71.9899978637695	951400	73.6600036621094	71.1500015258789	72.1399993896484	73.0999984741211	1169900	73.4700012207031	70.620002746582	73.1100006103516	70.7799987792969	1999900	71.4130020141602	66.4199981689453	71	66.7099990844727	2363900	67.120002746582	65.2200012207031	66.6999969482422	66.3300018310547	1265700	69.129997253418	66.129997253418	67.3099975585938	68.879997253418	935400	69.8499984741211	68.1500015258789	68.9000015258789	69.0199966430664	1222600	68.9499969482422	66.2649993896484	68.2300033569336	66.3000030517578	947800	68.9800033569336	65.7200012207031	66.4199981689453	68.4599990844727	733300	70.0699996948242	68.5299987792969	69.4400024414063	69.5299987792969	934100	70.0149993896484	67.9599990844727	70	69.3600006103516	799500	70	67.370002746582	69.3000030517578	68.9199981689453	853100	70.2200012207031	68.5	69.0199966430664	68.7900009155274	1348200	68.7799987792969	64.0500030517578	68	65.0199966430664	1745000	63.0499992370606	61.1800003051758	63	62.7099990844727																																													
2024-05-30	2024-05-30	FTAI	Ftai Aviation Ltd.	Adams Joseph P. Jr.	CEO, COB	P - Purchase	82	59000	384,998	+18%	+$4,838,000	4838000	16:30:59	0	1652400	81.5299987792969	79.6600036621094	79.879997253418	81.2799987792969	1556500	84.7300033569336	82	83.870002746582	84.3199996948242	1100800	84.6839981079102	80.75	84.5299987792969	82.9199981689453	1276500	83.0699996948242	77.2399978637695	82.9199981689453	78.2099990844727	854600	81.8850021362305	78.5500030517578	79.1800003051758	81.2900009155274	1153100	85	81.5100021362305	81.5100021362305	82.6699981689453	855300	84.5899963378906	81.3000030517578	83.0400009155274	81.9499969482422	1225900	85.75	81.5199966430664	81.870002746582	84.9400024414063	628200	84.9300003051758	82.2399978637695	84.7699966430664	83.9000015258789	991600	88.0299987792969	84.6500015258789	86.4000015258789	87.3300018310547	707700	88.6399993896484	84.7300033569336	87.7900009155274	86.120002746582	820500	84.9400024414063	81.8199996948242	84.1500015258789	84.5599975585938	974700	89.879997253418	85.3600006103516	85.3600006103516	89.4000015258789	1408600	93.9199981689453	89.0500030517578	89.0500030517578	93.6800003051758	1898700	94.4300003051758	91	93.5199966430664	92.5999984741211	1281100	93.5	89.8300018310547	92.870002746582	92.7300033569336	1016200	93.0800018310547	89.7399978637695	92.9199981689453	91.4800033569336	2210300	101.089996337891	92.1600036621094	92.4700012207031	99.6699981689453	1347400	101.525001525879	97.5	99.3000030517578	100.709999084473	964400	101.98999786377	95.4899978637695	100	101.809997558594	2387200	106.099998474121	101.290000915527	102.63500213623	103.230003356934	961100	105.029998779297	101.419998168945	103.970001220703	105	857200	108.01000213623	103.680000305176	104.190002441406	107.959999084473	705600	111.019996643066	105.067001342773	108.910003662109	106.790000915527	1025900	108.699996948242	103.540000915527	106.870002746582	105.709999084473	659500	107.769996643066	105.394996643066	106.069999694824	106.470001220703	1048700	106.709999084473	103.669998168945	106.26000213623	104.25	2618900	102.690002441406	95.3099975585937	102.690002441406	95.6699981689453	2140200	97.1999969482422	93.129997253418	96	96.4499969482422	869000	99.8300018310547	96.9000015258789	96.9499969482422	97.7200012207031	1530000	102.629997253418	98.5	99.5400009155274	101.690002441406	1270400	107.900001525879	102.5	102.5	107.419998168945	1304500	106.949996948242	102.180000305176	105.26000213623	102.790000915527	1143600	105.730003356934	101.129997253418	104.330001831055	102.98999786377	1014500	105.400001525879	101.860000610352	103.610000610352	102.059997558594	1563200	105.730003356934	100.599998474121	102.930000305176	105.230003356934	1540900	108.160003662109	105.599998474121	105.76000213623	107.839996337891	2757800	113.980003356934	105.379997253418	112	109.25	1783400	110.48999786377	103	109.110000610352	105.330001831055	2386300	115	108.199996948242	110	112.629997253418																																													
2024-05-29	2024-05-24	CMTG	Claros Mortgage Trust, Inc.	Mack Richard	CEO, COB	P - Purchase	7.2	160000	2,551,853	+7%	+$1,151,880	1152000	20:49:16	5	509800	7.40999984741211	7.21500015258789	7.3899998664856	7.26999998092651	588700	7.38000011444092	6.96000003814697	7.38000011444092	7.01999998092651	565700	7.13000011444092	6.80000019073486	6.88000011444092	6.98999977111816	899000	8.17000007629395	7.4850001335144	7.51000022888184	7.84000015258789	712000	8	7.79500007629395	7.92000007629395	7.8899998664856	410400	8.28999996185303	7.96199989318848	8.15999984741211	8.27999973297119	344100	8.31999969482422	8.03999996185303	8.22000026702881	8.06999969482422	310200	8.42000007629395	8.05000019073486	8.11999988555908	8.40999984741211	242400	8.43000030517578	8.13000011444092	8.38000011444092	8.21000003814697	222500	8.22999954223633	8.03999996185303	8.0600004196167	8.19999980926514	151900	8.23999977111816	8.07999992370606	8.07999992370606	8.22999954223633	211200	8.22000026702881	8.0600004196167	8.14999961853027	8.10999965667725	230800	8.43000030517578	8.15999984741211	8.43000030517578	8.15999984741211	214900	8.20499992370606	7.98000001907349	8.14000034332275	8.1899995803833	213600	8.22000026702881	7.98000001907349	8.03999996185303	8.09000015258789	355300	8.1899995803833	7.92000007629395	7.94999980926514	8.15999984741211	237400	8.23999977111816	8.0600004196167	8.15999984741211	8.11999988555908	416900	8.28999996185303	7.92000007629395	8.03999996185303	8.22000026702881	1273000	8.53999996185303	8.14000034332275	8.19999980926514	8.32999992370606	303500	8.5600004196167	8.35000038146973	8.38000011444092	8.39999961853027	254400	8.47000026702881	8.27000045776367	8.35000038146973	8.27999973297119	268300	8.43000030517578	8.19999980926514	8.19999980926514	8.34000015258789	253700	8.35999965667725	8	8.35999965667725	8.10000038146973	765900	8.10999965667725	7.76999998092651	7.96000003814697	8.02000045776367	508100	8.27999973297119	7.76999998092651	8.02999973297119	7.8899998664856	247700	8.07999992370606	7.8899998664856	7.90999984741211	8.02999973297119	116400	8.11999988555908	7.98000001907349	8.10000038146973	8.01000022888184	186100	8.125	7.94999980926514	7.98000001907349	8.02999973297119	190100	8.17000007629395	8.02000045776367	8.10999965667725	8.10999965667725	157000	8.1899995803833	8.01000022888184	8.11999988555908	8.14999961853027	158600	8.42000007629395	8.14999961853027	8.19999980926514	8.42000007629395	436200	8.9399995803833	8.64000034332275	8.64999961853027	8.77999973297119	341600	8.90999984741211	8.63000011444092	8.89999961853027	8.76000022888184	375700	8.89999961853027	8.6899995803833	8.80000019073486	8.8100004196167	371000	9.02999973297119	8.84000015258789	8.96000003814697	8.88000011444092	460900	9.26000022888184	8.77999973297119	8.77999973297119	9.19999980926514	199200	9.35999965667725	8.90999984741211	9.11999988555908	8.93000030517578	288900	9.14999961853027	8.92000007629395	8.93000030517578	9.01000022888184	192600	9.17000007629395	8.84000015258789	9	9.10999965667725	341300	9.72000026702881	9.03999996185303	9.07999992370605	9.64000034332275	425800	9.67000007629395	9.26000022888184	9.51000022888184	9.27000045776367	405000	9.67500019073486	9.10999965667725	9.31999969482422	9.47999954223633	205200	9.72000026702881	9.43000030517578	9.72000026702881	9.60999965667725																														
2024-05-24	2024-05-23	IART	Integra Lifesciences Holdings Corp	Essig Stuart	Exec. COB	P - Purchase	28.49	52641	1,753,434	+3%	+$1,499,979	1499742.09	16:08:19	1	1207200	29.5799999237061	28.2800006866455	28.9099998474121	28.5100002288818	814700	28.6000003814697	27.9200000762939	28.2800006866455	28.3099994659424	986500	29.5	28.7099990844727	28.9400005340576	28.8700008392334	1121600	29.6299991607666	28.4200000762939	28.4200000762939	29.6000003814697	1293700	30.9400005340576	29.3299999237061	29.6399993896484	30.7999992370605	1257500	31.3400001525879	30.3999996185303	30.8700008392334	30.8999996185303	1228900	32.1300010681152	30.4799995422363	30.4799995422363	31.8600006103516	2187900	32.2299995422363	31.4599990844727	31.7000007629395	31.6100006103516	676800	32.0900001525879	31.2399997711182	31.6800003051758	31.7600002288818	898500	32.2799987792969	31.0699996948242	31.7600002288818	31.1100006103516	803900	31.3500003814697	30.7600002288818	30.8299999237061	30.7999992370605	2025300	31.4400005340576	30.3799991607666	30.7900009155273	30.6499996185303	1272700	30.4500007629395	29.0100002288818	30.4500007629395	29.1100006103516	1034400	30.2999992370606	29	29.5300006866455	29.0900001525879	958400	29.3799991607666	28.5300006866455	28.8799991607666	28.8500003814697	1278700	29.4200000762939	28.6599998474121	28.6599998474121	29.25	1113500	29.7999992370606	28.8600006103516	29.25	28.8999996185303	1751700	29.3799991607666	28.5699996948242	28.8199996948242	29	935600	29.3099994659424	28.670000076294	28.7900009155273	28.8799991607666	14323900	29.6299991607666	28.5	28.9599990844727	29.5100002288818	1260000	29.8899993896484	29	29.4500007629395	29.8299999237061	1028700	29.9500007629395	28.7199993133545	29.75	28.8199996948242	1425400	28.7900009155273	28.1100006103516	28.7099990844727	28.5699996948242	803600	28.9500007629395	28.2900009155273	28.5699996948242	28.75	10427000	29.3600006103516	28.4799995422363	28.7900009155273	29.1399993896484	1014800	30.3999996185303	28.5900001525879	29.3700008392334	28.9699993133545	735500	29.2199993133545	28.5799999237061	28.8999996185303	29.1900005340576	833600	29.2399997711182	28.4200000762939	29.1599998474121	28.7299995422363	761400	29.1100006103516	28.1900005340576	28.8700008392334	28.8400001525879	969800	29.2099990844727	28.5499992370606	28.9300003051758	28.6900005340576	1309000	29.1000003814697	28.5900001525879	28.5900001525879	28.9799995422363	460800	29.3099994659424	28.7700004577637	29.1399993896484	29.3099994659424	792600	30.6599998474121	29.1200008392334	29.5400009155273	30.6100006103516	851100	30.8999996185303	29.9899997711182	30.8600006103516	30.0100002288818	1303700	30.5400009155273	28.670000076294	30.2099990844727	29.8400001525879	835800	31.8299999237061	29.9400005340576	30.1900005340576	31.7399997711182	797100	32.6599998474121	31.5699996948242	31.7299995422363	31.6499996185303	762000	32.560001373291	31.0699996948242	31.6000003814697	31.2999992370606	864400	31.5200004577637	30.9200000762939	31.4799995422363	31.3400001525879	1526200	31.5900001525879	30.7600002288818	31.3500003814697	31.5300006866455																																													
2024-05-23	2024-05-23	FOUR	Shift4 Payments, Inc.	Isaacman Jared	COB, CEO, 10%	P - Purchase	64.04	39135	621,962	+7%	+$2,506,108	2506205.4	19:08:59	0	1464800	67.870002746582	63.2999992370606	67.1900024414063	64.0599975585938	1564500	68.5599975585938	65.2900009155274	65.6500015258789	68.2900009155274	958900	69.0599975585938	66.5999984741211	68.5299987792969	67.0100021362305	548000	66.9400024414063	65.0999984741211	65.9000015258789	66.4100036621094	729400	67.1699981689453	65.2699966430664	67.0599975585938	65.620002746582	875200	67.370002746582	65.0800018310547	66.1100006103516	67.2799987792969	1439200	70.4700012207031	67.6699981689453	67.7099990844727	70.1500015258789	1020200	72.2300033569336	69.1600036621094	69.2600021362305	70.5400009155274	1014300	72.1900024414063	70.3600006103516	70.5899963378906	70.8000030517578	1149600	70.3209991455078	68.3300018310547	70.0100021362305	69.7200012207031	2260400	73.9400024414063	71.0500030517578	72	72.5299987792969	1138000	73.5199966430664	71.1699981689453	71.2600021362305	73.2399978637695	1150200	73.9800033569336	71.9700012207031	73.0299987792969	73.3499984741211	858400	74.9400024414063	72.4599990844727	74.870002746582	72.7699966430664	1392700	74.0899963378906	71.5100021362305	72.9499969482422	71.6399993896484	1499600	72.4400024414063	68.2900009155274	71.1999969482422	69.7200012207031	1115300	71.9400024414063	69.3899993896484	71.2799987792969	70.879997253418	1286900	70.5670013427734	68.0699996948242	70.120002746582	69.0400009155274	967400	71.5	68.8960037231445	68.9899978637695	70.620002746582	1425800	71.3450012207031	69.0599975585938	70.1699981689453	71.1399993896484	757200	71.7360000610352	70.0400009155274	70.9199981689453	70.7399978637695	728200	71.1900024414063	69.9000015258789	70.6600036621094	70.379997253418	907900	71.8600006103516	69.2900009155274	69.9899978637695	71.75	949300	73.6309967041016	71.0400009155273	71.4899978637695	73.3199996948242	2069700	74.4499969482422	72.6399993896484	73.4599990844727	73.3499984741211	947600	73.8899993896484	72.1999969482422	73.5699996948242	73.8399963378906	762200	74.1999969482422	72.7099990844727	73.4000015258789	73.5500030517578	696500	73.9700012207031	72.2799987792969	73.5999984741211	72.8499984741211	957800	73.3600006103516	71.7829971313477	72.620002746582	73.1800003051758	1099000	75.2799987792969	73.0500030517578	73.4700012207031	73.3600006103516	681700	73.3899993896484	71.7099990844727	73.370002746582	72.129997253418	2064900	72.3300018310547	67.4199981689453	72.0899963378906	67.4300003051758	1135200	70.3600006103516	67.8099975585938	68.2099990844727	69.7699966430664	706400	70.7279968261719	69.6999969482422	70.3000030517578	70.4700012207031	924900	72.0400009155274	69.3499984741211	70.5	71.9899978637695	951400	73.6600036621094	71.1500015258789	72.1399993896484	73.0999984741211	1169900	73.4700012207031	70.620002746582	73.1100006103516	70.7799987792969	1999900	71.4130020141602	66.4199981689453	71	66.7099990844727	2363900	67.120002746582	65.2200012207031	66.6999969482422	66.3300018310547																																																		
2024-05-22	2024-05-20	SOC	Sable Offshore Corp.	Flores James C	COB, CEO, 10%	P - Purchase	13.74	1e+05	10,588,750	+1%	+$1,374,150	1374000	20:36:41	2	483400	13.8999996185303	13.3500003814697	13.7600002288818	13.6099996566772	303500	13.6800003051758	13.0799999237061	13.6000003814697	13.1400003433228	245300	13.2399997711182	12.7299995422363	13.0900001525879	12.7399997711182	317800	13.7299995422363	12.8199996948242	13.7299995422363	13.3599996566772	494000	14.7399997711182	13.6149997711182	13.75	14.6300001144409	429200	15.2299995422363	13.960000038147	14.6199998855591	14.9899997711182	332500	15.1800003051758	14.4700002670288	14.8299999237061	15.039999961853	180400	15.0200004577637	14.6199998855591	14.9200000762939	15	979100	15.5	14.9399995803833	15.1599998474121	15.3900003433228	419700	15.6999998092651	14.4399995803833	15.5900001525879	14.4700002670288	212300	14.539999961853	14.1499996185303	14.4700002670288	14.5200004577637	207500	14.7799997329712	14.3500003814697	14.5	14.6899995803833	203700	15.1999998092651	14.5699996948242	14.8400001525879	14.8800001144409	225000	15.0500001907349	14.7600002288818	14.8000001907349	14.8199996948242	541600	15.6599998474121	14.8199996948242	14.9899997711182	15.1999998092651	362900	15.3999996185303	14.75	15.0699996948242	14.8599996566772	314100	15.1300001144409	14.6999998092651	14.7600002288818	14.8100004196167	245300	15.039999961853	14.4499998092651	14.6899995803833	14.8400001525879	272300	15.2200002670288	14.710000038147	14.8500003814697	14.7799997329712	380600	15.210000038147	14.5900001525879	14.5900001525879	15.0200004577637	464300	15.5690002441406	14.8800001144409	15.0100002288818	15.3699998855591	474400	15.8000001907349	14.4700002670288	15.6800003051758	14.4799995422363	3572300	14.6199998855591	13.75	14.1800003051758	14.4399995803833	332900	14.9399995803833	14.2799997329712	14.6000003814697	14.8199996948242	345700	15.1199998855591	14.2399997711182	14.7700004577637	14.2399997711182	321400	14.6300001144409	13.7700004577637	14.210000038147	14.4499998092651	308800	15.2299995422363	14.1899995803833	14.5600004196167	14.6099996566772	7645000	15.3900003433228	14.5500001907349	14.6999998092651	15.0699996948242	463800	15.3999996185303	14.6999998092651	15.0500001907349	15.3999996185303	642600	15.6700000762939	15.1700000762939	15.5699996948242	15.6700000762939	166200	15.9399995803833	15.4499998092651	15.8599996566772	15.789999961853	375300	15.8199996948242	15.3900003433228	15.6199998855591	15.6000003814697	746600	16.3999996185303	15.5900001525879	15.6000003814697	15.9300003051758	227000	16.3199996948242	15.1700000762939	16.0799999237061	15.1899995803833	288600	15.4300003051758	15.0019998550415	15.1000003814697	15.4099998474121	1039200	16.9400005340576	15.3000001907349	16.9400005340576	15.5799999237061	342300	16.1399993896484	15.75	15.960000038147	16	577300	16.5400009155273	16	16.1000003814697	16.4599990844727	779100	16.5599994659424	15.6300001144409	16.5599994659424	15.6300001144409	537800	16.1900005340576	15.2200002670288	15.8000001907349	16.0599994659424	193200	16.3500003814697	15.8000001907349	15.9499998092651	15.9300003051758	175500	16.2000007629395	15.8599996566772	15.9499998092651	16.1599998474121																																			
2024-05-22	2024-05-20	SOC	Sable Offshore Corp.	Flores James Caldwell	COB, CEO, 10%	P - Purchase	13.74	1e+05	10,588,750	+1%	+$1,374,150	1374000	16:30:13	2	483400	13.8999996185303	13.3500003814697	13.7600002288818	13.6099996566772	303500	13.6800003051758	13.0799999237061	13.6000003814697	13.1400003433228	245300	13.2399997711182	12.7299995422363	13.0900001525879	12.7399997711182	317800	13.7299995422363	12.8199996948242	13.7299995422363	13.3599996566772	494000	14.7399997711182	13.6149997711182	13.75	14.6300001144409	429200	15.2299995422363	13.960000038147	14.6199998855591	14.9899997711182	332500	15.1800003051758	14.4700002670288	14.8299999237061	15.039999961853	180400	15.0200004577637	14.6199998855591	14.9200000762939	15	979100	15.5	14.9399995803833	15.1599998474121	15.3900003433228	419700	15.6999998092651	14.4399995803833	15.5900001525879	14.4700002670288	212300	14.539999961853	14.1499996185303	14.4700002670288	14.5200004577637	207500	14.7799997329712	14.3500003814697	14.5	14.6899995803833	203700	15.1999998092651	14.5699996948242	14.8400001525879	14.8800001144409	225000	15.0500001907349	14.7600002288818	14.8000001907349	14.8199996948242	541600	15.6599998474121	14.8199996948242	14.9899997711182	15.1999998092651	362900	15.3999996185303	14.75	15.0699996948242	14.8599996566772	314100	15.1300001144409	14.6999998092651	14.7600002288818	14.8100004196167	245300	15.039999961853	14.4499998092651	14.6899995803833	14.8400001525879	272300	15.2200002670288	14.710000038147	14.8500003814697	14.7799997329712	380600	15.210000038147	14.5900001525879	14.5900001525879	15.0200004577637	464300	15.5690002441406	14.8800001144409	15.0100002288818	15.3699998855591	474400	15.8000001907349	14.4700002670288	15.6800003051758	14.4799995422363	3572300	14.6199998855591	13.75	14.1800003051758	14.4399995803833	332900	14.9399995803833	14.2799997329712	14.6000003814697	14.8199996948242	345700	15.1199998855591	14.2399997711182	14.7700004577637	14.2399997711182	321400	14.6300001144409	13.7700004577637	14.210000038147	14.4499998092651	308800	15.2299995422363	14.1899995803833	14.5600004196167	14.6099996566772	7645000	15.3900003433228	14.5500001907349	14.6999998092651	15.0699996948242	463800	15.3999996185303	14.6999998092651	15.0500001907349	15.3999996185303	642600	15.6700000762939	15.1700000762939	15.5699996948242	15.6700000762939	166200	15.9399995803833	15.4499998092651	15.8599996566772	15.789999961853	375300	15.8199996948242	15.3900003433228	15.6199998855591	15.6000003814697	746600	16.3999996185303	15.5900001525879	15.6000003814697	15.9300003051758	227000	16.3199996948242	15.1700000762939	16.0799999237061	15.1899995803833	288600	15.4300003051758	15.0019998550415	15.1000003814697	15.4099998474121	1039200	16.9400005340576	15.3000001907349	16.9400005340576	15.5799999237061	342300	16.1399993896484	15.75	15.960000038147	16	577300	16.5400009155273	16	16.1000003814697	16.4599990844727	779100	16.5599994659424	15.6300001144409	16.5599994659424	15.6300001144409	537800	16.1900005340576	15.2200002670288	15.8000001907349	16.0599994659424	193200	16.3500003814697	15.8000001907349	15.9499998092651	15.9300003051758	175500	16.2000007629395	15.8599996566772	15.9499998092651	16.1599998474121																																			
2024-05-14	2024-05-14	FOUR	Shift4 Payments, Inc.	Isaacman Jared	COB, CEO, 10%	P - Purchase	67.09	85916	582,827	+17%	+$5,764,465	5764104.44	17:00:13	0	2152700	68.5	64.9300003051758	66	65	3945400	72.4300003051758	67.6699981689453	69.1999969482422	72.1600036621094	1670600	71.7600021362305	68.8000030517578	71.6800003051758	68.8300018310547	912700	69.2109985351563	67.5199966430664	68.9000015258789	67.620002746582	890800	69.3050003051758	67.8099975585938	67.8499984741211	68.8199996948242	869400	68.75	67.0100021362305	68.2300033569336	67.8399963378906	1109500	68.8000030517578	66.2300033569336	67.629997253418	66.5999984741211	1464800	67.870002746582	63.2999992370606	67.1900024414063	64.0599975585938	1564500	68.5599975585938	65.2900009155274	65.6500015258789	68.2900009155274	958900	69.0599975585938	66.5999984741211	68.5299987792969	67.0100021362305	548000	66.9400024414063	65.0999984741211	65.9000015258789	66.4100036621094	729400	67.1699981689453	65.2699966430664	67.0599975585938	65.620002746582	875200	67.370002746582	65.0800018310547	66.1100006103516	67.2799987792969	1439200	70.4700012207031	67.6699981689453	67.7099990844727	70.1500015258789	1020200	72.2300033569336	69.1600036621094	69.2600021362305	70.5400009155274	1014300	72.1900024414063	70.3600006103516	70.5899963378906	70.8000030517578	1149600	70.3209991455078	68.3300018310547	70.0100021362305	69.7200012207031	2260400	73.9400024414063	71.0500030517578	72	72.5299987792969	1138000	73.5199966430664	71.1699981689453	71.2600021362305	73.2399978637695	1150200	73.9800033569336	71.9700012207031	73.0299987792969	73.3499984741211	858400	74.9400024414063	72.4599990844727	74.870002746582	72.7699966430664	1392700	74.0899963378906	71.5100021362305	72.9499969482422	71.6399993896484	1499600	72.4400024414063	68.2900009155274	71.1999969482422	69.7200012207031	1115300	71.9400024414063	69.3899993896484	71.2799987792969	70.879997253418	1286900	70.5670013427734	68.0699996948242	70.120002746582	69.0400009155274	967400	71.5	68.8960037231445	68.9899978637695	70.620002746582	1425800	71.3450012207031	69.0599975585938	70.1699981689453	71.1399993896484	757200	71.7360000610352	70.0400009155274	70.9199981689453	70.7399978637695	728200	71.1900024414063	69.9000015258789	70.6600036621094	70.379997253418	907900	71.8600006103516	69.2900009155274	69.9899978637695	71.75	949300	73.6309967041016	71.0400009155273	71.4899978637695	73.3199996948242	2069700	74.4499969482422	72.6399993896484	73.4599990844727	73.3499984741211	947600	73.8899993896484	72.1999969482422	73.5699996948242	73.8399963378906	762200	74.1999969482422	72.7099990844727	73.4000015258789	73.5500030517578	696500	73.9700012207031	72.2799987792969	73.5999984741211	72.8499984741211	957800	73.3600006103516	71.7829971313477	72.620002746582	73.1800003051758	1099000	75.2799987792969	73.0500030517578	73.4700012207031	73.3600006103516	681700	73.3899993896484	71.7099990844727	73.370002746582	72.129997253418	2064900	72.3300018310547	67.4199981689453	72.0899963378906	67.4300003051758	1135200	70.3600006103516	67.8099975585938	68.2099990844727	69.7699966430664	706400	70.7279968261719	69.6999969482422	70.3000030517578	70.4700012207031																																								
2024-05-07	2024-05-07	RHP	Ryman Hospitality Properties, Inc.	Reed Colin V	Exec. COB	P - Purchase	106.4	13800	1,392,432	+1%	+$1,468,265	1468320	15:24:15	0	813700	107.069999694824	105.319999694824	106.279998779297	106.419998168945	574900	106.080001831055	103.599998474121	105.779998779297	104.129997253418	617900	105.930000305176	102.819999694824	104.089996337891	105.410003662109	524600	106.180000305176	105.069999694824	105.889999389648	105.940002441406	438900	106.839996337891	104.290000915527	106.709999084473	105.01000213623	796300	106.709999084473	104.959999084473	106.169998168945	105.660003662109	529200	107.559997558594	106.01000213623	106.849998474121	106.040000915527	262300	107.089996337891	105.73999786377	106.050003051758	106.809997558594	311300	107.300003051758	105.139999389648	107.300003051758	105.370002746582	318300	106.150001525879	104.980003356934	105.269996643066	106.040000915527	298000	105.930000305176	103.879997253418	105.930000305176	104.459999084473	327800	105.309997558594	103.790000915527	104.339996337891	104.139999389648	356700	104.98999786377	102.650001525879	104.300003051758	103.019996643066	382700	105.440002441406	103.339996337891	103.540000915527	104.75	367400	105.440002441406	104.069999694824	105.279998779297	104.669998168945	447800	104.23999786377	102.51000213623	103.779998779297	103.51000213623	313100	104.519996643066	103.430000305176	103.98999786377	103.860000610352	539800	105.410003662109	103.650001525879	104.150001525879	105.069999694824	267000	106.019996643066	104.580001831055	105.709999084473	106.01000213623	287800	106.480003356934	105.029998779297	105.430000305176	105.220001220703	288300	106.529998779297	103	105.660003662109	103.919998168945	376600	104.180000305176	102.5	103.660003662109	102.699996948242	388600	102.25	101.019996643066	101.949996948242	101.349998474121	711000	101.029998779297	99.120002746582	100.459999084473	100	531400	99.9199981689453	98.5299987792969	99.620002746582	98.7300033569336	377600	102.440002441406	99.6100006103516	100.959999084473	100.830001831055	288800	101.129997253418	99.5199966430664	101.059997558594	100.050003051758	562700	99.4000015258789	97.879997253418	98.879997253418	98.8300018310547	333800	100.01000213623	98.2799987792969	98.4499969482422	99.9599990844727	410900	100.400001525879	98.5299987792969	100.139999389648	99.0400009155274	262800	99.1500015258789	98.0800018310547	98.4599990844727	98.6500015258789	740400	99.6699981689453	97.6500015258789	99	99.620002746582	704400	100.599998474121	98.5699996948242	99.6399993896484	98.629997253418	335800	98.6800003051758	96.7099990844727	98.629997253418	97.2099990844727	567900	97.1100006103516	95.4400024414062	96.4899978637695	95.8600006103516	474100	98.0800018310547	95.6600036621094	96.1399993896485	98.0299987792969	1077000	100.230003356934	97.5999984741211	97.8199996948242	99.8600006103516	407500	100	97.8300018310547	99.9700012207031	98.1800003051758	209400	98.5899963378906	97.379997253418	98.5899963378906	98.0800018310547	222000	99.4800033569336	98.1900024414062	98.5699996948242	98.75	215600	98.75	97.8600006103516	98.3899993896484	98.4199981689453																																								
2024-05-02	2024-05-02	SWKS	Skyworks Solutions, Inc.	Griffin Liam	COB, CEO, Pres	P - Purchase	90	11142	153,431	+8%	+$1,002,780	1002780	16:03:26	0	4018700	92.2399978637695	89.0899963378906	91.0100021362305	89.7200012207031	3562800	93.4899978637695	90.9000015258789	92.1900024414063	92.5100021362305	2145000	92.9800033569336	91.5	92.7900009155274	91.7799987792969	1686100	93.4700012207031	92.0800018310547	92.4400024414063	92.5599975585938	1845400	93.3099975585938	91.5100021362305	91.75	93.2399978637695	2366900	93.2200012207031	92.0299987792969	92.8000030517578	92.25	1772700	92.75	91.2900009155273	92.4499969482422	92.1999969482422	1661700	94.0899963378906	92.3899993896484	92.3899993896484	93.9000015258789	1815800	95.7099990844727	94.2200012207031	94.7399978637695	94.4199981689453	2399400	95.25	93.370002746582	95.25	94.3899993896484	2197000	95.2399978637695	93.5999984741211	94.0100021362305	94.0899963378906	1572300	94.8000030517578	92.8099975585937	94.8000030517578	93.620002746582	1806100	94.620002746582	93.0199966430664	93.1600036621094	94.0500030517578	1631400	93.4400024414063	91.5500030517578	92.6800003051758	92.4499969482422	2314600	93.8399963378906	92.1800003051758	93.3600006103516	93.4300003051758	2289600	94.1100006103516	90.6100006103516	94.0899963378906	91.2099990844727	1705900	92.4800033569336	91.379997253418	92.1500015258789	92.1600036621094	2568200	93.129997253418	90.8199996948242	92.5100021362305	91.3499984741211	2417300	91	89.879997253418	90	90.0199966430664	1914900	91.620002746582	90	90.7200012207031	90.6800003051758	2445500	92.75	89.5299987792969	91	92.6600036621094	1756500	93.379997253418	90.370002746582	93.3099975585938	91.3899993896484	2115500	91.4499969482422	89.5800018310547	91.4100036621094	90.6800003051758	2075600	92.3499984741211	90.120002746582	91.5	92.2799987792969	1556700	92.3199996948242	90.7600021362305	91.7200012207031	91.7200012207031	1304100	91.8099975585938	90.4899978637695	91.5899963378906	90.8099975585938	2431200	94.3399963378906	90	90.0800018310547	93.5199966430664	3307500	96.4300003051758	91.7600021362305	93.0599975585938	96.2200012207031	6255100	103.849998474121	97.75	97.879997253418	102.639999389648	5540800	107	101.930000305176	102.889999389648	106.330001831055	3280300	105.889999389648	103.980003356934	105.269996643066	104.370002746582	2293100	106.860000610352	103.279998779297	104.309997558594	106.300003051758	2248800	107.080001831055	105.449996948242	106.160003662109	106.459999084473	2671900	107.589996337891	105.440002441406	107.379997253418	105.800003051758	5346200	106.669998168945	104.76000213623	105.300003051758	106.379997253418	2695200	107.059997558594	104.830001831055	105.470001220703	104.959999084473	2393700	108.110000610352	105.050003051758	105.519996643066	107.379997253418	2670300	107.519996643066	105.050003051758	106.470001220703	106.139999389648	2434800	106.690002441406	104.830001831055	106.190002441406	105.599998474121	2365000	107.5	105.949996948242	106.449996948242	106.580001831055																																													
2024-05-01	2024-05-01	CLF	Cleveland-Cliffs Inc.	Goncalves Lourenco	COB, Pres, CEO	P - Purchase	16.76	60000	5,759,089	+1%	+$1,005,666	1005600	15:49:02	0	15883400	17.0799999237061	16.5	16.9799995422363	16.7000007629395	8434300	17.2900009155273	16.8600006103516	16.9699993133545	17.2800006866455	6880900	17.6599998474121	17.3099994659424	17.4400005340576	17.6000003814697	8779200	17.9500007629395	17.1299991607666	17.7800006866455	17.2000007629395	7594200	17.6399993896484	17.25	17.25	17.3099994659424	6269000	17.2399997711182	17.0599994659424	17.1200008392334	17.2399997711182	6166300	17.5699996948242	17.1900005340576	17.1900005340576	17.4500007629395	5123000	17.5699996948242	17.2600002288818	17.5	17.3199996948242	7049200	17.7999992370605	17.3500003814697	17.3500003814697	17.7000007629395	5958800	18.0400009155273	17.7199993133545	17.8899993896484	17.7999992370605	6018100	18.1000003814697	17.6399993896484	17.9899997711182	17.8799991607666	4477800	18.0300006866455	17.6499996185303	17.9099998474121	17.6700000762939	5140600	17.7199993133545	17.3799991607666	17.7000007629395	17.5100002288818	7277900	17.8600006103516	17.3899993896484	17.6900005340576	17.7099990844727	7299200	17.7700004577637	17.2299995422363	17.6499996185303	17.5100002288818	6925900	17.3899993896484	16.9599990844727	17.3400001525879	17.1499996185303	6615300	17.2999992370605	16.7299995422363	17.2099990844727	16.9200000762939	3774800	17.1599998474121	16.8600006103516	17.1599998474121	16.9099998474121	5607100	17.25	16.8199996948242	16.9699993133545	16.9400005340576	4816600	16.9899997711182	16.6399993896484	16.6900005340576	16.7700004577637	5394200	16.9799995422363	16.6700000762939	16.7700004577637	16.8299999237061	10145900	17.3400001525879	16.7600002288818	16.8500003814697	17.2800006866455	6342300	17.4099998474121	17.1499996185303	17.2700004577637	17.1599998474121	7479200	17	16.4899997711182	16.9699993133545	16.5	8518600	16.5400009155273	16.0900001525879	16.5300006866455	16.1200008392334	9086000	16.25	15.960000038147	15.9799995422363	16.0499992370605	9239300	15.9399995803833	15.5500001907349	15.8199996948242	15.8000001907349	6796700	15.8100004196167	15.5600004196167	15.6800003051758	15.6499996185303	18082000	15.2799997329712	14.7799997329712	15.1999998092651	15.1300001144409	9645000	15.3000001907349	14.8999996185303	15.2600002288818	15.0699996948242	10992800	15.0500001907349	14.6000003814697	15.039999961853	14.8599996566772	11475200	14.9799995422363	14.4700002670288	14.5900001525879	14.9099998474121	13076600	15	14.4200000762939	14.8199996948242	14.8400001525879	11250900	15.1800003051758	14.4899997711182	14.8999996185303	14.710000038147	9104200	14.9200000762939	14.6499996185303	14.7799997329712	14.6700000762939	27936100	14.8999996185303	14.4099998474121	14.6499996185303	14.8000001907349	9695800	15.0600004196167	14.6800003051758	14.8299999237061	14.7399997711182	9069300	14.6999998092651	14.289999961853	14.6999998092651	14.4499998092651	13564500	14.9700002670288	14.3199996948242	14.3199996948242	14.9300003051758	8637800	15.0699996948242	14.789999961853	14.8999996185303	15	17594500	15.7700004577637	15.2299995422363	15.2299995422363	15.3900003433228																																								
2024-04-29	2024-04-26	HXL	Hexcel Corp /de/	Stanage Nick L	COB, CEO, Pres	P - Purchase	64.29	15000	392,446	+4%	+$964,350	964350	16:01:44	3	994900	64.8499984741211	63.7900009155274	64.0599975585938	64.1600036621094	1131300	65.4599990844727	64.1900024414063	64.3199996948242	65.4300003051758	1715800	67.3300018310547	63.9900016784668	66.8899993896484	64.2099990844727	1642300	67.0500030517578	64.7399978637695	64.7399978637695	66.2900009155274	1560900	68.1600036621094	66.75	66.75	67.870002746582	1255800	69.2699966430664	68.0299987792969	69.2699966430664	68.1600036621094	1234800	70.5899963378906	68.620002746582	68.620002746582	70.4000015258789	1305000	71.4599990844727	69.9100036621094	69.9100036621094	71.1800003051758	1463300	73.2799987792969	71.7200012207031	72.4499969482422	72.6500015258789	1027800	73.4199981689453	72.3199996948242	72.5	73.2799987792969	1036300	73.5800018310547	71.9700012207031	73.5800018310547	72.0299987792969	735100	72.9499969482422	71.5100021362305	72.4300003051758	71.5299987792969	625200	72.8600006103516	72.0299987792969	72.1500015258789	72.7699966430664	438700	73.2399978637695	72.4199981689453	72.9800033569336	72.6699981689453	602200	72.8399963378906	72.2099990844727	72.6600036621094	72.4400024414063	469500	72.7799987792969	71.9400024414063	72.5100021362305	71.9700012207031	891100	72.2399978637695	71.0999984741211	72.2399978637695	71.379997253418	868800	71.5100021362305	70.2200012207031	71.2399978637695	70.4100036621094	681000	71.4000015258789	70.1600036621094	70.1699981689453	71.2900009155274	815000	71.7200012207031	68.6399993896484	71.7200012207031	68.9100036621094	610900	70.8899993896484	69.3499984741211	69.4400024414063	70.5299987792969	511000	70.6100006103516	69.2699966430664	70.6100006103516	69.7399978637695	509600	69.3499984741211	67.9800033569336	68.9499969482422	68.0299987792969	503900	69.4400024414063	68	68.2699966430664	69.0400009155274	860700	69.3499984741211	68.0899963378906	69.0800018310547	68.870002746582	779100	69.8399963378906	67.1600036621094	69.8399963378906	68.3600006103516	708300	68.3499984741211	66.75	68.120002746582	66.8399963378906	530300	68.1900024414063	66.7699966430664	67.0400009155274	67.879997253418	804800	67.8499984741211	66.1699981689453	67.5	66.5	576400	66.879997253418	65.879997253418	65.879997253418	66.5899963378906	736700	66.4300003051758	65.7399978637695	66.0400009155273	66.2099990844727	706800	66.0299987792969	64.620002746582	65.75	64.8499984741211	1124000	65.5100021362305	64.4800033569336	65.5100021362305	64.6399993896484	1811900	64.9599990844727	62.7799987792969	64.4100036621094	63.4300003051758	1422100	62.810001373291	61.6300010681152	62.810001373291	62.25	1176600	63.6500015258789	62	62	63.6300010681152	712200	63.9099998474121	63.1199989318848	63.4900016784668	63.2599983215332	871100	64.5699996948242	62.939998626709	63.0900001525879	64.4700012207031	1994200	65.5	64.3000030517578	65.2699966430664	65.0500030517578	1415700	66.0500030517578	63.2900009155274	65.129997253418	63.6500015258789	1035400	63.3899993896484	61.8400001525879	63.0099983215332	62.9300003051758	661100	62.7400016784668	62.0299987792969	62.3699989318848	62.5699996948242	838700	63.6699981689453	62.0800018310547	62.7000007629395	63.6199989318848																														
2024-04-26	2024-04-25	MSCI	Msci Inc.	Fernandez Henry A	COB, CEO	P - Purchase	465.92	13000	2,103,546	+1%	+$6,056,955	6056960	09:19:56	1	1469600	474.320007324219	458.920013427734	466.880004882813	464.489990234375	1040900	479.329986572266	463.160003662109	465.230010986328	477.779998779297	982500	483	472.540008544922	480.480010986328	476.980010986328	932600	482.149993896484	464.820007324219	475.670013427734	465.790008544922	920100	480.480010986328	463.350006103516	465.540008544922	470.029998779297	767800	471.980010986328	458.690002441406	471.290008544922	467.700012207031	826500	474.899993896484	466.359985351563	473.260009765625	467.040008544922	1084800	480.260009765625	470.010009765625	471.950012207031	475.489990234375	852700	479.230010986328	471.339996337891	479.230010986328	471.399993896484	811400	474.869995117188	468.429992675781	470.279998779297	470.75	760100	484.5	472.380004882813	472.850006103516	482.5	544700	487.880004882813	482.279998779297	483.799987792969	485.160003662109	448400	493.140014648438	484	488.239990234375	485.570007324219	738900	494.350006103516	482.690002441406	490	488.109985351563	773500	493.850006103516	487	490	490.059997558594	931500	503.519989013672	488.070007324219	488.529998779297	497.510009765625	878500	505.660003662109	495.200012207031	500.880004882813	505.329986572266	569800	512.619995117188	502.540008544922	502.540008544922	512.260009765625	798400	515.469970703125	502.549987792969	511.290008544922	505.529998779297	655300	507.630004882813	499.070007324219	507.630004882813	503.829986572266	1178500	507.799987792969	489.820007324219	505.559997558594	490.399993896484	482900	495.600006103516	487.970001220703	492.850006103516	493	715000	496.260009765625	488.619995117188	493	495.700012207031	663500	493.350006103516	487	491.079986572266	489.739990234375	508900	491.350006103516	483.459991455078	489	489.519989013672	701600	495.619995117188	485.359985351563	487.890014648438	495.179992675781	789900	495.869995117188	483.980010986328	494.220001220703	490.5	438000	495.320007324219	488.910003662109	491.100006103516	493.190002441406	481400	501.5	486.869995117188	494.279998779297	498.309997558594	722100	502.869995117188	491.760009765625	498.079986572266	493.089996337891	394200	496.160003662109	490	491.899993896484	491.690002441406	473000	489.429992675781	482.910003662109	488.089996337891	484.010009765625	574200	486.690002441406	480.559997558594	482.790008544922	484.480010986328	494600	493.170013427734	486.859985351563	490.309997558594	487.940002441406	483000	488.079986572266	482.420013427734	486.220001220703	484.279998779297	534000	482.940002441406	476.540008544922	478.989990234375	480.529998779297	492000	487.609985351563	477.309997558594	479.160003662109	484.779998779297	732700	487.070007324219	475.320007324219	484.440002441406	476.519989013672	669900	484.989990234375	478.119995117188	478.880004882813	482.790008544922	702200	486.600006103516	480.359985351563	481.380004882813	486.320007324219	383100	492.75	483.660003662109	486.149993896484	489.160003662109																																								
